Invoice_ID,Branch,Age _Group,Gender,City,Category,Invoice_Amount,Date,Payment_Method,Customer_Rating
1,WALM003,55+,Female,"Boise, ID",Health and beauty,522.83,6/14/21,Ewallet,9.1
2,WALM048,45-54,Female,"Nashville, TN",Electronic accessories,76.4,3/20/20,Cash,9.6
3,WALM067,18-24,Non-Binary,"New York City, NY",Home and lifestyle,324.31,9/30/19,Credit card,7.4
4,WALM064,45-54,Non-Binary,"Baltimore, MD",Health and beauty,465.76,1/24/20,Ewallet,8.4
5,WALM013,35-44,Male,"Chicago, IL",Sports and travel,604.17,7/14/19,Ewallet,5.3
6,WALM026,18-24,Non-Binary,"Birmingham, AL",Electronic accessories,597.73,7/4/20,Ewallet,4.1
7,WALM088,18-24,Prefer Not to Say,"Providence, RI",Electronic accessories,413.04,6/12/21,Ewallet,5.8
8,WALM100,55+,Non-Binary,"Baltimore, MD",Home and lifestyle,735.6,3/7/23,Ewallet,8
9,WALM066,55+,Female,"Little Rock, AR",Health and beauty,72.52,1/9/23,Credit card,7.2
10,WALM065,55+,Female,"Louisville, KY",Food and beverages,164.52,4/11/23,Credit card,5.9
11,WALM013,25-34,Female,"Honolulu, HI",Fashion accessories,57.92,5/23/21,Ewallet,4.5
12,WALM035,55+,Non-Binary,"Detroit, MI",Electronic accessories,102.04,11/1/23,Cash,6.8
13,WALM027,25-34,Prefer Not to Say,"Charleston, SC",Electronic accessories,234.75,10/2/22,Ewallet,7.1
14,WALM035,35-44,Male,"Anchorage, AK",Food and beverages,431.9,9/27/22,Ewallet,8.2
15,WALM031,35-44,Male,"Honolulu, HI",Health and beauty,713.8,4/15/19,Cash,5.7
16,WALM008,25-34,Non-Binary,"Indianapolis, IN",Sports and travel,562.32,10/18/22,Cash,4.5
17,WALM029,18-24,Male,"Seattle, WA",Health and beauty,482.51,3/23/23,Credit card,4.6
18,WALM061,18-24,Non-Binary,"Virginia Beach, VA",Sports and travel,435.66,3/24/22,Credit card,6.9
19,WALM053,18-24,Prefer Not to Say,"Birmingham, AL",Food and beverages,164.01,7/24/19,Credit card,8.6
20,WALM013,35-44,Female,"Baltimore, MD",Home and lifestyle,80.6,11/22/21,Ewallet,4.4
21,WALM044,55+,Female,"Indianapolis, IN",Electronic accessories,430.2,12/10/21,Ewallet,4.8
22,WALM088,25-34,Non-Binary,"Charleston, SC",Health and beauty,263.94,11/21/23,Ewallet,5.1
23,WALM083,45-54,Non-Binary,"Charlotte, NC",Home and lifestyle,66.4,12/9/22,Credit card,4.4
24,WALM067,55+,Female,"Nashville, TN",Electronic accessories,172.8,2/20/20,Ewallet,9.9
25,WALM023,35-44,Prefer Not to Say,"New Orleans, LA",Sports and travel,265.89,10/17/23,Ewallet,6
26,WALM001,55+,Male,"New York City, NY",Home and lifestyle,420.72,8/5/21,Credit card,8.5
27,WALM072,25-34,Female,"Hartford, CT",Fashion accessories,33.52,12/25/23,Cash,6.7
28,WALM046,45-54,Female,"Portland, OR",Fashion accessories,175.34,6/13/22,Credit card,7.7
29,WALM012,45-54,Non-Binary,"Milwaukee, WI",Food and beverages,441.8,12/19/19,Cash,9.6
30,WALM075,18-24,Prefer Not to Say,"Baltimore, MD",Health and beauty,224.01,8/5/21,Cash,7.4
31,WALM076,45-54,Female,"Charlotte, NC",Fashion accessories,470.65,10/30/19,Credit card,4.8
32,WALM098,25-34,Female,"Oklahoma City, OK",Sports and travel,702.63,7/5/20,Cash,4.5
33,WALM021,25-34,Prefer Not to Say,"Cheyenne, WY",Sports and travel,670.24,12/1/23,Cash,5.1
34,WALM096,25-34,Prefer Not to Say,"Seattle, WA",Health and beauty,193.16,8/11/22,Credit card,5.1
35,WALM022,18-24,Male,"Detroit, MI",Food and beverages,397.68,11/4/21,Ewallet,7.5
36,WALM095,18-24,Female,"Phoenix, AZ",Sports and travel,68.12,10/23/22,Ewallet,6.8
37,WALM041,25-34,Non-Binary,"Burlington, VT",Sports and travel,313.1,3/2/22,Ewallet,7
38,WALM070,25-34,Female,"Charleston, SC",Electronic accessories,547.92,3/19/19,Ewallet,4.7
39,WALM070,18-24,Non-Binary,"Billings, MT",Health and beauty,439.36,5/7/22,Ewallet,7.6
40,WALM030,18-24,Non-Binary,"Minneapolis, MN",Home and lifestyle,240.96,3/13/21,Cash,7.7
41,WALM033,45-54,Male,"Las Vegas, NV",Home and lifestyle,86.72,4/15/21,Ewallet,7.9
42,WALM088,45-54,Female,"Burlington, VT",Home and lifestyle,112.22,10/16/19,Cash,6.3
43,WALM079,45-54,Female,"Jackson, MS",Sports and travel,414.72,1/12/21,Cash,5.6
44,WALM042,18-24,Prefer Not to Say,"Wichita, KS",Food and beverages,789.6,3/23/21,Cash,7.6
45,WALM036,55+,Female,"Billings, MT",Health and beauty,30.74,4/19/20,Cash,7.2
46,WALM056,45-54,Female,"Providence, RI",Electronic accessories,375.84,1/22/22,Cash,9.5
47,WALM058,45-54,Male,"Little Rock, AR",Health and beauty,510.21,4/28/20,Credit card,8.4
48,WALM015,45-54,Male,"Charleston, WV",Food and beverages,180.09,2/23/19,Ewallet,4.1
49,WALM063,45-54,Non-Binary,"Philadelphia, PA",Electronic accessories,113.58,4/18/23,Credit card,8.1
50,WALM021,35-44,Non-Binary,"Cheyenne, WY",Fashion accessories,826.3,2/23/22,Ewallet,7.9
51,WALM089,25-34,Prefer Not to Say,"Minneapolis, MN",Food and beverages,639.8,12/15/22,Cash,9.5
52,WALM093,35-44,Female,"Birmingham, AL",Food and beverages,222.95,5/26/22,Cash,8.5
53,WALM041,55+,Female,"Salt Lake City, UT",Fashion accessories,71.48,12/21/21,Ewallet,6.5
54,WALM045,35-44,Non-Binary,"Milwaukee, WI",Fashion accessories,15.43,10/16/20,Credit card,6.1
55,WALM005,45-54,Non-Binary,"Phoenix, AZ",Home and lifestyle,32.32,12/21/19,Ewallet,6.5
56,WALM042,55+,Female,"Atlanta, GA",Electronic accessories,687.84,7/30/22,Cash,8.2
57,WALM003,45-54,Male,"Virginia Beach, VA",Home and lifestyle,88.68,10/9/19,Cash,5.8
58,WALM070,45-54,Non-Binary,"Omaha, NE",Health and beauty,716.8,8/2/19,Ewallet,6.6
59,WALM066,25-34,Prefer Not to Say,"Atlanta, GA",Home and lifestyle,723.5,12/22/22,Cash,5.4
60,WALM031,45-54,Prefer Not to Say,"Manchester, NH",Electronic accessories,183.66,10/16/23,Cash,9.3
61,WALM042,35-44,Male,"New Orleans, LA",Sports and travel,74.22,10/5/20,Credit card,10
62,WALM078,55+,Male,"Houston, TX",Home and lifestyle,334.38,3/12/23,Ewallet,7
63,WALM037,25-34,Female,"St. Louis, MO",Sports and travel,495.63,3/8/21,Ewallet,10
64,WALM069,18-24,Non-Binary,"Portland, ME",Sports and travel,158.1,8/25/23,Credit card,8.6
65,WALM087,18-24,Female,"Sioux Falls, SD",Health and beauty,302.96,6/30/19,Cash,7.6
66,WALM042,45-54,Non-Binary,"Albuquerque, NM",Health and beauty,158.7,9/2/19,Cash,5.8
67,WALM020,55+,Female,"Manchester, NH",Health and beauty,66.94,2/20/20,Ewallet,6.7
68,WALM029,25-34,Female,"Minneapolis, MN",Fashion accessories,585.66,1/9/22,Ewallet,9.9
69,WALM079,45-54,Male,"Omaha, NE",Sports and travel,787.7,2/13/23,Cash,6.4
70,WALM035,55+,Male,"Baltimore, MD",Health and beauty,18.33,6/27/23,Cash,4.3
71,WALM007,18-24,Female,"Wilmington, DE",Food and beverages,894.8,10/20/23,Credit card,9.6
72,WALM017,35-44,Female,"Charleston, WV",Fashion accessories,621.2,7/16/22,Cash,5.9
73,WALM096,25-34,Prefer Not to Say,"Virginia Beach, VA",Food and beverages,145.56,8/9/23,Ewallet,4
74,WALM083,35-44,Male,"Little Rock, AR",Electronic accessories,455.46,2/8/23,Cash,8.7
75,WALM072,45-54,Non-Binary,"Omaha, NE",Home and lifestyle,672.03,1/31/23,Ewallet,9.4
76,WALM003,25-34,Male,"Providence, RI",Electronic accessories,416.5,10/30/22,Credit card,5.4
77,WALM058,25-34,Male,"Hartford, CT",Fashion accessories,441.36,8/3/20,Credit card,8.6
78,WALM094,55+,Non-Binary,"Birmingham, AL",Fashion accessories,180.09,10/7/20,Credit card,5.7
79,WALM063,35-44,Female,"Little Rock, AR",Food and beverages,783.1,1/15/21,Ewallet,6.6
80,WALM071,35-44,Female,"Baltimore, MD",Health and beauty,101.9,11/7/19,Cash,6
81,WALM061,25-34,Male,"Las Vegas, NV",Health and beauty,595.14,9/10/22,Credit card,5.5
82,WALM090,18-24,Non-Binary,"Louisville, KY",Food and beverages,290.04,8/26/23,Ewallet,6.4
83,WALM061,35-44,Non-Binary,"Omaha, NE",Food and beverages,154,6/8/23,Ewallet,6.6
84,WALM041,25-34,Non-Binary,"Seattle, WA",Food and beverages,321.44,3/10/20,Ewallet,8.3
85,WALM097,55+,Male,"Baltimore, MD",Sports and travel,244.55,10/7/19,Cash,6.6
86,WALM043,18-24,Prefer Not to Say,"Omaha, NE",Sports and travel,581.42,4/17/20,Ewallet,4
87,WALM042,18-24,Non-Binary,"Chicago, IL",Fashion accessories,382.6,4/15/20,Cash,9.9
88,WALM046,18-24,Male,"Providence, RI",Food and beverages,345.66,12/26/19,Credit card,7.3
89,WALM011,45-54,Female,"Milwaukee, WI",Sports and travel,42.47,5/11/21,Cash,5.7
90,WALM064,55+,Male,"Columbus, OH",Health and beauty,461.94,4/21/21,Cash,6.1
91,WALM095,25-34,Female,"Milwaukee, WI",Home and lifestyle,189.52,1/26/23,Cash,7.1
92,WALM049,35-44,Female,"New York City, NY",Sports and travel,448.6,7/14/19,Ewallet,8.2
93,WALM040,45-54,Male,"Birmingham, AL",Sports and travel,153.86,3/26/20,Ewallet,5.1
94,WALM065,18-24,Female,"Anchorage, AK",Health and beauty,579.24,8/1/20,Credit card,8.6
95,WALM075,35-44,Female,"Providence, RI",Health and beauty,89.75,7/21/21,Credit card,6.6
96,WALM034,25-34,Female,"Providence, RI",Electronic accessories,97.16,9/1/20,Ewallet,7.2
97,WALM014,35-44,Prefer Not to Say,"Charleston, SC",Health and beauty,878.7,7/3/23,Ewallet,5.1
98,WALM096,25-34,Male,"Chicago, IL",Electronic accessories,74.7,9/18/22,Cash,4.1
99,WALM004,45-54,Prefer Not to Say,"Houston, TX",Food and beverages,158.25,10/15/23,Ewallet,9.3
100,WALM011,35-44,Female,"Detroit, MI",Home and lifestyle,496.2,8/13/23,Cash,7.4
101,WALM075,45-54,Non-Binary,"Jackson, MS",Fashion accessories,48.71,4/1/23,Cash,4.1
102,WALM057,18-24,Male,"Philadelphia, PA",Fashion accessories,706.95,12/8/22,Cash,7.2
103,WALM023,45-54,Female,"Chicago, IL",Electronic accessories,207.63,6/8/21,Cash,4.9
104,WALM012,55+,Male,"Charleston, SC",Food and beverages,349.56,3/6/21,Cash,9.9
105,WALM078,55+,Prefer Not to Say,"St. Louis, MO",Health and beauty,212.45,9/17/19,Cash,8
106,WALM055,25-34,Prefer Not to Say,"Providence, RI",Electronic accessories,886.7,9/13/19,Ewallet,7.3
107,WALM038,35-44,Male,"Albuquerque, NM",Fashion accessories,164.28,9/29/20,Credit card,7.9
108,WALM049,55+,Prefer Not to Say,"Boston, MA",Sports and travel,372.78,5/25/23,Cash,7.4
109,WALM044,55+,Female,"Boston, MA",Food and beverages,305.82,5/3/19,Cash,4.2
110,WALM056,35-44,Female,"Anchorage, AK",Electronic accessories,819.7,10/29/21,Cash,9.2
111,WALM007,35-44,Female,"Manchester, NH",Sports and travel,32.98,2/7/20,Ewallet,4.6
112,WALM025,55+,Non-Binary,"Charleston, SC",Health and beauty,294.63,4/15/22,Credit card,7.8
113,WALM005,45-54,Female,"Anchorage, AK",Fashion accessories,509.88,12/12/21,Cash,8.4
114,WALM024,18-24,Female,"Wilmington, DE",Home and lifestyle,522.63,6/21/22,Ewallet,4.3
115,WALM003,25-34,Female,"Oklahoma City, OK",Home and lifestyle,727.11,6/12/20,Credit card,9.5
116,WALM087,25-34,Prefer Not to Say,"Oklahoma City, OK",Fashion accessories,81.06,2/10/19,Credit card,7.1
117,WALM040,25-34,Prefer Not to Say,"New York City, NY",Fashion accessories,109.7,12/21/21,Ewallet,5.3
118,WALM071,55+,Non-Binary,"Detroit, MI",Fashion accessories,51.36,3/12/22,Ewallet,5.2
119,WALM027,25-34,Female,"Columbus, OH",Food and beverages,109.6,10/16/21,Ewallet,6
120,WALM071,25-34,Prefer Not to Say,"Orlando, FL",Home and lifestyle,106.88,8/13/23,Ewallet,4.1
121,WALM014,18-24,Prefer Not to Say,"Anchorage, AK",Electronic accessories,796.48,8/25/22,Credit card,5.2
122,WALM069,35-44,Male,"Phoenix, AZ",Sports and travel,399.84,7/10/22,Credit card,6.5
123,WALM085,45-54,Male,"Nashville, TN",Sports and travel,899.64,6/9/19,Credit card,4.2
124,WALM061,25-34,Male,"Los Angeles, CA",Home and lifestyle,511.28,12/17/20,Credit card,4.6
125,WALM088,25-34,Non-Binary,"Newark, NJ",Fashion accessories,451.76,12/30/23,Ewallet,7.3
126,WALM034,35-44,Non-Binary,"Boston, MA",Home and lifestyle,655.83,4/21/22,Credit card,4.5
127,WALM016,35-44,Female,"Los Angeles, CA",Sports and travel,161.25,6/25/22,Cash,9
128,WALM044,45-54,Non-Binary,"Charleston, WV",Fashion accessories,285.57,7/9/21,Credit card,5.9
129,WALM035,35-44,Prefer Not to Say,"Burlington, VT",Food and beverages,548.32,12/4/23,Ewallet,8.5
130,WALM018,25-34,Non-Binary,"Providence, RI",Sports and travel,812.52,9/12/22,Ewallet,7.2
131,WALM022,45-54,Prefer Not to Say,"Wilmington, DE",Fashion accessories,277.34,4/23/19,Cash,7.5
132,WALM068,55+,Male,"Atlanta, GA",Sports and travel,552.78,6/10/20,Cash,8.3
133,WALM055,25-34,Female,"Portland, ME",Sports and travel,139.36,6/12/23,Cash,7.4
134,WALM002,25-34,Non-Binary,"Boston, MA",Electronic accessories,524.7,9/24/20,Credit card,8.8
135,WALM062,25-34,Male,"Las Vegas, NV",Health and beauty,487.8,2/23/22,Ewallet,5.3
136,WALM098,18-24,Prefer Not to Say,"Salt Lake City, UT",Fashion accessories,270.66,5/22/21,Cash,6.2
137,WALM027,25-34,Prefer Not to Say,"Wilmington, DE",Electronic accessories,131.55,4/26/19,Credit card,8.8
138,WALM093,35-44,Male,"Jackson, MS",Home and lifestyle,206.52,5/5/21,Cash,9.8
139,WALM029,35-44,Non-Binary,"Des Moines, IA",Sports and travel,519.1,8/11/22,Cash,8.2
140,WALM016,25-34,Non-Binary,"Indianapolis, IN",Sports and travel,580,5/10/20,Ewallet,9.2
141,WALM023,25-34,Male,"Boston, MA",Sports and travel,898,3/17/22,Credit card,5.4
142,WALM012,18-24,Non-Binary,"Las Vegas, NV",Health and beauty,905,11/3/22,Cash,8.1
143,WALM052,45-54,Female,"New Orleans, LA",Health and beauty,686,10/2/21,Cash,9.1
144,WALM097,35-44,Female,"Orlando, FL",Food and beverages,30.41,4/10/21,Credit card,8.4
145,WALM045,45-54,Female,"Newark, NJ",Home and lifestyle,467.7,12/13/22,Credit card,8
146,WALM047,25-34,Non-Binary,"Minneapolis, MN",Health and beauty,277.56,7/11/22,Credit card,9.5
147,WALM026,35-44,Female,"Houston, TX",Fashion accessories,301.4,5/23/21,Ewallet,9.2
148,WALM054,35-44,Prefer Not to Say,"Salt Lake City, UT",Health and beauty,264.56,7/31/20,Credit card,5.6
149,WALM049,18-24,Male,"Wilmington, DE",Home and lifestyle,574.88,2/14/23,Credit card,6.2
150,WALM065,45-54,Male,"Anchorage, AK",Health and beauty,259.68,5/21/22,Credit card,4.9
151,WALM016,18-24,Female,"Omaha, NE",Fashion accessories,366.16,11/12/22,Credit card,4.8
152,WALM070,18-24,Prefer Not to Say,"Wichita, KS",Sports and travel,241.92,3/3/21,Credit card,7.3
153,WALM099,25-34,Non-Binary,"Manchester, NH",Fashion accessories,749.16,2/6/20,Credit card,7.4
154,WALM071,25-34,Non-Binary,"Oklahoma City, OK",Food and beverages,98.88,2/6/22,Ewallet,9.9
155,WALM078,18-24,Non-Binary,"Cheyenne, WY",Sports and travel,647.76,8/15/21,Cash,9.3
156,WALM074,35-44,Female,"Columbus, OH",Food and beverages,461.45,3/27/19,Cash,9
157,WALM042,35-44,Non-Binary,"Anchorage, AK",Electronic accessories,72.17,4/2/23,Cash,6.1
158,WALM013,25-34,Female,"Salt Lake City, UT",Home and lifestyle,251.4,7/1/20,Ewallet,9.7
159,WALM100,25-34,Female,"New Orleans, LA",Health and beauty,874.98,3/6/23,Ewallet,6
160,WALM094,25-34,Prefer Not to Say,"Oklahoma City, OK",Sports and travel,560.34,8/29/19,Ewallet,10
161,WALM028,45-54,Male,"Columbus, OH",Food and beverages,345.44,4/2/23,Credit card,8.3
162,WALM019,25-34,Non-Binary,"Burlington, VT",Sports and travel,63.69,9/6/22,Cash,6
163,WALM011,35-44,Prefer Not to Say,"Louisville, KY",Food and beverages,320.53,2/25/23,Credit card,7
164,WALM084,55+,Female,"Philadelphia, PA",Sports and travel,152.8,9/11/22,Ewallet,6.5
165,WALM057,35-44,Male,"Detroit, MI",Food and beverages,399,11/8/20,Credit card,5.9
166,WALM088,45-54,Prefer Not to Say,"Oklahoma City, OK",Health and beauty,340.56,2/4/23,Ewallet,5.6
167,WALM061,18-24,Prefer Not to Say,"Hartford, CT",Home and lifestyle,955.8,7/19/21,Cash,4.8
168,WALM040,35-44,Female,"Boston, MA",Fashion accessories,989.8,12/11/21,Credit card,8.7
169,WALM069,18-24,Non-Binary,"Oklahoma City, OK",Food and beverages,307.68,4/10/20,Cash,6.5
170,WALM089,18-24,Non-Binary,"Charleston, SC",Sports and travel,486.64,7/2/19,Credit card,8.5
171,WALM031,55+,Male,"Albuquerque, NM",Health and beauty,350.05,7/18/19,Ewallet,5.5
172,WALM039,18-24,Male,"Omaha, NE",Food and beverages,400.25,10/8/19,Credit card,9.4
173,WALM039,45-54,Male,"Los Angeles, CA",Electronic accessories,166.8,6/17/22,Cash,6.3
174,WALM047,18-24,Non-Binary,"Birmingham, AL",Electronic accessories,317.34,10/15/22,Credit card,9.8
175,WALM071,55+,Prefer Not to Say,"Milwaukee, WI",Food and beverages,158.32,12/20/19,Ewallet,8.7
176,WALM060,25-34,Prefer Not to Say,"Oklahoma City, OK",Home and lifestyle,304.56,2/27/20,Ewallet,8.8
177,WALM073,18-24,Non-Binary,"Des Moines, IA",Food and beverages,177.36,12/24/19,Credit card,9.6
178,WALM059,18-24,Female,"Manchester, NH",Fashion accessories,157.57,7/7/21,Credit card,4.8
179,WALM012,18-24,Male,"Birmingham, AL",Food and beverages,443.28,6/21/20,Ewallet,4.4
180,WALM086,35-44,Non-Binary,"Indianapolis, IN",Health and beauty,260.4,10/24/22,Ewallet,9.9
181,WALM073,25-34,Non-Binary,"Cheyenne, WY",Fashion accessories,449.82,6/10/19,Cash,5.7
182,WALM028,55+,Prefer Not to Say,"Hartford, CT",Food and beverages,307.76,7/12/20,Cash,7.7
183,WALM053,25-34,Female,"St. Louis, MO",Sports and travel,155,8/9/23,Ewallet,8
184,WALM024,45-54,Male,"Portland, OR",Health and beauty,274.48,10/8/21,Ewallet,5.7
185,WALM097,55+,Non-Binary,"Indianapolis, IN",Sports and travel,86.38,8/27/19,Credit card,6.7
186,WALM072,18-24,Female,"Little Rock, AR",Food and beverages,54.24,2/4/23,Ewallet,8
187,WALM023,25-34,Female,"Philadelphia, PA",Home and lifestyle,755.92,12/23/22,Ewallet,7.5
188,WALM038,55+,Male,"Indianapolis, IN",Home and lifestyle,185.88,3/18/23,Cash,7
189,WALM078,25-34,Female,"Charlotte, NC",Home and lifestyle,74.07,6/28/20,Ewallet,9.9
190,WALM084,55+,Female,"Hartford, CT",Home and lifestyle,279.24,4/4/21,Credit card,5.9
191,WALM059,45-54,Male,"Honolulu, HI",Home and lifestyle,231.12,4/6/22,Credit card,7.2
192,WALM062,45-54,Female,"Orlando, FL",Fashion accessories,147.04,5/22/20,Ewallet,4.6
193,WALM090,55+,Non-Binary,"Orlando, FL",Food and beverages,790.2,12/2/22,Cash,9.2
194,WALM015,35-44,Female,"St. Louis, MO",Home and lifestyle,102.2,5/4/22,Ewallet,5.7
195,WALM003,18-24,Female,"Wichita, KS",Electronic accessories,163.55,10/6/21,Credit card,9.9
196,WALM066,18-24,Male,"Baltimore, MD",Fashion accessories,74.29,12/30/22,Cash,5
197,WALM079,18-24,Male,"Des Moines, IA",Health and beauty,87.4,2/3/19,Cash,4.9
198,WALM002,25-34,Female,"Los Angeles, CA",Home and lifestyle,25.29,8/5/20,Ewallet,6.1
199,WALM094,25-34,Non-Binary,"Boise, ID",Health and beauty,166,8/7/20,Credit card,8.2
200,WALM047,35-44,Prefer Not to Say,"Albuquerque, NM",Food and beverages,356.95,7/18/23,Credit card,5.5
201,WALM100,55+,Male,"Chicago, IL",Sports and travel,114.9,3/11/22,Credit card,6.8
202,WALM005,25-34,Non-Binary,"Oklahoma City, OK",Electronic accessories,229.96,11/8/19,Cash,6.6
203,WALM086,45-54,Prefer Not to Say,"Baltimore, MD",Electronic accessories,429.87,2/26/20,Cash,9.8
204,WALM029,18-24,Female,"Billings, MT",Health and beauty,259,10/12/20,Ewallet,8.7
205,WALM065,45-54,Female,"Philadelphia, PA",Home and lifestyle,88.85,5/5/19,Credit card,5.4
206,WALM085,18-24,Non-Binary,"Atlanta, GA",Health and beauty,207.27,12/11/19,Ewallet,7.9
207,WALM034,18-24,Prefer Not to Say,"Phoenix, AZ",Electronic accessories,599.85,6/2/19,Credit card,9.7
208,WALM055,35-44,Non-Binary,"Columbus, OH",Home and lifestyle,285.3,4/29/21,Ewallet,7.8
209,WALM043,55+,Non-Binary,"Los Angeles, CA",Fashion accessories,91.11,12/25/19,Ewallet,5.1
210,WALM003,25-34,Non-Binary,"Las Vegas, NV",Electronic accessories,897.57,10/22/21,Credit card,6.5
211,WALM050,25-34,Female,"Newark, NJ",Electronic accessories,236.07,2/24/21,Ewallet,5.9
212,WALM057,55+,Female,"Los Angeles, CA",Food and beverages,839.34,10/2/21,Cash,8.8
213,WALM088,45-54,Prefer Not to Say,"Phoenix, AZ",Home and lifestyle,461.8,8/31/22,Ewallet,4.9
214,WALM093,35-44,Female,"St. Louis, MO",Sports and travel,139.26,3/12/22,Credit card,4.4
215,WALM065,18-24,Female,"Omaha, NE",Sports and travel,207.27,4/30/21,Cash,6.5
216,WALM072,25-34,Female,"Oklahoma City, OK",Home and lifestyle,18.28,11/30/19,Credit card,8.3
217,WALM038,55+,Non-Binary,"Detroit, MI",Sports and travel,123.85,8/21/22,Cash,8.5
218,WALM081,35-44,Prefer Not to Say,"Billings, MT",Electronic accessories,283.92,9/15/21,Cash,5.5
219,WALM043,35-44,Male,"Las Vegas, NV",Fashion accessories,758.96,2/23/23,Ewallet,8.7
220,WALM044,35-44,Non-Binary,"Fargo, ND",Food and beverages,172.02,9/9/22,Credit card,7.9
221,WALM002,18-24,Prefer Not to Say,"Jackson, MS",Electronic accessories,272.1,1/5/23,Ewallet,6.1
222,WALM056,45-54,Prefer Not to Say,"Milwaukee, WI",Food and beverages,434.56,5/25/19,Ewallet,5.4
223,WALM020,25-34,Male,"Omaha, NE",Electronic accessories,59.05,3/18/21,Cash,9.4
224,WALM026,18-24,Male,"Little Rock, AR",Fashion accessories,12.54,9/18/20,Cash,8.2
225,WALM003,45-54,Male,"Orlando, FL",Food and beverages,86.5,3/31/20,Cash,6.2
226,WALM067,18-24,Non-Binary,"Charleston, WV",Sports and travel,174.32,6/25/21,Credit card,9.7
227,WALM059,35-44,Male,"Boston, MA",Health and beauty,624.33,7/19/21,Ewallet,4
228,WALM068,25-34,Female,"New York City, NY",Electronic accessories,148.24,5/18/23,Ewallet,9.7
229,WALM049,18-24,Prefer Not to Say,"Birmingham, AL",Electronic accessories,544.2,8/30/22,Cash,5.3
230,WALM087,18-24,Prefer Not to Say,"Cheyenne, WY",Home and lifestyle,507.36,8/17/21,Ewallet,7.4
231,WALM007,18-24,Non-Binary,"Honolulu, HI",Fashion accessories,162.74,11/18/19,Cash,6.5
232,WALM024,18-24,Non-Binary,"Billings, MT",Electronic accessories,31.77,12/25/19,Credit card,8.7
233,WALM059,55+,Non-Binary,"Nashville, TN",Health and beauty,756.81,2/12/23,Cash,8
234,WALM045,45-54,Prefer Not to Say,"Milwaukee, WI",Fashion accessories,295.28,4/8/19,Credit card,6.7
235,WALM069,55+,Female,"Portland, OR",Health and beauty,519.4,4/9/23,Ewallet,6.5
236,WALM084,45-54,Non-Binary,"Indianapolis, IN",Sports and travel,186.28,3/3/20,Ewallet,4.1
237,WALM068,25-34,Male,"Birmingham, AL",Health and beauty,87.05,10/10/19,Credit card,4.9
238,WALM023,55+,Prefer Not to Say,"Salt Lake City, UT",Fashion accessories,221.1,6/23/20,Credit card,8.6
239,WALM040,18-24,Female,"St. Louis, MO",Electronic accessories,66.1,3/15/23,Cash,4.3
240,WALM085,35-44,Non-Binary,"Anchorage, AK",Fashion accessories,89.69,2/12/20,Ewallet,4.9
241,WALM009,45-54,Non-Binary,"Detroit, MI",Food and beverages,224.46,10/17/21,Credit card,5.6
242,WALM100,55+,Non-Binary,"Salt Lake City, UT",Health and beauty,119.54,8/8/20,Credit card,5.8
243,WALM077,18-24,Female,"Des Moines, IA",Fashion accessories,186.4,7/23/19,Credit card,6
244,WALM034,55+,Male,"Detroit, MI",Home and lifestyle,250.6,5/5/23,Cash,4.2
245,WALM070,18-24,Non-Binary,"Albuquerque, NM",Home and lifestyle,750.96,2/21/22,Credit card,8.3
246,WALM021,25-34,Female,"Portland, OR",Home and lifestyle,380.72,2/8/22,Cash,5.7
247,WALM044,55+,Non-Binary,"Manchester, NH",Electronic accessories,244.2,11/23/21,Cash,4.8
248,WALM055,45-54,Male,"Virginia Beach, VA",Fashion accessories,89.7,12/8/20,Ewallet,6.8
249,WALM019,45-54,Female,"Sioux Falls, SD",Electronic accessories,310.88,9/4/20,Credit card,8.8
250,WALM026,25-34,Non-Binary,"Fargo, ND",Food and beverages,511.42,6/12/20,Credit card,4.2
251,WALM033,25-34,Prefer Not to Say,"Newark, NJ",Food and beverages,418.95,4/30/22,Ewallet,6.4
252,WALM078,55+,Male,"Charleston, SC",Fashion accessories,351.9,10/20/20,Credit card,8.4
253,WALM066,55+,Male,"Seattle, WA",Sports and travel,28.78,2/16/22,Credit card,7.2
254,WALM011,18-24,Female,"Sioux Falls, SD",Home and lifestyle,95,2/22/20,Cash,5.2
255,WALM016,18-24,Female,"Cheyenne, WY",Home and lifestyle,471.2,9/19/19,Cash,8.9
256,WALM048,45-54,Non-Binary,"Detroit, MI",Fashion accessories,130.48,9/5/20,Cash,9
257,WALM067,25-34,Male,"Chicago, IL",Electronic accessories,66.35,3/7/20,Credit card,9.7
258,WALM049,25-34,Female,"Milwaukee, WI",Home and lifestyle,155.46,12/23/23,Ewallet,8.7
259,WALM029,18-24,Non-Binary,"Hartford, CT",Electronic accessories,129,8/26/20,Ewallet,6.5
260,WALM100,25-34,Non-Binary,"Nashville, TN",Electronic accessories,263.76,11/17/21,Credit card,6.9
261,WALM074,18-24,Prefer Not to Say,"Louisville, KY",Electronic accessories,675.54,7/21/21,Cash,6.2
262,WALM019,35-44,Female,"Charlotte, NC",Fashion accessories,65.8,6/5/21,Ewallet,5.6
263,WALM022,35-44,Non-Binary,"Las Vegas, NV",Fashion accessories,153.2,9/9/20,Cash,5.7
264,WALM099,25-34,Male,"Milwaukee, WI",Sports and travel,222.4,4/6/21,Cash,4.2
265,WALM095,55+,Prefer Not to Say,"Boise, ID",Sports and travel,54.45,9/8/22,Ewallet,7.9
266,WALM075,45-54,Prefer Not to Say,"Nashville, TN",Sports and travel,688.8,10/20/20,Credit card,8.7
267,WALM072,55+,Male,"Anchorage, AK",Home and lifestyle,141.88,8/27/22,Credit card,6.9
268,WALM081,35-44,Prefer Not to Say,"Birmingham, AL",Food and beverages,746,11/7/21,Cash,9.5
269,WALM001,55+,Male,"Manchester, NH",Home and lifestyle,282.96,11/28/21,Credit card,4.4
270,WALM001,25-34,Female,"Salt Lake City, UT",Home and lifestyle,355.4,11/19/23,Ewallet,7
271,WALM069,55+,Prefer Not to Say,"Wichita, KS",Sports and travel,337.15,7/11/22,Ewallet,6.3
272,WALM027,18-24,Non-Binary,"Jackson, MS",Health and beauty,42.24,9/22/22,Cash,9.7
273,WALM094,35-44,Prefer Not to Say,"Indianapolis, IN",Home and lifestyle,193.86,7/9/19,Credit card,8.8
274,WALM025,35-44,Non-Binary,"Orlando, FL",Home and lifestyle,24.06,4/20/19,Cash,5.1
275,WALM042,25-34,Non-Binary,"Omaha, NE",Health and beauty,598.26,7/3/19,Ewallet,7.9
276,WALM056,45-54,Non-Binary,"Manchester, NH",Fashion accessories,335.79,10/18/23,Cash,6.2
277,WALM027,18-24,Prefer Not to Say,"Newark, NJ",Home and lifestyle,218.2,1/3/23,Cash,7.1
278,WALM046,45-54,Male,"Louisville, KY",Fashion accessories,381.68,2/15/23,Ewallet,6.4
279,WALM091,35-44,Prefer Not to Say,"Birmingham, AL",Fashion accessories,709.9,10/26/23,Cash,5.7
280,WALM051,55+,Male,"Charleston, WV",Sports and travel,440.2,1/15/21,Credit card,9.6
281,WALM073,45-54,Female,"Charleston, WV",Home and lifestyle,559.68,5/4/19,Credit card,6.4
282,WALM036,35-44,Prefer Not to Say,"Las Vegas, NV",Home and lifestyle,37,12/9/20,Credit card,7.9
283,WALM097,55+,Female,"Des Moines, IA",Sports and travel,15.34,8/11/20,Cash,6.5
284,WALM030,35-44,Male,"Baltimore, MD",Health and beauty,598.98,12/6/23,Ewallet,8.5
285,WALM079,25-34,Non-Binary,"Seattle, WA",Health and beauty,190.68,3/7/19,Cash,9.1
286,WALM052,45-54,Male,"Los Angeles, CA",Health and beauty,333.4,2/9/23,Cash,7.6
287,WALM010,25-34,Female,"Orlando, FL",Home and lifestyle,74.86,10/22/21,Cash,6.9
288,WALM079,45-54,Female,"Charlotte, NC",Sports and travel,213.75,1/25/21,Cash,9.5
289,WALM094,25-34,Prefer Not to Say,"Burlington, VT",Food and beverages,339.57,11/13/23,Credit card,5.2
290,WALM074,45-54,Female,"Louisville, KY",Home and lifestyle,664.16,5/15/19,Cash,4.2
291,WALM017,45-54,Prefer Not to Say,"Wichita, KS",Electronic accessories,403,10/28/19,Credit card,7
292,WALM040,45-54,Female,"Seattle, WA",Electronic accessories,194.95,3/26/20,Ewallet,6
293,WALM007,25-34,Non-Binary,"Wichita, KS",Electronic accessories,62.48,11/26/20,Cash,4.7
294,WALM015,18-24,Female,"Chicago, IL",Food and beverages,72.72,5/8/20,Cash,7.1
295,WALM023,55+,Male,"Houston, TX",Health and beauty,181.1,3/2/19,Ewallet,5.9
296,WALM014,55+,Male,"Birmingham, AL",Electronic accessories,259.6,8/31/19,Cash,7.5
297,WALM036,35-44,Male,"Newark, NJ",Electronic accessories,115.36,12/17/20,Cash,6.4
298,WALM085,45-54,Non-Binary,"New York City, NY",Home and lifestyle,470.28,12/29/22,Ewallet,5.8
299,WALM095,35-44,Female,"St. Louis, MO",Home and lifestyle,240.04,2/13/22,Cash,4.5
300,WALM017,45-54,Male,"Albuquerque, NM",Home and lifestyle,88.61,5/4/23,Cash,7.7
301,WALM100,55+,Non-Binary,"Fargo, ND",Fashion accessories,199.64,4/13/20,Credit card,6.7
302,WALM048,55+,Prefer Not to Say,"New Orleans, LA",Health and beauty,39.01,6/20/20,Credit card,4.7
303,WALM031,45-54,Non-Binary,"Charleston, WV",Food and beverages,48.61,2/22/21,Cash,4.4
304,WALM026,55+,Female,"Cheyenne, WY",Electronic accessories,204.76,5/26/20,Credit card,4.7
305,WALM045,25-34,Non-Binary,"St. Louis, MO",Electronic accessories,119.68,8/9/23,Credit card,8.6
306,WALM053,35-44,Non-Binary,"Los Angeles, CA",Electronic accessories,505.4,7/14/22,Ewallet,4.3
307,WALM088,55+,Male,"Salt Lake City, UT",Sports and travel,281.61,3/7/21,Cash,9.6
308,WALM066,45-54,Non-Binary,"Cheyenne, WY",Home and lifestyle,710.32,7/29/21,Cash,4.1
309,WALM033,45-54,Non-Binary,"Louisville, KY",Electronic accessories,79.44,10/23/21,Ewallet,4.7
310,WALM012,45-54,Male,"Jackson, MS",Fashion accessories,163.82,12/10/19,Cash,7.8
311,WALM036,18-24,Female,"Charleston, SC",Sports and travel,479.58,2/13/20,Cash,5.5
312,WALM076,25-34,Prefer Not to Say,"Des Moines, IA",Fashion accessories,138.66,7/12/23,Ewallet,9.7
313,WALM012,18-24,Prefer Not to Say,"Charleston, SC",Food and beverages,71.15,3/11/23,Credit card,4.4
314,WALM026,55+,Female,"Denver, CO",Health and beauty,139.95,12/26/21,Cash,5
315,WALM075,35-44,Male,"Phoenix, AZ",Electronic accessories,781.3,11/13/20,Cash,4.4
316,WALM030,45-54,Female,"Omaha, NE",Food and beverages,198.74,7/28/19,Cash,5.2
317,WALM012,25-34,Non-Binary,"Charleston, WV",Food and beverages,63.24,9/14/23,Cash,7.3
318,WALM091,25-34,Female,"Cheyenne, WY",Electronic accessories,373.95,9/19/21,Cash,4.9
319,WALM048,25-34,Male,"Little Rock, AR",Health and beauty,207.69,10/14/22,Credit card,8.1
320,WALM059,55+,Prefer Not to Say,"Detroit, MI",Health and beauty,176.28,8/2/21,Ewallet,8.4
321,WALM065,55+,Male,"Boston, MA",Food and beverages,206.37,1/14/19,Cash,5.5
322,WALM016,25-34,Male,"Oklahoma City, OK",Health and beauty,39.42,9/24/19,Cash,8.4
323,WALM037,55+,Non-Binary,"Albuquerque, NM",Health and beauty,91.56,10/4/22,Ewallet,9.8
324,WALM010,25-34,Non-Binary,"Jackson, MS",Fashion accessories,308.85,12/28/20,Cash,6.7
325,WALM086,55+,Male,"Minneapolis, MN",Home and lifestyle,129.12,1/12/21,Credit card,9.4
326,WALM088,35-44,Male,"Phoenix, AZ",Sports and travel,390.96,11/20/20,Ewallet,6.4
327,WALM069,45-54,Female,"New York City, NY",Food and beverages,498.9,3/23/19,Cash,5.4
328,WALM057,45-54,Female,"Charleston, WV",Food and beverages,377.04,9/11/19,Cash,8.6
329,WALM052,35-44,Non-Binary,"Charleston, SC",Health and beauty,204.52,3/30/21,Credit card,4
330,WALM063,25-34,Prefer Not to Say,"St. Louis, MO",Electronic accessories,145.44,10/9/22,Cash,7.6
331,WALM071,25-34,Prefer Not to Say,"Billings, MT",Home and lifestyle,198.18,3/15/22,Cash,6.8
332,WALM076,18-24,Prefer Not to Say,"Newark, NJ",Food and beverages,98.7,2/29/20,Credit card,9.1
333,WALM070,25-34,Prefer Not to Say,"Nashville, TN",Fashion accessories,385.1,12/25/23,Cash,5.5
334,WALM034,18-24,Prefer Not to Say,"Portland, ME",Food and beverages,46.96,12/20/23,Credit card,7.9
335,WALM089,45-54,Non-Binary,"Baltimore, MD",Sports and travel,73.5,8/2/20,Ewallet,8.5
336,WALM032,18-24,Prefer Not to Say,"St. Louis, MO",Electronic accessories,142.25,1/16/19,Credit card,9.1
337,WALM024,35-44,Male,"Phoenix, AZ",Fashion accessories,687.6,10/2/19,Ewallet,7.5
338,WALM100,55+,Male,"Los Angeles, CA",Sports and travel,347.7,4/21/21,Cash,5.2
339,WALM016,45-54,Male,"Los Angeles, CA",Electronic accessories,142.95,6/6/22,Credit card,9.5
340,WALM051,55+,Non-Binary,"Columbus, OH",Food and beverages,385.38,10/10/21,Credit card,8.9
341,WALM014,45-54,Female,"Wichita, KS",Electronic accessories,144.27,3/9/21,Credit card,7.8
342,WALM030,55+,Non-Binary,"Nashville, TN",Health and beauty,391.79,1/7/20,Ewallet,8.9
343,WALM037,18-24,Male,"Los Angeles, CA",Health and beauty,538.3,4/16/19,Cash,7.7
344,WALM045,45-54,Non-Binary,"Wilmington, DE",Food and beverages,485.15,7/18/19,Credit card,9.3
345,WALM007,25-34,Non-Binary,"Los Angeles, CA",Sports and travel,133.95,8/13/19,Cash,6.2
346,WALM057,55+,Non-Binary,"Las Vegas, NV",Fashion accessories,701.37,10/21/22,Ewallet,7.6
347,WALM096,45-54,Prefer Not to Say,"Chicago, IL",Electronic accessories,71.95,1/2/21,Cash,7.3
348,WALM066,18-24,Prefer Not to Say,"Birmingham, AL",Home and lifestyle,714,5/15/21,Cash,4.7
349,WALM095,18-24,Male,"Las Vegas, NV",Electronic accessories,182.14,9/9/20,Cash,5.1
350,WALM087,25-34,Female,"Columbus, OH",Health and beauty,135,1/14/19,Credit card,4.8
351,WALM017,25-34,Prefer Not to Say,"Las Vegas, NV",Fashion accessories,993,8/1/19,Credit card,6.6
352,WALM029,45-54,Prefer Not to Say,"Manchester, NH",Electronic accessories,361.83,3/19/22,Cash,5.5
353,WALM098,25-34,Female,"Omaha, NE",Fashion accessories,383.11,3/30/19,Credit card,8.5
354,WALM019,55+,Non-Binary,"Baltimore, MD",Home and lifestyle,243,4/29/19,Cash,4.8
355,WALM082,45-54,Prefer Not to Say,"Portland, ME",Electronic accessories,30.24,5/30/19,Cash,8.4
356,WALM090,45-54,Female,"Providence, RI",Food and beverages,356.56,8/11/19,Credit card,7.8
357,WALM028,35-44,Male,"Charleston, WV",Fashion accessories,375.5,5/2/21,Credit card,9.3
358,WALM017,55+,Non-Binary,"Wilmington, DE",Sports and travel,954.4,7/31/20,Cash,5.2
359,WALM070,25-34,Prefer Not to Say,"Columbus, OH",Electronic accessories,82.5,9/22/23,Ewallet,6.5
360,WALM081,35-44,Male,"Oklahoma City, OK",Sports and travel,74.97,12/6/21,Cash,5.6
361,WALM010,35-44,Male,"Providence, RI",Food and beverages,647.68,12/2/19,Credit card,7.4
362,WALM070,25-34,Female,"Portland, ME",Food and beverages,755.76,6/4/19,Cash,9.1
363,WALM002,55+,Male,"Milwaukee, WI",Food and beverages,199.58,5/26/20,Ewallet,8
364,WALM089,45-54,Male,"Indianapolis, IN",Home and lifestyle,439.32,1/4/23,Cash,7.2
365,WALM037,45-54,Non-Binary,"Providence, RI",Food and beverages,164.96,9/21/20,Cash,7.1
366,WALM079,25-34,Non-Binary,"Little Rock, AR",Fashion accessories,326.72,3/24/20,Cash,9.1
367,WALM072,35-44,Prefer Not to Say,"Burlington, VT",Electronic accessories,461.88,12/24/22,Cash,5.6
368,WALM048,25-34,Female,"Albuquerque, NM",Home and lifestyle,263.76,3/23/23,Cash,6
369,WALM026,35-44,Female,"Omaha, NE",Sports and travel,143.6,5/7/22,Cash,5.4
370,WALM018,25-34,Non-Binary,"Boise, ID",Electronic accessories,193.5,9/15/22,Credit card,7.8
371,WALM005,25-34,Male,"Milwaukee, WI",Electronic accessories,183.82,12/9/23,Cash,9.9
372,WALM071,35-44,Male,"Milwaukee, WI",Fashion accessories,121.92,1/6/21,Credit card,4.9
373,WALM086,25-34,Non-Binary,"Minneapolis, MN",Home and lifestyle,420.66,8/25/20,Ewallet,5.2
374,WALM014,55+,Female,"Charleston, WV",Fashion accessories,252.48,3/7/22,Cash,8.9
375,WALM020,25-34,Non-Binary,"St. Louis, MO",Home and lifestyle,335.45,2/22/23,Credit card,9.1
376,WALM009,18-24,Prefer Not to Say,"Oklahoma City, OK",Fashion accessories,483.5,8/14/23,Ewallet,7
377,WALM096,55+,Non-Binary,"Baltimore, MD",Home and lifestyle,318.42,6/8/23,Credit card,9.6
378,WALM037,55+,Prefer Not to Say,"St. Louis, MO",Sports and travel,668.43,5/2/20,Ewallet,8.7
379,WALM009,25-34,Prefer Not to Say,"Omaha, NE",Fashion accessories,387.92,2/9/19,Ewallet,9.4
380,WALM045,55+,Prefer Not to Say,"Orlando, FL",Electronic accessories,94.6,11/3/21,Credit card,4
381,WALM047,55+,Male,"Charleston, WV",Sports and travel,329.32,6/21/20,Credit card,7.5
382,WALM008,18-24,Female,"Louisville, KY",Electronic accessories,53.22,11/27/20,Cash,4.2
383,WALM061,45-54,Male,"Los Angeles, CA",Food and beverages,498.45,11/12/19,Cash,9.9
384,WALM091,18-24,Prefer Not to Say,"Los Angeles, CA",Food and beverages,299.56,11/27/22,Ewallet,4.2
385,WALM039,25-34,Prefer Not to Say,"Houston, TX",Food and beverages,204.7,1/22/22,Ewallet,9.9
386,WALM084,25-34,Male,"Charlotte, NC",Sports and travel,75.82,11/5/21,Cash,5.8
387,WALM006,55+,Non-Binary,"Milwaukee, WI",Food and beverages,280.62,9/12/19,Cash,6
388,WALM034,55+,Prefer Not to Say,"Wichita, KS",Health and beauty,323.2,10/5/21,Credit card,10
389,WALM074,35-44,Non-Binary,"Houston, TX",Fashion accessories,486.63,11/18/21,Cash,9.5
390,WALM066,25-34,Male,"Atlanta, GA",Food and beverages,127.54,10/23/23,Credit card,6.6
391,WALM021,18-24,Male,"Des Moines, IA",Fashion accessories,241.44,6/4/23,Cash,8.1
392,WALM002,35-44,Prefer Not to Say,"Burlington, VT",Fashion accessories,379.5,5/26/20,Cash,9.7
393,WALM020,25-34,Female,"Billings, MT",Electronic accessories,76.82,12/9/21,Ewallet,7.2
394,WALM099,18-24,Female,"Honolulu, HI",Sports and travel,522.6,11/1/21,Credit card,6.2
395,WALM045,18-24,Female,"Burlington, VT",Health and beauty,79.74,11/16/22,Credit card,7.3
396,WALM062,45-54,Prefer Not to Say,"Orlando, FL",Health and beauty,387.5,9/22/19,Ewallet,4.3
397,WALM075,35-44,Male,"Des Moines, IA",Food and beverages,271.35,4/7/22,Ewallet,4.6
398,WALM092,35-44,Non-Binary,"Charleston, SC",Home and lifestyle,122.31,2/3/20,Cash,5.8
399,WALM017,35-44,Prefer Not to Say,"New York City, NY",Health and beauty,246.36,3/7/19,Credit card,8.3
400,WALM016,25-34,Female,"Hartford, CT",Electronic accessories,173.16,8/4/19,Cash,8
401,WALM081,35-44,Male,"Newark, NJ",Food and beverages,236.58,1/28/20,Credit card,9.4
402,WALM084,25-34,Prefer Not to Say,"Virginia Beach, VA",Home and lifestyle,184.88,8/3/23,Credit card,6.2
403,WALM030,35-44,Male,"Sioux Falls, SD",Home and lifestyle,13.98,1/11/23,Ewallet,9.8
404,WALM010,18-24,Prefer Not to Say,"Detroit, MI",Fashion accessories,198.75,1/8/21,Ewallet,9.6
405,WALM027,35-44,Female,"Wilmington, DE",Fashion accessories,684.53,8/3/19,Ewallet,4.9
406,WALM095,25-34,Male,"New Orleans, LA",Sports and travel,269.04,10/14/20,Credit card,8
407,WALM009,35-44,Non-Binary,"Los Angeles, CA",Food and beverages,68.95,5/19/23,Credit card,7.8
408,WALM051,35-44,Male,"Minneapolis, MN",Fashion accessories,274.84,10/18/20,Cash,4.1
409,WALM004,35-44,Non-Binary,"Fargo, ND",Home and lifestyle,226.12,8/13/23,Ewallet,5.5
410,WALM047,18-24,Prefer Not to Say,"Omaha, NE",Fashion accessories,119.1,4/15/21,Ewallet,5.4
411,WALM011,18-24,Prefer Not to Say,"Portland, ME",Health and beauty,342.1,12/5/23,Cash,5.1
412,WALM094,18-24,Male,"Burlington, VT",Sports and travel,43.74,11/23/19,Ewallet,6.9
413,WALM005,35-44,Male,"Portland, ME",Health and beauty,104.85,10/5/20,Cash,7.8
414,WALM061,35-44,Female,"Charleston, WV",Sports and travel,77.52,5/25/20,Ewallet,6.6
415,WALM074,55+,Female,"Las Vegas, NV",Home and lifestyle,407.44,12/23/21,Cash,9.2
416,WALM025,55+,Prefer Not to Say,"Baltimore, MD",Health and beauty,96.11,3/5/23,Ewallet,7.8
417,WALM035,35-44,Male,"Charleston, SC",Home and lifestyle,181.52,10/26/19,Credit card,8.7
418,WALM053,55+,Non-Binary,"Seattle, WA",Health and beauty,81.51,7/23/20,Ewallet,9.2
419,WALM062,18-24,Male,"Providence, RI",Health and beauty,114.44,2/8/21,Ewallet,8.3
420,WALM098,55+,Prefer Not to Say,"Little Rock, AR",Electronic accessories,176.54,7/8/21,Cash,8.2
421,WALM055,55+,Non-Binary,"Wilmington, DE",Food and beverages,115.8,12/18/22,Ewallet,7.5
422,WALM046,45-54,Non-Binary,"Wichita, KS",Electronic accessories,252.15,8/14/21,Cash,9.8
423,WALM022,25-34,Prefer Not to Say,"Albuquerque, NM",Fashion accessories,972.1,12/17/19,Credit card,8.7
424,WALM032,55+,Male,"Birmingham, AL",Fashion accessories,203.36,5/13/21,Credit card,6.7
425,WALM022,45-54,Prefer Not to Say,"Hartford, CT",Fashion accessories,16.28,10/11/22,Cash,5
426,WALM048,45-54,Female,"Billings, MT",Fashion accessories,365.49,11/19/22,Cash,7
427,WALM100,55+,Female,"Wilmington, DE",Health and beauty,372.19,3/14/19,Cash,8.9
428,WALM039,18-24,Non-Binary,"Albuquerque, NM",Food and beverages,62.61,8/25/20,Credit card,8
429,WALM095,25-34,Female,"Baltimore, MD",Sports and travel,336.35,12/21/23,Cash,6.9
430,WALM003,35-44,Prefer Not to Say,"Honolulu, HI",Home and lifestyle,906.5,8/24/21,Ewallet,7.3
431,WALM084,55+,Prefer Not to Say,"Philadelphia, PA",Fashion accessories,138.16,9/13/20,Credit card,6.9
432,WALM010,18-24,Non-Binary,"Salt Lake City, UT",Food and beverages,86.54,9/29/19,Ewallet,5.7
433,WALM062,18-24,Female,"Detroit, MI",Electronic accessories,140.76,6/28/20,Ewallet,6.4
434,WALM030,25-34,Prefer Not to Say,"Little Rock, AR",Fashion accessories,668.78,7/18/19,Credit card,9.6
435,WALM075,25-34,Prefer Not to Say,"Phoenix, AZ",Fashion accessories,47.44,2/21/22,Credit card,6.8
436,WALM044,18-24,Male,"Denver, CO",Sports and travel,893.16,12/10/21,Ewallet,9
437,WALM009,55+,Prefer Not to Say,"Boston, MA",Sports and travel,331.72,12/26/23,Ewallet,9.6
438,WALM095,25-34,Prefer Not to Say,"Birmingham, AL",Home and lifestyle,203.94,3/13/19,Credit card,7.7
439,WALM090,18-24,Male,"Manchester, NH",Food and beverages,68.16,2/13/21,Ewallet,7
440,WALM037,55+,Female,"Little Rock, AR",Electronic accessories,326.88,3/8/19,Credit card,6.5
441,WALM097,18-24,Male,"New York City, NY",Food and beverages,87.2,6/11/20,Cash,8.1
442,WALM001,45-54,Male,"New York City, NY",Sports and travel,707.44,5/24/23,Credit card,4.3
443,WALM029,55+,Non-Binary,"Cheyenne, WY",Home and lifestyle,802.89,11/8/20,Credit card,6.5
444,WALM050,25-34,Non-Binary,"Charlotte, NC",Fashion accessories,12.78,12/4/19,Ewallet,9.5
445,WALM069,25-34,Non-Binary,"Portland, ME",Sports and travel,133.7,8/17/19,Cash,9.7
446,WALM011,55+,Male,"Milwaukee, WI",Health and beauty,19.15,7/8/20,Credit card,9.5
447,WALM027,45-54,Female,"Seattle, WA",Food and beverages,276.6,8/27/19,Credit card,8.9
448,WALM028,45-54,Female,"Milwaukee, WI",Fashion accessories,137.22,8/21/23,Credit card,6.5
449,WALM063,55+,Prefer Not to Say,"Hartford, CT",Health and beauty,27.07,6/25/20,Credit card,5.3
450,WALM077,35-44,Male,"Boston, MA",Sports and travel,39.12,1/29/20,Credit card,9.6
451,WALM099,35-44,Male,"Phoenix, AZ",Electronic accessories,448.26,4/22/19,Cash,6.7
452,WALM077,35-44,Non-Binary,"Portland, OR",Electronic accessories,132.06,12/14/23,Cash,7.6
453,WALM068,45-54,Non-Binary,"Philadelphia, PA",Food and beverages,318.05,12/23/22,Ewallet,4.8
454,WALM069,45-54,Female,"Burlington, VT",Health and beauty,25,6/12/21,Ewallet,5.5
455,WALM028,45-54,Female,"Providence, RI",Electronic accessories,83.08,12/22/23,Cash,4.7
456,WALM010,35-44,Prefer Not to Say,"Boise, ID",Fashion accessories,147.8,11/1/20,Cash,6.9
457,WALM080,35-44,Non-Binary,"Atlanta, GA",Food and beverages,696.6,5/14/21,Credit card,4.5
458,WALM005,18-24,Prefer Not to Say,"Little Rock, AR",Electronic accessories,793.9,11/14/20,Cash,6.2
459,WALM091,18-24,Male,"Charleston, SC",Electronic accessories,465.7,9/21/22,Cash,7.6
460,WALM074,55+,Prefer Not to Say,"Detroit, MI",Food and beverages,35.89,8/6/19,Cash,7.9
461,WALM064,55+,Prefer Not to Say,"New York City, NY",Food and beverages,202.6,5/18/21,Cash,4.5
462,WALM086,25-34,Non-Binary,"New York City, NY",Food and beverages,730.5,3/25/23,Credit card,8.7
463,WALM026,35-44,Prefer Not to Say,"Los Angeles, CA",Sports and travel,295.8,12/3/21,Cash,6.1
464,WALM057,45-54,Non-Binary,"Fargo, ND",Food and beverages,22.62,6/10/23,Cash,6.4
465,WALM042,25-34,Male,"Phoenix, AZ",Food and beverages,256.7,1/27/21,Credit card,9.1
466,WALM095,25-34,Male,"Indianapolis, IN",Sports and travel,545.5,11/8/21,Credit card,7.1
467,WALM094,45-54,Prefer Not to Say,"Denver, CO",Health and beauty,260.05,7/22/23,Credit card,7.7
468,WALM047,18-24,Female,"Charleston, SC",Sports and travel,222.12,3/14/23,Cash,4.5
469,WALM071,18-24,Non-Binary,"Des Moines, IA",Food and beverages,21.58,12/3/21,Ewallet,7.2
470,WALM071,18-24,Male,"Boise, ID",Electronic accessories,98.84,2/2/21,Cash,8.4
471,WALM016,55+,Female,"Detroit, MI",Home and lifestyle,502.62,8/13/21,Ewallet,5.4
472,WALM093,18-24,Prefer Not to Say,"Indianapolis, IN",Sports and travel,160.2,12/11/21,Cash,9.7
473,WALM076,18-24,Non-Binary,"Indianapolis, IN",Fashion accessories,431.3,6/13/20,Credit card,5.5
474,WALM088,25-34,Male,"Burlington, VT",Health and beauty,580.56,9/30/19,Cash,4.6
475,WALM003,55+,Prefer Not to Say,"New York City, NY",Electronic accessories,322.2,5/23/22,Cash,6.6
476,WALM010,25-34,Non-Binary,"Chicago, IL",Health and beauty,195.54,11/8/19,Credit card,6.3
477,WALM059,35-44,Prefer Not to Say,"Honolulu, HI",Sports and travel,166.3,4/24/20,Credit card,4.2
478,WALM020,45-54,Female,"Columbus, OH",Electronic accessories,336.28,8/26/19,Ewallet,4.4
479,WALM059,55+,Female,"Wilmington, DE",Sports and travel,343.7,8/19/20,Ewallet,6.7
480,WALM057,18-24,Non-Binary,"Orlando, FL",Electronic accessories,38.6,6/27/19,Ewallet,6.7
481,WALM078,18-24,Non-Binary,"Las Vegas, NV",Food and beverages,527.76,5/27/23,Cash,8.4
482,WALM066,45-54,Prefer Not to Say,"Indianapolis, IN",Electronic accessories,328,6/4/21,Cash,6.2
483,WALM094,18-24,Prefer Not to Say,"Charleston, SC",Sports and travel,185.7,9/2/21,Ewallet,5
484,WALM080,45-54,Female,"New Orleans, LA",Home and lifestyle,603.8,7/27/23,Cash,6
485,WALM003,35-44,Non-Binary,"Cheyenne, WY",Sports and travel,369.8,1/21/19,Credit card,7
486,WALM060,45-54,Female,"New Orleans, LA",Sports and travel,197.96,9/11/21,Ewallet,6.6
487,WALM026,45-54,Prefer Not to Say,"Wilmington, DE",Fashion accessories,410.9,1/14/22,Cash,7.3
488,WALM080,25-34,Male,"Las Vegas, NV",Fashion accessories,148.6,3/19/19,Ewallet,8.3
489,WALM050,35-44,Male,"Burlington, VT",Home and lifestyle,22.96,4/17/21,Ewallet,4.3
490,WALM063,25-34,Prefer Not to Say,"Des Moines, IA",Home and lifestyle,699.12,1/15/23,Ewallet,9.8
491,WALM051,55+,Prefer Not to Say,"Phoenix, AZ",Fashion accessories,69.4,1/6/20,Ewallet,8.2
492,WALM004,18-24,Female,"Little Rock, AR",Fashion accessories,196.6,3/14/21,Credit card,7.2
493,WALM085,55+,Male,"Birmingham, AL",Health and beauty,202.56,9/6/21,Ewallet,8.7
494,WALM011,35-44,Male,"Boise, ID",Home and lifestyle,121.2,8/27/23,Credit card,8.4
495,WALM081,55+,Prefer Not to Say,"Nashville, TN",Fashion accessories,199.78,8/9/22,Ewallet,7.1
496,WALM019,35-44,Female,"Portland, OR",Sports and travel,607.36,1/11/21,Cash,5.5
497,WALM053,55+,Male,"Charleston, WV",Electronic accessories,126.44,3/21/22,Cash,8.5
498,WALM098,35-44,Non-Binary,"Cheyenne, WY",Food and beverages,541.44,12/11/23,Cash,6.2
499,WALM073,18-24,Non-Binary,"Sioux Falls, SD",Sports and travel,98.13,1/5/23,Cash,8.9
500,WALM071,45-54,Female,"Seattle, WA",Sports and travel,412.16,3/2/19,Cash,9.6
501,WALM087,45-54,Prefer Not to Say,"Hartford, CT",Sports and travel,73.97,5/3/23,Credit card,5.4
502,WALM006,45-54,Female,"Houston, TX",Fashion accessories,31.9,8/17/20,Ewallet,9.1
503,WALM002,45-54,Prefer Not to Say,"Sioux Falls, SD",Home and lifestyle,138.8,3/6/19,Ewallet,9
504,WALM075,55+,Male,"Charleston, SC",Sports and travel,186.62,2/15/19,Cash,6.3
505,WALM048,18-24,Female,"Manchester, NH",Sports and travel,88.45,12/6/20,Credit card,9.5
506,WALM040,35-44,Female,"Albuquerque, NM",Electronic accessories,193.44,8/17/20,Ewallet,9.8
507,WALM019,55+,Male,"Burlington, VT",Sports and travel,145.5,2/6/21,Cash,6.7
508,WALM059,18-24,Female,"St. Louis, MO",Food and beverages,504.3,5/31/20,Credit card,7.7
509,WALM077,35-44,Male,"Minneapolis, MN",Health and beauty,306.45,8/29/19,Cash,7
510,WALM055,25-34,Male,"Seattle, WA",Home and lifestyle,95.7,4/13/21,Credit card,5.1
511,WALM057,55+,Male,"Nashville, TN",Sports and travel,635.18,3/15/20,Credit card,6.2
512,WALM007,55+,Female,"Portland, ME",Home and lifestyle,214.55,11/26/20,Ewallet,6.1
513,WALM071,35-44,Male,"Burlington, VT",Fashion accessories,379.96,6/4/23,Ewallet,9.3
514,WALM088,25-34,Prefer Not to Say,"Honolulu, HI",Electronic accessories,696.85,6/3/20,Cash,7.6
515,WALM051,18-24,Female,"Indianapolis, IN",Sports and travel,408.73,9/17/19,Credit card,8.2
516,WALM025,55+,Prefer Not to Say,"Portland, OR",Fashion accessories,51.47,4/12/22,Ewallet,8.5
517,WALM071,55+,Prefer Not to Say,"Wichita, KS",Health and beauty,274.3,8/13/21,Ewallet,9.8
518,WALM089,18-24,Male,"Anchorage, AK",Home and lifestyle,196.95,12/17/22,Credit card,8.7
519,WALM008,18-24,Non-Binary,"Newark, NJ",Home and lifestyle,69.46,4/23/22,Ewallet,9.7
520,WALM033,45-54,Non-Binary,"Charlotte, NC",Sports and travel,359.6,4/30/20,Credit card,4.3
521,WALM059,35-44,Male,"Orlando, FL",Electronic accessories,137.13,2/4/23,Credit card,7.7
522,WALM097,18-24,Prefer Not to Say,"Baltimore, MD",Home and lifestyle,499.02,9/4/23,Cash,7.3
523,WALM035,35-44,Prefer Not to Say,"Louisville, KY",Home and lifestyle,224.64,6/8/22,Credit card,5.9
524,WALM075,25-34,Non-Binary,"Providence, RI",Health and beauty,125.74,11/17/21,Cash,5
525,WALM075,45-54,Female,"Oklahoma City, OK",Food and beverages,490.26,9/15/20,Credit card,8
526,WALM074,45-54,Prefer Not to Say,"Omaha, NE",Sports and travel,457.05,12/16/20,Cash,7.1
527,WALM095,45-54,Female,"Phoenix, AZ",Fashion accessories,156.84,12/23/21,Credit card,9
528,WALM013,18-24,Female,"Philadelphia, PA",Fashion accessories,119.72,12/14/20,Ewallet,6.7
529,WALM056,45-54,Non-Binary,"Baltimore, MD",Food and beverages,543.6,6/14/20,Credit card,6.1
530,WALM019,45-54,Female,"Billings, MT",Sports and travel,882.81,7/31/22,Cash,9.3
531,WALM073,35-44,Prefer Not to Say,"Baltimore, MD",Health and beauty,152.58,5/2/22,Ewallet,7
532,WALM082,25-34,Prefer Not to Say,"Billings, MT",Fashion accessories,693.44,12/20/20,Cash,7.2
533,WALM063,18-24,Male,"Honolulu, HI",Electronic accessories,229.5,8/16/19,Ewallet,8.2
534,WALM085,35-44,Non-Binary,"Salt Lake City, UT",Food and beverages,146.79,1/19/19,Ewallet,8.4
535,WALM036,55+,Male,"Phoenix, AZ",Home and lifestyle,141.6,11/16/22,Ewallet,6.2
536,WALM082,55+,Female,"Detroit, MI",Home and lifestyle,116.69,3/21/20,Cash,7.4
537,WALM063,35-44,Female,"Charleston, WV",Fashion accessories,73.96,12/11/20,Credit card,5
538,WALM029,25-34,Non-Binary,"Orlando, FL",Home and lifestyle,97.94,10/25/23,Ewallet,6.9
539,WALM098,18-24,Male,"Nashville, TN",Fashion accessories,292.2,3/6/21,Credit card,4.9
540,WALM062,55+,Non-Binary,"Boise, ID",Food and beverages,524.88,3/2/19,Ewallet,5.1
541,WALM042,18-24,Female,"Milwaukee, WI",Home and lifestyle,92.04,7/13/20,Ewallet,9.1
542,WALM048,18-24,Female,"Boise, ID",Health and beauty,75.88,7/27/20,Credit card,7.1
543,WALM091,18-24,Prefer Not to Say,"Los Angeles, CA",Sports and travel,80.72,5/2/21,Credit card,5
544,WALM055,55+,Non-Binary,"Portland, ME",Electronic accessories,112.62,4/25/21,Credit card,5.5
545,WALM097,35-44,Male,"Providence, RI",Food and beverages,71.2,1/4/22,Credit card,9.2
546,WALM089,45-54,Female,"Jackson, MS",Home and lifestyle,155.24,9/23/20,Ewallet,4.9
547,WALM004,55+,Prefer Not to Say,"Virginia Beach, VA",Fashion accessories,294.2,1/11/19,Ewallet,8.9
548,WALM093,35-44,Male,"Des Moines, IA",Sports and travel,548.55,8/4/23,Credit card,6
549,WALM057,18-24,Prefer Not to Say,"Wilmington, DE",Sports and travel,257.7,1/25/23,Cash,4.2
550,WALM037,18-24,Prefer Not to Say,"Atlanta, GA",Electronic accessories,396.36,9/9/19,Cash,7.3
551,WALM066,35-44,Female,"Las Vegas, NV",Fashion accessories,171.81,6/28/22,Ewallet,6.5
552,WALM096,45-54,Male,"Denver, CO",Fashion accessories,488.79,4/14/20,Cash,8.9
553,WALM023,18-24,Male,"Charlotte, NC",Health and beauty,524.16,6/12/21,Cash,9.7
554,WALM072,45-54,Male,"Portland, OR",Electronic accessories,133.26,10/17/23,Credit card,8.6
555,WALM061,55+,Female,"Burlington, VT",Electronic accessories,135.24,10/25/23,Cash,6.9
556,WALM014,35-44,Prefer Not to Say,"Providence, RI",Home and lifestyle,112.44,9/4/19,Credit card,7.7
557,WALM012,18-24,Prefer Not to Say,"Chicago, IL",Fashion accessories,144.08,12/19/21,Cash,9.5
558,WALM042,45-54,Non-Binary,"Boise, ID",Food and beverages,985.2,3/17/21,Ewallet,4.5
559,WALM036,45-54,Female,"Birmingham, AL",Food and beverages,249.96,10/3/19,Ewallet,5.6
560,WALM087,55+,Female,"Portland, ME",Home and lifestyle,217.26,8/29/23,Ewallet,8.2
561,WALM050,18-24,Female,"Las Vegas, NV",Electronic accessories,194.22,8/10/20,Ewallet,7.3
562,WALM080,18-24,Non-Binary,"Columbus, OH",Food and beverages,892,6/13/22,Credit card,4.4
563,WALM089,45-54,Male,"Portland, OR",Electronic accessories,339.36,6/21/21,Ewallet,5.7
564,WALM083,45-54,Prefer Not to Say,"Baltimore, MD",Electronic accessories,447.06,4/18/21,Ewallet,5
565,WALM020,55+,Female,"Baltimore, MD",Fashion accessories,198.5,1/11/22,Cash,9
566,WALM049,18-24,Prefer Not to Say,"Wilmington, DE",Food and beverages,812.1,2/21/23,Credit card,6.3
567,WALM090,35-44,Male,"Oklahoma City, OK",Sports and travel,493.3,5/1/19,Credit card,9.4
568,WALM083,25-34,Prefer Not to Say,"Charleston, SC",Fashion accessories,591.66,2/24/19,Cash,7.7
569,WALM074,55+,Female,"New York City, NY",Fashion accessories,559.02,6/17/19,Cash,5.5
570,WALM082,35-44,Male,"Cheyenne, WY",Sports and travel,517.86,9/18/22,Cash,4.1
571,WALM046,45-54,Non-Binary,"Des Moines, IA",Home and lifestyle,410.2,7/18/23,Credit card,7.6
572,WALM092,25-34,Prefer Not to Say,"Louisville, KY",Sports and travel,266.7,10/26/20,Cash,8.6
573,WALM012,25-34,Prefer Not to Say,"Cheyenne, WY",Food and beverages,70.91,12/7/19,Ewallet,8.3
574,WALM063,35-44,Prefer Not to Say,"Salt Lake City, UT",Food and beverages,144.78,12/16/20,Credit card,8.1
575,WALM030,55+,Non-Binary,"Atlanta, GA",Sports and travel,429.55,9/19/19,Credit card,8.6
576,WALM047,35-44,Female,"Little Rock, AR",Fashion accessories,569.17,5/2/22,Ewallet,6.3
577,WALM052,55+,Female,"New Orleans, LA",Food and beverages,241.2,11/29/23,Cash,5.8
578,WALM027,35-44,Male,"Indianapolis, IN",Food and beverages,127.08,5/13/22,Ewallet,6.2
579,WALM087,45-54,Female,"Burlington, VT",Health and beauty,257.08,2/4/23,Cash,7.7
580,WALM070,35-44,Female,"Salt Lake City, UT",Health and beauty,139.02,4/22/19,Ewallet,8.1
581,WALM044,45-54,Female,"Virginia Beach, VA",Food and beverages,81.66,5/31/20,Cash,7.3
582,WALM095,45-54,Male,"Billings, MT",Health and beauty,310.72,2/13/22,Cash,8.4
583,WALM013,25-34,Male,"Charleston, SC",Fashion accessories,185.96,4/29/23,Credit card,8
584,WALM001,18-24,Female,"Minneapolis, MN",Fashion accessories,72.32,7/31/21,Credit card,9.5
585,WALM088,18-24,Non-Binary,"Minneapolis, MN",Sports and travel,189.18,9/29/21,Ewallet,7
586,WALM020,35-44,Female,"Salt Lake City, UT",Health and beauty,206.84,8/8/22,Credit card,9.8
587,WALM038,45-54,Male,"Boston, MA",Food and beverages,157.02,7/29/20,Cash,9.2
588,WALM069,55+,Female,"Cheyenne, WY",Sports and travel,215.3,7/16/21,Ewallet,7.7
589,WALM062,35-44,Female,"Oklahoma City, OK",Fashion accessories,596.1,4/26/20,Cash,5.3
590,WALM081,18-24,Female,"Fargo, ND",Health and beauty,73.1,2/18/20,Cash,4.4
591,WALM071,18-24,Prefer Not to Say,"Virginia Beach, VA",Health and beauty,279.18,9/12/20,Credit card,4.3
592,WALM030,45-54,Male,"Louisville, KY",Home and lifestyle,169.68,8/17/20,Ewallet,9.4
593,WALM046,35-44,Prefer Not to Say,"Atlanta, GA",Sports and travel,45.58,5/18/23,Cash,9.8
594,WALM028,18-24,Prefer Not to Say,"Oklahoma City, OK",Sports and travel,225.6,11/28/20,Ewallet,4.8
595,WALM070,35-44,Male,"Louisville, KY",Sports and travel,290.4,12/2/21,Cash,5.3
596,WALM026,55+,Non-Binary,"Phoenix, AZ",Health and beauty,44.46,12/11/22,Credit card,8.7
597,WALM081,18-24,Female,"Houston, TX",Food and beverages,156.6,1/10/20,Credit card,9.5
598,WALM020,55+,Non-Binary,"St. Louis, MO",Sports and travel,419.94,1/24/19,Ewallet,5.3
599,WALM048,55+,Non-Binary,"Fargo, ND",Fashion accessories,184.25,11/22/20,Cash,9.2
600,WALM047,18-24,Male,"Phoenix, AZ",Home and lifestyle,140.64,8/13/19,Ewallet,9.6
601,WALM080,45-54,Prefer Not to Say,"Honolulu, HI",Electronic accessories,83.08,4/25/21,Ewallet,6.4
602,WALM064,25-34,Prefer Not to Say,"Las Vegas, NV",Fashion accessories,64.99,2/26/19,Credit card,4.5
603,WALM086,45-54,Female,"Louisville, KY",Food and beverages,775.6,9/15/19,Ewallet,6.9
604,WALM040,18-24,Male,"Orlando, FL",Sports and travel,327.06,9/21/22,Ewallet,7.8
605,WALM096,55+,Prefer Not to Say,"Baltimore, MD",Fashion accessories,363.23,10/8/23,Cash,4.5
606,WALM060,18-24,Male,"Charleston, SC",Home and lifestyle,127,6/8/23,Cash,8.6
607,WALM069,55+,Non-Binary,"Houston, TX",Fashion accessories,375.55,8/20/23,Ewallet,5.2
608,WALM021,25-34,Prefer Not to Say,"Charlotte, NC",Food and beverages,199.16,8/12/20,Credit card,6.4
609,WALM049,18-24,Female,"Charleston, WV",Fashion accessories,30.61,1/4/19,Ewallet,5.2
610,WALM029,45-54,Female,"Fargo, ND",Food and beverages,115.78,11/18/23,Ewallet,8.9
611,WALM038,35-44,Female,"Indianapolis, IN",Electronic accessories,28.96,12/8/23,Credit card,6.2
612,WALM052,18-24,Female,"Wichita, KS",Food and beverages,890.73,9/28/19,Cash,6.7
613,WALM069,55+,Non-Binary,"Albuquerque, NM",Fashion accessories,279.66,12/18/22,Cash,7.2
614,WALM045,35-44,Female,"Indianapolis, IN",Sports and travel,80.93,6/19/19,Credit card,9
615,WALM012,35-44,Non-Binary,"Orlando, FL",Food and beverages,674.5,2/25/22,Ewallet,4.2
616,WALM092,55+,Prefer Not to Say,"Cheyenne, WY",Sports and travel,348.48,11/16/21,Ewallet,4.2
617,WALM068,18-24,Non-Binary,"Anchorage, AK",Sports and travel,435.6,4/29/22,Cash,6.9
618,WALM098,35-44,Prefer Not to Say,"New Orleans, LA",Electronic accessories,439.55,9/12/22,Ewallet,4.4
619,WALM030,25-34,Male,"Virginia Beach, VA",Food and beverages,591.18,6/17/22,Credit card,4
620,WALM019,18-24,Male,"Wichita, KS",Fashion accessories,260.76,12/29/21,Ewallet,8.5
621,WALM074,18-24,Male,"Nashville, TN",Food and beverages,215.04,2/13/23,Cash,9.2
622,WALM074,45-54,Male,"Houston, TX",Food and beverages,91.61,8/9/20,Cash,9.8
623,WALM017,55+,Non-Binary,"Omaha, NE",Home and lifestyle,662.13,3/25/23,Credit card,4.9
624,WALM032,35-44,Non-Binary,"Indianapolis, IN",Fashion accessories,832.5,9/6/21,Credit card,4.4
625,WALM023,25-34,Non-Binary,"Baltimore, MD",Fashion accessories,91.35,12/1/19,Cash,6.8
626,WALM020,25-34,Non-Binary,"Little Rock, AR",Food and beverages,157.76,5/9/20,Cash,9.1
627,WALM075,25-34,Female,"Sioux Falls, SD",Sports and travel,121.74,3/30/22,Ewallet,8.7
628,WALM043,55+,Male,"Sioux Falls, SD",Health and beauty,825.8,3/4/20,Cash,5
629,WALM049,55+,Prefer Not to Say,"Anchorage, AK",Home and lifestyle,159.9,9/23/22,Ewallet,7.5
630,WALM059,25-34,Female,"Houston, TX",Fashion accessories,12.09,2/15/22,Credit card,8.2
631,WALM006,55+,Male,"Nashville, TN",Sports and travel,641.9,3/28/22,Credit card,6.7
632,WALM001,35-44,Female,"Atlanta, GA",Electronic accessories,234.93,11/3/22,Ewallet,5.4
633,WALM020,45-54,Male,"Milwaukee, WI",Food and beverages,167.54,7/31/20,Credit card,7
634,WALM058,25-34,Non-Binary,"Charlotte, NC",Home and lifestyle,299.1,8/20/21,Ewallet,4.7
635,WALM049,45-54,Male,"Birmingham, AL",Food and beverages,239.73,4/25/21,Credit card,5
636,WALM003,35-44,Non-Binary,"Omaha, NE",Health and beauty,664.7,5/9/20,Credit card,5
637,WALM038,45-54,Non-Binary,"Charleston, SC",Health and beauty,202.65,5/31/19,Credit card,6
638,WALM023,55+,Male,"Phoenix, AZ",Electronic accessories,46.2,12/14/22,Cash,6.3
639,WALM002,55+,Female,"Newark, NJ",Food and beverages,88.15,6/12/22,Cash,8.5
640,WALM066,25-34,Non-Binary,"Little Rock, AR",Fashion accessories,157.26,7/21/22,Ewallet,7.5
641,WALM076,18-24,Male,"Houston, TX",Food and beverages,296.37,11/22/21,Ewallet,6.4
642,WALM025,18-24,Non-Binary,"Milwaukee, WI",Electronic accessories,708.4,1/12/22,Ewallet,4.7
643,WALM035,25-34,Female,"Sioux Falls, SD",Electronic accessories,111.34,10/17/19,Ewallet,6
644,WALM053,45-54,Prefer Not to Say,"Baltimore, MD",Food and beverages,580.16,9/14/23,Credit card,4
645,WALM007,35-44,Non-Binary,"Milwaukee, WI",Electronic accessories,60.25,7/19/21,Ewallet,5.5
646,WALM098,18-24,Female,"Las Vegas, NV",Home and lifestyle,174.24,1/4/19,Ewallet,8.7
647,WALM045,25-34,Prefer Not to Say,"Seattle, WA",Health and beauty,421.26,1/15/21,Credit card,7.4
648,WALM030,35-44,Prefer Not to Say,"Des Moines, IA",Fashion accessories,33.63,12/24/22,Cash,5.6
649,WALM055,25-34,Non-Binary,"Oklahoma City, OK",Sports and travel,30.98,6/15/21,Cash,6.3
650,WALM077,25-34,Non-Binary,"Wichita, KS",Electronic accessories,247.4,4/29/20,Cash,7.1
651,WALM088,45-54,Non-Binary,"Detroit, MI",Electronic accessories,378.3,10/25/22,Ewallet,7.8
652,WALM060,18-24,Male,"Louisville, KY",Health and beauty,334.86,1/10/19,Cash,9.9
653,WALM020,35-44,Prefer Not to Say,"Denver, CO",Home and lifestyle,727.8,4/28/19,Cash,7.3
654,WALM090,45-54,Prefer Not to Say,"Detroit, MI",Sports and travel,335.88,3/19/20,Ewallet,5.1
655,WALM032,35-44,Non-Binary,"Billings, MT",Fashion accessories,240.72,7/31/23,Credit card,9.4
656,WALM073,55+,Male,"Houston, TX",Electronic accessories,47.07,9/26/19,Credit card,5.8
657,WALM027,35-44,Female,"Philadelphia, PA",Electronic accessories,99.69,2/3/23,Credit card,8
658,WALM054,55+,Male,"Portland, ME",Fashion accessories,264.45,12/15/22,Ewallet,7.9
659,WALM071,55+,Non-Binary,"Charleston, WV",Sports and travel,139.65,9/12/21,Cash,5.9
660,WALM093,18-24,Prefer Not to Say,"Des Moines, IA",Fashion accessories,55.45,9/21/21,Credit card,4.9
661,WALM021,18-24,Non-Binary,"Portland, ME",Sports and travel,128.91,12/24/22,Cash,9.3
662,WALM097,55+,Prefer Not to Say,"Birmingham, AL",Sports and travel,119.98,4/28/21,Credit card,7.9
663,WALM045,18-24,Non-Binary,"Boise, ID",Fashion accessories,352.5,2/12/23,Credit card,5.9
664,WALM044,45-54,Non-Binary,"New York City, NY",Food and beverages,871,8/10/21,Credit card,9.9
665,WALM033,45-54,Female,"Burlington, VT",Sports and travel,197.6,6/29/21,Cash,7.7
666,WALM079,45-54,Male,"Birmingham, AL",Fashion accessories,194.52,3/2/20,Ewallet,7.6
667,WALM059,35-44,Non-Binary,"Philadelphia, PA",Food and beverages,173.22,12/21/23,Ewallet,7.7
668,WALM047,55+,Non-Binary,"Phoenix, AZ",Health and beauty,71.88,11/15/22,Ewallet,6.4
669,WALM036,35-44,Prefer Not to Say,"Jackson, MS",Health and beauty,286.26,5/2/22,Ewallet,4.4
670,WALM046,35-44,Non-Binary,"Indianapolis, IN",Sports and travel,81.24,4/28/22,Credit card,4.1
671,WALM057,25-34,Female,"New York City, NY",Fashion accessories,560.4,1/14/22,Ewallet,4.4
672,WALM007,25-34,Female,"Little Rock, AR",Food and beverages,186.8,3/28/23,Cash,5.5
673,WALM077,35-44,Male,"St. Louis, MO",Health and beauty,220.23,9/17/20,Ewallet,4
674,WALM064,25-34,Non-Binary,"Omaha, NE",Health and beauty,269.12,7/30/23,Credit card,9.3
675,WALM003,18-24,Female,"Providence, RI",Electronic accessories,454.8,8/14/19,Credit card,4.8
676,WALM080,25-34,Prefer Not to Say,"New York City, NY",Fashion accessories,167.54,4/5/20,Cash,4.6
677,WALM062,18-24,Prefer Not to Say,"Des Moines, IA",Sports and travel,448.56,1/13/23,Credit card,7.3
678,WALM066,18-24,Prefer Not to Say,"Charleston, WV",Food and beverages,293.88,11/17/21,Cash,6
679,WALM095,18-24,Prefer Not to Say,"Omaha, NE",Health and beauty,589.5,1/30/22,Ewallet,8.1
680,WALM074,45-54,Female,"Charleston, SC",Food and beverages,291,9/1/19,Cash,9.4
681,WALM085,45-54,Non-Binary,"Cheyenne, WY",Electronic accessories,39.48,2/8/19,Cash,6.5
682,WALM100,55+,Non-Binary,"Providence, RI",Sports and travel,34.81,12/18/22,Credit card,7
683,WALM082,25-34,Prefer Not to Say,"Anchorage, AK",Fashion accessories,295.92,11/28/21,Cash,7.1
684,WALM091,25-34,Non-Binary,"Cheyenne, WY",Fashion accessories,42.96,3/9/19,Ewallet,6.6
685,WALM063,55+,Non-Binary,"Phoenix, AZ",Sports and travel,138.48,4/29/20,Ewallet,4.9
686,WALM041,55+,Male,"Nashville, TN",Home and lifestyle,98.2,11/16/22,Ewallet,6.4
687,WALM003,35-44,Female,"Cheyenne, WY",Sports and travel,129.66,10/29/23,Credit card,8
688,WALM089,18-24,Male,"Atlanta, GA",Home and lifestyle,635.6,1/12/22,Cash,4.3
689,WALM058,25-34,Male,"Louisville, KY",Sports and travel,145.76,2/28/20,Cash,6.1
690,WALM083,35-44,Female,"Hartford, CT",Food and beverages,201.3,1/20/22,Cash,7.5
691,WALM057,25-34,Prefer Not to Say,"Albuquerque, NM",Sports and travel,631.71,10/31/21,Cash,6.7
692,WALM089,45-54,Non-Binary,"Honolulu, HI",Food and beverages,385.28,4/1/20,Ewallet,5.2
693,WALM022,25-34,Non-Binary,"Anchorage, AK",Health and beauty,486.3,6/12/23,Cash,8.8
694,WALM012,55+,Female,"Wichita, KS",Fashion accessories,513.66,8/19/22,Cash,9.5
695,WALM009,25-34,Non-Binary,"Milwaukee, WI",Food and beverages,473.4,1/26/20,Cash,7.6
696,WALM052,25-34,Female,"Providence, RI",Home and lifestyle,436.85,3/1/20,Cash,6.6
697,WALM040,18-24,Non-Binary,"Seattle, WA",Sports and travel,108.16,7/11/20,Ewallet,6.9
698,WALM079,18-24,Non-Binary,"Fargo, ND",Home and lifestyle,248.76,12/24/23,Ewallet,4.3
699,WALM088,25-34,Female,"Charlotte, NC",Electronic accessories,626.22,3/23/19,Credit card,7.8
700,WALM066,55+,Male,"Detroit, MI",Home and lifestyle,975,6/16/22,Ewallet,8
701,WALM061,25-34,Male,"Philadelphia, PA",Fashion accessories,483.28,1/3/20,Ewallet,9.6
702,WALM059,45-54,Prefer Not to Say,"Providence, RI",Food and beverages,96.96,3/15/22,Credit card,4.3
703,WALM046,35-44,Female,"Little Rock, AR",Fashion accessories,197.7,12/3/21,Credit card,5
704,WALM044,45-54,Non-Binary,"Fargo, ND",Health and beauty,724.23,4/2/20,Cash,9.2
705,WALM042,45-54,Female,"Detroit, MI",Home and lifestyle,795.51,6/24/20,Cash,6.3
706,WALM045,18-24,Non-Binary,"Albuquerque, NM",Health and beauty,502.39,12/18/21,Credit card,8.9
707,WALM031,25-34,Female,"Milwaukee, WI",Electronic accessories,172,9/23/22,Ewallet,7.6
708,WALM069,35-44,Male,"Providence, RI",Food and beverages,68.98,12/12/19,Cash,4.8
709,WALM048,45-54,Prefer Not to Say,"Philadelphia, PA",Fashion accessories,124.96,2/26/21,Ewallet,9.1
710,WALM040,55+,Prefer Not to Say,"Milwaukee, WI",Sports and travel,77.1,7/19/20,Ewallet,6.1
711,WALM080,18-24,Prefer Not to Say,"Omaha, NE",Food and beverages,483.72,6/13/20,Cash,9.1
712,WALM007,35-44,Male,"Hartford, CT",Home and lifestyle,302.12,2/10/21,Ewallet,8.3
713,WALM074,18-24,Prefer Not to Say,"Detroit, MI",Electronic accessories,698.67,8/22/22,Cash,7.2
714,WALM021,45-54,Female,"Milwaukee, WI",Health and beauty,124.65,12/31/20,Ewallet,6
715,WALM049,18-24,Female,"Charleston, WV",Fashion accessories,789.6,1/22/22,Ewallet,8.5
716,WALM057,55+,Male,"Oklahoma City, OK",Health and beauty,178.4,6/14/19,Credit card,6.6
717,WALM079,25-34,Non-Binary,"Oklahoma City, OK",Fashion accessories,500.22,7/22/22,Ewallet,4.5
718,WALM040,25-34,Prefer Not to Say,"New York City, NY",Electronic accessories,35.82,11/9/19,Credit card,8.1
719,WALM099,25-34,Female,"Providence, RI",Fashion accessories,136.14,2/13/23,Credit card,7.2
720,WALM056,25-34,Female,"New Orleans, LA",Fashion accessories,104.88,3/27/23,Credit card,6.1
721,WALM004,25-34,Non-Binary,"Anchorage, AK",Fashion accessories,178.92,4/23/23,Cash,7.1
722,WALM018,55+,Prefer Not to Say,"Philadelphia, PA",Sports and travel,815.67,6/23/21,Cash,5.1
723,WALM087,55+,Female,"Omaha, NE",Home and lifestyle,132.36,7/26/20,Credit card,7.9
724,WALM008,55+,Prefer Not to Say,"Virginia Beach, VA",Food and beverages,257.39,11/8/22,Cash,7.4
725,WALM060,45-54,Non-Binary,"Atlanta, GA",Food and beverages,93.36,5/29/20,Ewallet,7.4
726,WALM084,45-54,Prefer Not to Say,"Fargo, ND",Health and beauty,228,2/5/19,Cash,6.6
727,WALM067,45-54,Non-Binary,"Houston, TX",Home and lifestyle,166.71,3/8/21,Credit card,5.9
728,WALM043,18-24,Female,"Charleston, WV",Sports and travel,697.4,2/12/21,Credit card,8.9
729,WALM096,35-44,Non-Binary,"Albuquerque, NM",Fashion accessories,389.04,6/6/19,Ewallet,6.8
730,WALM029,18-24,Prefer Not to Say,"Nashville, TN",Home and lifestyle,365.26,5/20/19,Cash,9.3
731,WALM078,45-54,Non-Binary,"Anchorage, AK",Fashion accessories,89.28,10/13/22,Credit card,4.4
732,WALM087,25-34,Female,"Columbus, OH",Health and beauty,168,8/21/20,Ewallet,4.8
733,WALM062,45-54,Prefer Not to Say,"Phoenix, AZ",Fashion accessories,19.7,5/7/23,Ewallet,9.5
734,WALM052,35-44,Non-Binary,"Sioux Falls, SD",Electronic accessories,531.16,11/17/22,Ewallet,8.9
735,WALM057,45-54,Prefer Not to Say,"Denver, CO",Food and beverages,53.72,11/10/22,Ewallet,6.4
736,WALM095,45-54,Non-Binary,"Cheyenne, WY",Health and beauty,819.5,5/4/19,Credit card,6
737,WALM066,18-24,Prefer Not to Say,"Las Vegas, NV",Home and lifestyle,568.4,9/24/23,Credit card,8.1
738,WALM010,35-44,Female,"New Orleans, LA",Electronic accessories,587.6,1/11/23,Ewallet,9
739,WALM064,55+,Non-Binary,"Salt Lake City, UT",Electronic accessories,732.48,1/1/23,Ewallet,6
740,WALM084,45-54,Prefer Not to Say,"Wichita, KS",Home and lifestyle,845.64,4/19/19,Cash,9.8
741,WALM047,18-24,Female,"Charleston, SC",Home and lifestyle,389.27,1/6/22,Cash,8.5
742,WALM076,45-54,Female,"Jackson, MS",Food and beverages,84.83,1/10/20,Ewallet,8.8
743,WALM048,55+,Prefer Not to Say,"Baltimore, MD",Sports and travel,143.26,4/1/23,Ewallet,8.8
744,WALM067,25-34,Prefer Not to Say,"Fargo, ND",Home and lifestyle,75.38,2/28/22,Ewallet,9.5
745,WALM002,25-34,Male,"Charleston, SC",Sports and travel,253.36,6/23/22,Credit card,5.6
746,WALM081,18-24,Female,"Boston, MA",Food and beverages,38.42,8/19/21,Cash,8.6
747,WALM062,25-34,Prefer Not to Say,"Charlotte, NC",Fashion accessories,652.3,9/9/20,Credit card,5.2
748,WALM016,55+,Female,"Phoenix, AZ",Home and lifestyle,52.65,2/28/23,Credit card,5.8
749,WALM025,35-44,Male,"Des Moines, IA",Home and lifestyle,110.61,2/13/21,Credit card,8
750,WALM005,45-54,Female,"Orlando, FL",Health and beauty,568.61,8/20/20,Cash,9
751,WALM060,25-34,Female,"Billings, MT",Fashion accessories,89.28,10/18/20,Ewallet,4.1
752,WALM090,18-24,Male,"Charlotte, NC",Food and beverages,136.4,7/13/19,Credit card,8.6
753,WALM075,25-34,Prefer Not to Say,"Los Angeles, CA",Electronic accessories,174.2,4/25/21,Ewallet,7
754,WALM074,18-24,Non-Binary,"Boston, MA",Home and lifestyle,366.4,8/5/21,Cash,8.4
755,WALM021,45-54,Non-Binary,"Baltimore, MD",Fashion accessories,254.61,3/6/20,Ewallet,7.4
756,WALM072,45-54,Non-Binary,"Louisville, KY",Fashion accessories,778.32,3/18/22,Credit card,6.2
757,WALM077,35-44,Female,"Louisville, KY",Electronic accessories,285.92,12/18/21,Ewallet,4.9
758,WALM063,45-54,Male,"Denver, CO",Home and lifestyle,579.12,8/28/19,Cash,4.5
759,WALM064,25-34,Male,"Billings, MT",Food and beverages,188.5,2/14/19,Ewallet,5.6
760,WALM028,35-44,Prefer Not to Say,"Portland, ME",Food and beverages,221.56,12/1/19,Ewallet,8
761,WALM003,55+,Non-Binary,"Albuquerque, NM",Food and beverages,772,1/15/23,Credit card,5.6
762,WALM069,25-34,Prefer Not to Say,"Las Vegas, NV",Electronic accessories,721.3,6/10/23,Credit card,4.2
763,WALM071,18-24,Female,"Burlington, VT",Fashion accessories,511.04,3/15/23,Ewallet,9.9
764,WALM070,45-54,Prefer Not to Say,"Honolulu, HI",Health and beauty,53.45,5/23/22,Ewallet,7.6
765,WALM004,45-54,Female,"Portland, OR",Health and beauty,222,5/27/21,Credit card,6.6
766,WALM017,18-24,Non-Binary,"Seattle, WA",Home and lifestyle,763.68,9/2/20,Ewallet,4.7
767,WALM056,55+,Prefer Not to Say,"Minneapolis, MN",Fashion accessories,228.18,10/13/21,Credit card,9.8
768,WALM006,25-34,Prefer Not to Say,"Little Rock, AR",Sports and travel,82.14,12/12/22,Cash,6.3
769,WALM049,35-44,Male,"Indianapolis, IN",Electronic accessories,382.56,12/26/21,Cash,7.9
770,WALM020,45-54,Non-Binary,"Nashville, TN",Home and lifestyle,68.58,1/16/23,Cash,7.7
771,WALM065,35-44,Non-Binary,"Sioux Falls, SD",Sports and travel,382.16,3/9/20,Ewallet,4.5
772,WALM039,35-44,Male,"Las Vegas, NV",Health and beauty,601.09,5/9/19,Credit card,8
773,WALM046,25-34,Female,"Columbus, OH",Sports and travel,475.93,7/17/21,Ewallet,5.7
774,WALM060,45-54,Male,"Nashville, TN",Food and beverages,52.42,5/11/21,Credit card,6.3
775,WALM052,18-24,Female,"Billings, MT",Food and beverages,131.3,9/3/22,Cash,6
776,WALM053,35-44,Non-Binary,"Little Rock, AR",Food and beverages,144.3,8/21/22,Credit card,8
777,WALM084,25-34,Non-Binary,"Des Moines, IA",Health and beauty,457.17,9/23/21,Credit card,4.2
778,WALM096,35-44,Non-Binary,"Baltimore, MD",Sports and travel,93.38,2/23/23,Cash,9.6
779,WALM031,25-34,Female,"St. Louis, MO",Sports and travel,126.25,8/8/22,Cash,6.1
780,WALM095,35-44,Female,"Phoenix, AZ",Electronic accessories,790.83,12/14/22,Ewallet,5.6
781,WALM005,45-54,Non-Binary,"Providence, RI",Health and beauty,174.4,7/13/19,Cash,8.3
782,WALM022,18-24,Male,"Milwaukee, WI",Sports and travel,379.04,5/26/20,Ewallet,7.8
783,WALM063,25-34,Female,"Omaha, NE",Fashion accessories,30.62,8/16/23,Credit card,4.1
784,WALM055,35-44,Prefer Not to Say,"Nashville, TN",Home and lifestyle,352.08,1/27/19,Cash,8.8
785,WALM069,18-24,Female,"Las Vegas, NV",Health and beauty,50.8,3/5/22,Ewallet,4.1
786,WALM087,45-54,Non-Binary,"Las Vegas, NV",Electronic accessories,522.06,9/10/21,Credit card,9
787,WALM062,45-54,Prefer Not to Say,"Nashville, TN",Electronic accessories,575.12,7/27/22,Ewallet,5.5
788,WALM025,25-34,Male,"Indianapolis, IN",Health and beauty,54.95,8/9/23,Credit card,9.3
789,WALM017,35-44,Male,"Honolulu, HI",Health and beauty,181.41,11/20/23,Credit card,5.6
790,WALM089,35-44,Male,"Seattle, WA",Sports and travel,412.37,12/30/21,Ewallet,9.7
791,WALM031,45-54,Male,"Cheyenne, WY",Fashion accessories,46.41,7/9/22,Credit card,4
792,WALM038,55+,Non-Binary,"Charleston, SC",Health and beauty,274.2,11/5/23,Credit card,9.2
793,WALM008,35-44,Non-Binary,"Providence, RI",Home and lifestyle,973.7,10/21/23,Credit card,4.9
794,WALM022,55+,Male,"Los Angeles, CA",Electronic accessories,648.2,4/15/23,Credit card,9.3
795,WALM100,18-24,Prefer Not to Say,"Portland, ME",Electronic accessories,93.22,9/21/23,Credit card,6.6
796,WALM001,18-24,Non-Binary,"Omaha, NE",Fashion accessories,54.36,9/27/20,Ewallet,4.3
797,WALM067,55+,Male,"Honolulu, HI",Home and lifestyle,60.87,9/17/22,Cash,5.5
798,WALM072,55+,Prefer Not to Say,"Los Angeles, CA",Sports and travel,244.9,6/25/21,Cash,8.1
799,WALM098,35-44,Prefer Not to Say,"Columbus, OH",Health and beauty,92.78,5/18/23,Credit card,9.8
800,WALM067,55+,Male,"Charlotte, NC",Home and lifestyle,433.45,11/17/19,Ewallet,9.4
801,WALM075,35-44,Non-Binary,"Jackson, MS",Sports and travel,138.06,9/14/22,Ewallet,7.9
802,WALM005,18-24,Male,"Boise, ID",Electronic accessories,241.6,8/21/20,Ewallet,5.1
803,WALM037,18-24,Prefer Not to Say,"Atlanta, GA",Fashion accessories,471.73,11/12/19,Ewallet,6.9
804,WALM096,35-44,Prefer Not to Say,"Honolulu, HI",Fashion accessories,440.64,4/25/20,Cash,8
805,WALM009,55+,Prefer Not to Say,"Boise, ID",Electronic accessories,680.31,9/10/20,Cash,8
806,WALM074,35-44,Prefer Not to Say,"Birmingham, AL",Home and lifestyle,309.88,3/21/23,Cash,4.2
807,WALM080,18-24,Male,"Indianapolis, IN",Sports and travel,186.36,3/3/20,Credit card,8.5
808,WALM025,18-24,Non-Binary,"Minneapolis, MN",Electronic accessories,200.92,12/1/23,Cash,9
809,WALM040,18-24,Female,"Las Vegas, NV",Health and beauty,17.75,7/23/19,Cash,8.6
810,WALM059,45-54,Non-Binary,"Columbus, OH",Fashion accessories,621.8,7/18/23,Ewallet,6
811,WALM016,45-54,Prefer Not to Say,"Fargo, ND",Health and beauty,86,8/29/19,Ewallet,6.2
812,WALM082,25-34,Female,"Omaha, NE",Electronic accessories,402.6,8/16/23,Cash,5
813,WALM086,18-24,Prefer Not to Say,"Anchorage, AK",Sports and travel,324.85,10/1/22,Credit card,6.5
814,WALM077,55+,Non-Binary,"Portland, OR",Electronic accessories,95.15,7/29/21,Cash,6
815,WALM028,25-34,Non-Binary,"New Orleans, LA",Electronic accessories,388.96,2/15/21,Cash,5
816,WALM072,45-54,Prefer Not to Say,"Charleston, WV",Food and beverages,425.68,12/24/20,Ewallet,5
817,WALM058,45-54,Non-Binary,"Columbus, OH",Fashion accessories,318.08,2/12/21,Cash,9.2
818,WALM078,35-44,Female,"Omaha, NE",Food and beverages,271.04,6/24/21,Ewallet,9.6
819,WALM008,45-54,Male,"Des Moines, IA",Health and beauty,384.64,11/2/19,Credit card,8.4
820,WALM086,35-44,Female,"New Orleans, LA",Food and beverages,235.8,7/3/23,Credit card,6
821,WALM069,55+,Male,"Nashville, TN",Electronic accessories,211.56,1/4/22,Ewallet,6.7
822,WALM009,55+,Male,"Columbus, OH",Home and lifestyle,95.36,12/2/21,Credit card,4.1
823,WALM048,25-34,Male,"Baltimore, MD",Sports and travel,10.17,9/5/22,Cash,5.9
824,WALM035,18-24,Non-Binary,"Milwaukee, WI",Health and beauty,206.13,7/16/19,Cash,8.7
825,WALM042,25-34,Male,"Chicago, IL",Sports and travel,420.56,7/19/23,Credit card,4.5
826,WALM011,25-34,Non-Binary,"Anchorage, AK",Sports and travel,88.04,4/14/20,Credit card,6.6
827,WALM073,35-44,Female,"Salt Lake City, UT",Health and beauty,648.99,12/7/20,Credit card,7.7
828,WALM009,55+,Female,"Portland, OR",Fashion accessories,123.84,1/19/22,Credit card,8.5
829,WALM020,18-24,Female,"St. Louis, MO",Electronic accessories,649.5,7/28/21,Cash,5.2
830,WALM011,35-44,Female,"Little Rock, AR",Electronic accessories,742.2,3/27/20,Credit card,4.3
831,WALM003,45-54,Non-Binary,"Billings, MT",Electronic accessories,84.48,2/18/22,Cash,7.6
832,WALM087,55+,Prefer Not to Say,"Sioux Falls, SD",Health and beauty,250.28,10/28/20,Cash,9.5
833,WALM078,55+,Non-Binary,"Hartford, CT",Sports and travel,94.8,8/9/23,Cash,4.1
834,WALM082,35-44,Non-Binary,"Seattle, WA",Health and beauty,91.3,10/10/21,Cash,9.2
835,WALM060,18-24,Non-Binary,"Detroit, MI",Home and lifestyle,285.11,5/4/21,Ewallet,5.4
836,WALM074,55+,Female,"Fargo, ND",Fashion accessories,52.38,6/19/20,Cash,5.8
837,WALM083,25-34,Prefer Not to Say,"Boise, ID",Fashion accessories,192.7,7/4/22,Ewallet,5.6
838,WALM098,55+,Female,"Albuquerque, NM",Sports and travel,267.78,8/23/19,Credit card,5.1
839,WALM076,18-24,Female,"Baltimore, MD",Electronic accessories,558.7,4/14/22,Cash,5.8
840,WALM085,35-44,Non-Binary,"Burlington, VT",Sports and travel,175.32,5/28/22,Ewallet,5
841,WALM056,45-54,Female,"Wilmington, DE",Fashion accessories,155.82,12/10/23,Cash,7.9
842,WALM070,18-24,Prefer Not to Say,"Los Angeles, CA",Electronic accessories,60.3,2/22/19,Cash,6
843,WALM080,35-44,Female,"Albuquerque, NM",Sports and travel,78.94,1/22/23,Credit card,5
844,WALM061,18-24,Female,"Charleston, SC",Food and beverages,29.74,9/21/23,Credit card,8.9
845,WALM051,25-34,Prefer Not to Say,"Baltimore, MD",Fashion accessories,21.32,3/1/23,Cash,5.9
846,WALM051,55+,Female,"Manchester, NH",Electronic accessories,281.34,8/20/22,Credit card,5.9
847,WALM018,25-34,Prefer Not to Say,"Sioux Falls, SD",Electronic accessories,73.26,5/4/23,Ewallet,9.7
848,WALM026,35-44,Male,"St. Louis, MO",Sports and travel,22.38,8/31/19,Credit card,8.6
849,WALM017,45-54,Male,"St. Louis, MO",Food and beverages,655.92,8/19/21,Cash,4
850,WALM033,45-54,Non-Binary,"Nashville, TN",Fashion accessories,594.6,4/8/19,Cash,4.2
851,WALM055,35-44,Non-Binary,"St. Louis, MO",Fashion accessories,74.1,1/15/23,Cash,9.2
852,WALM054,18-24,Non-Binary,"Charlotte, NC",Fashion accessories,196.96,9/23/23,Ewallet,9.2
853,WALM030,25-34,Non-Binary,"Honolulu, HI",Health and beauty,372.33,12/26/23,Ewallet,5
854,WALM093,25-34,Female,"Louisville, KY",Electronic accessories,527.9,6/16/21,Ewallet,10
855,WALM087,55+,Male,"Anchorage, AK",Health and beauty,479.75,10/2/23,Ewallet,8.8
856,WALM093,25-34,Non-Binary,"Burlington, VT",Fashion accessories,328.59,11/4/20,Cash,4.2
857,WALM049,25-34,Female,"Boston, MA",Food and beverages,168.96,10/7/20,Cash,6.3
858,WALM067,55+,Prefer Not to Say,"Virginia Beach, VA",Home and lifestyle,113.24,3/27/22,Cash,8.2
859,WALM093,25-34,Non-Binary,"Oklahoma City, OK",Health and beauty,345.54,8/7/19,Cash,5.1
860,WALM097,45-54,Prefer Not to Say,"Orlando, FL",Food and beverages,428.67,8/3/22,Cash,5
861,WALM078,35-44,Prefer Not to Say,"Boise, ID",Home and lifestyle,86.27,3/4/21,Ewallet,7
862,WALM068,55+,Prefer Not to Say,"Oklahoma City, OK",Sports and travel,25.52,6/1/21,Ewallet,7.8
863,WALM031,35-44,Female,"Des Moines, IA",Home and lifestyle,101.52,9/15/20,Credit card,4.3
864,WALM014,45-54,Male,"Newark, NJ",Home and lifestyle,357.49,11/3/23,Cash,7
865,WALM052,55+,Non-Binary,"Charlotte, NC",Electronic accessories,238.77,1/30/20,Cash,6.6
866,WALM075,45-54,Non-Binary,"Charleston, SC",Health and beauty,101.43,9/30/23,Ewallet,7.3
867,WALM085,18-24,Prefer Not to Say,"Honolulu, HI",Sports and travel,724.24,7/25/20,Credit card,6.5
868,WALM053,18-24,Prefer Not to Say,"Hartford, CT",Health and beauty,125.64,11/26/21,Ewallet,4.9
869,WALM051,55+,Male,"Louisville, KY",Food and beverages,72.93,4/8/22,Credit card,4.3
870,WALM035,25-34,Male,"Providence, RI",Sports and travel,258.36,12/8/20,Ewallet,9.3
871,WALM074,25-34,Male,"Denver, CO",Food and beverages,173.74,7/15/19,Cash,7.1
872,WALM091,45-54,Male,"Orlando, FL",Fashion accessories,56.5,4/14/23,Ewallet,9.6
873,WALM005,55+,Female,"Anchorage, AK",Electronic accessories,214.3,1/28/20,Cash,6.2
874,WALM059,45-54,Prefer Not to Say,"Virginia Beach, VA",Sports and travel,534.36,5/11/22,Cash,9.9
875,WALM046,55+,Non-Binary,"Portland, OR",Home and lifestyle,93.16,7/22/20,Credit card,5.9
876,WALM067,55+,Non-Binary,"Boise, ID",Home and lifestyle,522.08,5/27/22,Ewallet,6.3
877,WALM046,35-44,Non-Binary,"Las Vegas, NV",Fashion accessories,52.35,3/3/20,Cash,4
878,WALM047,35-44,Prefer Not to Say,"Columbus, OH",Electronic accessories,39.75,11/8/22,Cash,6.1
879,WALM067,25-34,Prefer Not to Say,"New Orleans, LA",Electronic accessories,720.16,9/19/21,Credit card,4.5
880,WALM013,55+,Prefer Not to Say,"Sioux Falls, SD",Electronic accessories,96.8,9/25/23,Ewallet,8.6
881,WALM023,35-44,Non-Binary,"Louisville, KY",Food and beverages,332.1,12/31/19,Ewallet,6
882,WALM084,35-44,Female,"Wichita, KS",Fashion accessories,81.44,12/30/21,Credit card,9.5
883,WALM090,25-34,Female,"Honolulu, HI",Sports and travel,319.9,6/4/21,Credit card,9.9
884,WALM082,25-34,Male,"Newark, NJ",Home and lifestyle,206.52,9/5/20,Cash,7.5
885,WALM003,18-24,Prefer Not to Say,"Cheyenne, WY",Food and beverages,166.68,11/4/19,Cash,7.6
886,WALM015,35-44,Male,"Salt Lake City, UT",Sports and travel,319.06,3/20/19,Cash,5
887,WALM027,35-44,Non-Binary,"Providence, RI",Food and beverages,87.9,10/21/20,Ewallet,6.7
888,WALM001,35-44,Female,"Virginia Beach, VA",Electronic accessories,734.7,2/1/22,Ewallet,9.5
889,WALM093,25-34,Non-Binary,"Burlington, VT",Fashion accessories,97.52,10/25/21,Ewallet,6.8
890,WALM025,25-34,Female,"Columbus, OH",Sports and travel,769.2,2/19/22,Ewallet,5.6
891,WALM092,25-34,Male,"Hartford, CT",Health and beauty,418.3,9/29/21,Cash,7.2
892,WALM059,25-34,Prefer Not to Say,"Jackson, MS",Electronic accessories,463.28,7/8/19,Cash,8.1
893,WALM015,45-54,Male,"Jackson, MS",Fashion accessories,462.45,11/2/21,Credit card,8.6
894,WALM063,45-54,Male,"Manchester, NH",Electronic accessories,141.9,6/3/19,Cash,9.4
895,WALM075,55+,Prefer Not to Say,"Hartford, CT",Electronic accessories,302.7,3/8/19,Credit card,8.9
896,WALM051,25-34,Non-Binary,"Manchester, NH",Health and beauty,793.28,6/19/22,Credit card,4.2
897,WALM060,35-44,Male,"Portland, ME",Fashion accessories,425.18,12/24/21,Ewallet,5
898,WALM039,18-24,Non-Binary,"St. Louis, MO",Food and beverages,283.62,7/1/22,Cash,8.8
899,WALM008,45-54,Non-Binary,"Boise, ID",Health and beauty,599.2,9/6/20,Cash,5.3
900,WALM083,35-44,Male,"Honolulu, HI",Food and beverages,315.36,3/14/20,Ewallet,4.6
901,WALM039,45-54,Female,"Billings, MT",Electronic accessories,403.56,12/6/20,Credit card,7.5
902,WALM099,18-24,Non-Binary,"Orlando, FL",Home and lifestyle,183.88,11/2/23,Ewallet,5.1
903,WALM011,25-34,Prefer Not to Say,"Milwaukee, WI",Health and beauty,138.65,6/18/19,Credit card,4.2
904,WALM052,18-24,Female,"Houston, TX",Food and beverages,80.71,7/11/22,Cash,8.1
905,WALM012,45-54,Female,"New Orleans, LA",Health and beauty,116.64,3/8/22,Ewallet,6
906,WALM070,35-44,Female,"Cheyenne, WY",Home and lifestyle,313.52,4/3/19,Cash,7.9
907,WALM064,35-44,Male,"Providence, RI",Health and beauty,846.1,3/9/22,Credit card,8.8
908,WALM075,45-54,Non-Binary,"Portland, ME",Health and beauty,414.4,5/27/23,Credit card,6.6
909,WALM021,25-34,Female,"Sioux Falls, SD",Food and beverages,159.08,5/20/19,Ewallet,6.2
910,WALM009,18-24,Female,"Charleston, SC",Home and lifestyle,490.1,8/27/23,Credit card,4.2
911,WALM063,55+,Prefer Not to Say,"Nashville, TN",Food and beverages,87.45,1/20/20,Credit card,7.3
912,WALM002,45-54,Female,"Burlington, VT",Electronic accessories,224.52,9/2/21,Ewallet,8.6
913,WALM063,18-24,Prefer Not to Say,"New Orleans, LA",Home and lifestyle,744.96,6/17/23,Cash,6.8
914,WALM034,25-34,Female,"Billings, MT",Fashion accessories,410.72,11/1/23,Ewallet,7.6
915,WALM005,45-54,Male,"Portland, OR",Food and beverages,298.8,8/20/19,Cash,5.8
916,WALM028,45-54,Male,"Milwaukee, WI",Electronic accessories,212.94,12/26/21,Cash,4.1
917,WALM001,25-34,Prefer Not to Say,"Phoenix, AZ",Sports and travel,42.85,12/24/23,Credit card,9.3
918,WALM027,55+,Female,"Detroit, MI",Fashion accessories,378.68,10/26/23,Cash,6.8
919,WALM057,45-54,Female,"Indianapolis, IN",Home and lifestyle,206.91,8/3/23,Ewallet,8.7
920,WALM069,35-44,Female,"Providence, RI",Electronic accessories,78.78,3/13/21,Ewallet,6.3
921,WALM092,55+,Prefer Not to Say,"Des Moines, IA",Home and lifestyle,322.11,3/12/19,Credit card,5.1
922,WALM077,45-54,Male,"Los Angeles, CA",Home and lifestyle,98.22,3/29/21,Cash,7
923,WALM058,35-44,Prefer Not to Say,"Seattle, WA",Home and lifestyle,25.46,5/20/23,Credit card,5.2
924,WALM068,35-44,Male,"Philadelphia, PA",Sports and travel,581.98,11/24/19,Credit card,6.6
925,WALM087,35-44,Non-Binary,"Wilmington, DE",Sports and travel,211.32,11/22/21,Ewallet,6.5
926,WALM002,18-24,Female,"Houston, TX",Electronic accessories,55.12,2/15/20,Ewallet,9
927,WALM055,35-44,Female,"Jackson, MS",Sports and travel,88.31,11/19/22,Credit card,5.2
928,WALM071,18-24,Female,"Manchester, NH",Health and beauty,356.58,3/15/19,Credit card,6.8
929,WALM054,55+,Male,"Atlanta, GA",Electronic accessories,794.25,5/7/21,Credit card,7.6
930,WALM024,55+,Non-Binary,"Houston, TX",Sports and travel,50.62,3/3/21,Ewallet,7.2
931,WALM062,35-44,Female,"Honolulu, HI",Home and lifestyle,599.52,12/10/21,Ewallet,7.1
932,WALM043,35-44,Prefer Not to Say,"Phoenix, AZ",Fashion accessories,166.7,10/14/20,Credit card,9.5
933,WALM038,55+,Female,"Portland, OR",Food and beverages,744.4,2/19/21,Ewallet,5.1
934,WALM013,45-54,Prefer Not to Say,"Burlington, VT",Health and beauty,448.56,2/18/23,Ewallet,7.6
935,WALM006,35-44,Male,"Los Angeles, CA",Home and lifestyle,378.9,8/12/23,Ewallet,9.8
936,WALM099,25-34,Prefer Not to Say,"Orlando, FL",Home and lifestyle,257.16,11/19/20,Ewallet,5.1
937,WALM081,45-54,Non-Binary,"Manchester, NH",Health and beauty,552.23,10/25/20,Ewallet,7.5
938,WALM049,25-34,Prefer Not to Say,"Houston, TX",Sports and travel,447.4,12/29/22,Cash,7.4
939,WALM088,55+,Female,"St. Louis, MO",Health and beauty,276.27,2/20/20,Cash,4.2
940,WALM067,18-24,Prefer Not to Say,"Houston, TX",Food and beverages,343.74,7/30/20,Ewallet,5.9
941,WALM093,45-54,Prefer Not to Say,"Nashville, TN",Food and beverages,266.08,4/11/23,Ewallet,6.9
942,WALM095,35-44,Prefer Not to Say,"Atlanta, GA",Fashion accessories,898.38,3/25/21,Cash,6.6
943,WALM082,18-24,Prefer Not to Say,"Hartford, CT",Home and lifestyle,456.8,5/15/21,Cash,5.7
944,WALM025,45-54,Prefer Not to Say,"Jackson, MS",Health and beauty,253.95,4/4/21,Credit card,5.3
945,WALM058,35-44,Female,"Salt Lake City, UT",Health and beauty,70.56,11/2/19,Cash,4.2
946,WALM097,45-54,Female,"Little Rock, AR",Electronic accessories,657.16,6/27/20,Credit card,7.3
947,WALM007,18-24,Prefer Not to Say,"Birmingham, AL",Electronic accessories,168.5,7/21/22,Credit card,5.3
948,WALM009,55+,Prefer Not to Say,"Boise, ID",Fashion accessories,53.78,6/16/19,Ewallet,4.7
949,WALM044,35-44,Female,"Detroit, MI",Home and lifestyle,179.05,3/10/23,Ewallet,7.9
950,WALM020,35-44,Female,"Hartford, CT",Food and beverages,211.44,5/3/22,Ewallet,8.9
951,WALM081,18-24,Prefer Not to Say,"Billings, MT",Health and beauty,119.73,6/29/23,Ewallet,9.3
952,WALM039,18-24,Prefer Not to Say,"Des Moines, IA",Home and lifestyle,65.7,8/26/20,Ewallet,4.7
953,WALM005,35-44,Male,"Salt Lake City, UT",Food and beverages,251.4,8/1/21,Ewallet,8.7
954,WALM066,45-54,Prefer Not to Say,"Salt Lake City, UT",Food and beverages,84.16,12/18/19,Cash,7.6
955,WALM071,25-34,Male,"Albuquerque, NM",Home and lifestyle,395.46,11/5/19,Cash,5.7
956,WALM077,18-24,Female,"St. Louis, MO",Fashion accessories,297.99,2/8/20,Cash,6.8
957,WALM042,35-44,Prefer Not to Say,"Providence, RI",Food and beverages,454.41,10/20/20,Cash,5.4
958,WALM086,25-34,Prefer Not to Say,"Jackson, MS",Electronic accessories,276.12,8/19/22,Cash,7.1
959,WALM093,35-44,Male,"Boise, ID",Home and lifestyle,158,7/9/21,Cash,7.8
960,WALM025,45-54,Non-Binary,"Phoenix, AZ",Food and beverages,887.94,1/20/21,Cash,8.4
961,WALM013,18-24,Female,"Wichita, KS",Fashion accessories,91.98,1/9/22,Cash,9.8
962,WALM022,35-44,Non-Binary,"Jackson, MS",Electronic accessories,41.78,7/7/22,Cash,9.8
963,WALM062,35-44,Male,"Manchester, NH",Fashion accessories,15.5,10/15/19,Credit card,7.4
964,WALM087,35-44,Male,"Albuquerque, NM",Electronic accessories,290.46,7/20/23,Cash,6.7
965,WALM091,45-54,Non-Binary,"Portland, OR",Food and beverages,66.66,6/23/19,Credit card,6.4
966,WALM031,25-34,Female,"Newark, NJ",Electronic accessories,76.54,8/19/23,Credit card,5.8
967,WALM055,18-24,Non-Binary,"Charleston, WV",Home and lifestyle,299.7,5/8/21,Ewallet,7.2
968,WALM049,35-44,Female,"Baltimore, MD",Home and lifestyle,243.03,1/23/20,Credit card,9.3
969,WALM012,25-34,Non-Binary,"St. Louis, MO",Health and beauty,47.4,6/10/22,Cash,9.5
970,WALM026,35-44,Female,"Atlanta, GA",Electronic accessories,172.45,4/4/20,Credit card,9
971,WALM096,18-24,Female,"St. Louis, MO",Food and beverages,846.3,6/7/23,Credit card,9
972,WALM029,35-44,Prefer Not to Say,"Cheyenne, WY",Home and lifestyle,258.37,7/26/19,Ewallet,6.7
973,WALM004,25-34,Female,"Minneapolis, MN",Electronic accessories,609.56,4/30/19,Cash,5.5
974,WALM007,18-24,Male,"Albuquerque, NM",Home and lifestyle,240.24,1/28/21,Cash,5.4
975,WALM028,45-54,Non-Binary,"Charleston, SC",Fashion accessories,172.26,7/31/21,Cash,8.2
976,WALM058,55+,Prefer Not to Say,"Hartford, CT",Fashion accessories,99.84,9/3/21,Credit card,7
977,WALM081,25-34,Male,"Wilmington, DE",Food and beverages,298.64,8/10/23,Cash,8.5
978,WALM091,25-34,Male,"Cheyenne, WY",Food and beverages,159.6,6/21/20,Ewallet,4.9
979,WALM093,45-54,Non-Binary,"New York City, NY",Electronic accessories,25.45,9/25/23,Credit card,5.1
980,WALM034,25-34,Prefer Not to Say,"Detroit, MI",Food and beverages,67.77,5/10/20,Credit card,6.5
981,WALM072,18-24,Prefer Not to Say,"Las Vegas, NV",Food and beverages,238.36,1/23/19,Cash,9.8
982,WALM023,45-54,Female,"Fargo, ND",Health and beauty,232.6,12/18/22,Cash,8.4
983,WALM020,25-34,Male,"Billings, MT",Sports and travel,877.32,1/11/23,Ewallet,7.4
984,WALM065,35-44,Non-Binary,"Seattle, WA",Health and beauty,699.72,5/11/22,Cash,6.1
985,WALM083,25-34,Non-Binary,"Minneapolis, MN",Electronic accessories,674.59,2/14/22,Cash,6
986,WALM025,18-24,Male,"Providence, RI",Fashion accessories,318.55,1/28/19,Ewallet,8.5
987,WALM074,18-24,Prefer Not to Say,"Salt Lake City, UT",Health and beauty,29.52,6/4/21,Cash,4.3
988,WALM036,18-24,Non-Binary,"Las Vegas, NV",Health and beauty,496,7/27/23,Credit card,6.2
989,WALM015,18-24,Female,"Houston, TX",Electronic accessories,823.4,1/9/19,Ewallet,4.3
990,WALM095,45-54,Prefer Not to Say,"Portland, OR",Health and beauty,602.96,12/31/21,Credit card,8.4
991,WALM057,45-54,Female,"Seattle, WA",Food and beverages,282.8,6/30/23,Credit card,4.5
992,WALM001,45-54,Prefer Not to Say,"Newark, NJ",Sports and travel,766,6/14/19,Ewallet,6
993,WALM087,18-24,Prefer Not to Say,"Phoenix, AZ",Electronic accessories,116.06,7/24/23,Ewallet,8.8
994,WALM042,35-44,Male,"Honolulu, HI",Fashion accessories,174.9,12/28/21,Ewallet,6.6
995,WALM047,45-54,Male,"Providence, RI",Electronic accessories,60.95,11/25/19,Ewallet,5.9
996,WALM012,55+,Male,"Seattle, WA",Health and beauty,40.35,2/4/20,Ewallet,6.2
997,WALM005,18-24,Male,"Seattle, WA",Home and lifestyle,973.8,7/6/20,Ewallet,4.4
998,WALM041,18-24,Non-Binary,"New York City, NY",Food and beverages,31.84,3/1/23,Ewallet,7.7
999,WALM095,55+,Male,"St. Louis, MO",Home and lifestyle,65.82,10/5/19,Cash,4.1
1000,WALM025,25-34,Non-Binary,"Minneapolis, MN",Fashion accessories,618.38,11/9/19,Cash,6.6
1001,WALM012,45-54,Prefer Not to Say,"Las Vegas, NV",Home and lifestyle,110,9/22/19,Ewallet,6
1002,WALM013,55+,Male,"Boise, ID",Fashion accessories,106,4/10/21,Ewallet,8
1003,WALM090,35-44,Female,"Burlington, VT",Home and lifestyle,132,4/8/19,Ewallet,7
1004,WALM031,25-34,Male,"Los Angeles, CA",Fashion accessories,36,10/7/23,Ewallet,7
1005,WALM003,45-54,Female,"Honolulu, HI",Home and lifestyle,150,4/22/23,Ewallet,7
1006,WALM068,55+,Non-Binary,"Baltimore, MD",Fashion accessories,75,6/12/20,Ewallet,9
1007,WALM005,18-24,Prefer Not to Say,"Manchester, NH",Home and lifestyle,117,4/7/20,Ewallet,5
1008,WALM052,45-54,Female,"Anchorage, AK",Fashion accessories,112,4/29/23,Ewallet,6
1009,WALM006,25-34,Female,"Little Rock, AR",Home and lifestyle,66,11/13/20,Ewallet,5
1010,WALM038,18-24,Prefer Not to Say,"Charleston, WV",Fashion accessories,96,12/31/23,Ewallet,4
1011,WALM010,18-24,Prefer Not to Say,"Burlington, VT",Home and lifestyle,90,10/18/22,Ewallet,7
1012,WALM018,18-24,Male,"Fargo, ND",Fashion accessories,93,8/23/20,Ewallet,6
1013,WALM061,45-54,Male,"Birmingham, AL",Home and lifestyle,213,6/15/21,Ewallet,5
1014,WALM053,18-24,Female,"Baltimore, MD",Fashion accessories,22,8/14/19,Ewallet,4
1015,WALM081,25-34,Male,"Little Rock, AR",Home and lifestyle,90,11/8/20,Ewallet,5
1016,WALM064,45-54,Female,"New Orleans, LA",Fashion accessories,135,1/22/22,Ewallet,8
1017,WALM001,45-54,Female,"Denver, CO",Home and lifestyle,82,9/3/22,Ewallet,6
1018,WALM042,35-44,Female,"Cheyenne, WY",Fashion accessories,48,1/22/22,Ewallet,6
1019,WALM072,55+,Prefer Not to Say,"Manchester, NH",Home and lifestyle,108,3/16/21,Ewallet,4
1020,WALM096,55+,Non-Binary,"Indianapolis, IN",Fashion accessories,47,7/17/23,Ewallet,8
1021,WALM099,18-24,Female,"Philadelphia, PA",Home and lifestyle,252,3/23/21,Ewallet,9
1022,WALM054,35-44,Male,"Nashville, TN",Fashion accessories,62,8/4/22,Ewallet,5
1023,WALM040,18-24,Prefer Not to Say,"Atlanta, GA",Home and lifestyle,64,7/9/21,Ewallet,8
1024,WALM099,25-34,Female,"Salt Lake City, UT",Fashion accessories,204,5/11/22,Ewallet,6
1025,WALM030,35-44,Female,"Sioux Falls, SD",Home and lifestyle,134,2/10/22,Ewallet,4
1026,WALM056,25-34,Female,"Boise, ID",Fashion accessories,60,5/5/21,Ewallet,7
1027,WALM091,18-24,Non-Binary,"Oklahoma City, OK",Home and lifestyle,249,6/12/21,Ewallet,8
1028,WALM031,55+,Male,"Little Rock, AR",Fashion accessories,25,5/5/22,Ewallet,5
1029,WALM016,25-34,Male,"Charleston, WV",Home and lifestyle,75,9/13/19,Ewallet,7
1030,WALM012,55+,Female,"Birmingham, AL",Fashion accessories,19,3/4/19,Ewallet,9
1031,WALM013,25-34,Prefer Not to Say,"Salt Lake City, UT",Home and lifestyle,60,7/17/21,Ewallet,6
1032,WALM064,45-54,Male,"Birmingham, AL",Fashion accessories,234,1/29/20,Ewallet,8
1033,WALM088,45-54,Female,"Seattle, WA",Home and lifestyle,28,9/2/23,Ewallet,8
1034,WALM099,18-24,Male,"Las Vegas, NV",Fashion accessories,108,7/13/20,Ewallet,7
1035,WALM044,25-34,Prefer Not to Say,"Charlotte, NC",Home and lifestyle,63,1/2/20,Ewallet,6
1036,WALM064,45-54,Female,"Burlington, VT",Fashion accessories,210,2/5/19,Ewallet,5
1037,WALM083,45-54,Male,"Portland, ME",Home and lifestyle,81,5/29/22,Ewallet,5
1038,WALM024,45-54,Female,"Baltimore, MD",Fashion accessories,30,12/25/22,Ewallet,9
1039,WALM040,35-44,Prefer Not to Say,"Salt Lake City, UT",Home and lifestyle,102,10/7/20,Ewallet,7
1040,WALM022,45-54,Non-Binary,"Virginia Beach, VA",Fashion accessories,170,11/20/21,Ewallet,7
1041,WALM014,55+,Prefer Not to Say,"Newark, NJ",Home and lifestyle,29,2/15/19,Ewallet,4
1042,WALM082,45-54,Male,"Charleston, SC",Fashion accessories,150,4/11/23,Cash,5
1043,WALM051,55+,Non-Binary,"Atlanta, GA",Home and lifestyle,237,2/1/22,Ewallet,9
1044,WALM083,45-54,Prefer Not to Say,"New Orleans, LA",Fashion accessories,118,3/29/22,Ewallet,5
1045,WALM024,45-54,Male,"Portland, OR",Home and lifestyle,39,8/18/23,Ewallet,5
1046,WALM095,25-34,Female,"Phoenix, AZ",Fashion accessories,56,6/18/22,Ewallet,7
1047,WALM090,55+,Non-Binary,"Nashville, TN",Home and lifestyle,55,10/22/23,Ewallet,5
1048,WALM079,18-24,Male,"Providence, RI",Fashion accessories,86,4/19/19,Ewallet,7
1049,WALM074,25-34,Female,"Salt Lake City, UT",Home and lifestyle,75,10/19/23,Cash,8
1050,WALM082,35-44,Prefer Not to Say,"Charleston, SC",Fashion accessories,58,11/15/20,Cash,4
1051,WALM027,55+,Female,"Oklahoma City, OK",Home and lifestyle,49,4/24/22,Ewallet,6
1052,WALM082,55+,Non-Binary,"Minneapolis, MN",Fashion accessories,87,9/6/23,Cash,4
1053,WALM022,45-54,Non-Binary,"Des Moines, IA",Home and lifestyle,84,8/25/22,Ewallet,8
1054,WALM012,18-24,Non-Binary,"Indianapolis, IN",Fashion accessories,136,11/23/20,Ewallet,7
1055,WALM025,25-34,Prefer Not to Say,"Burlington, VT",Home and lifestyle,53,8/9/23,Ewallet,4
1056,WALM094,45-54,Female,"Los Angeles, CA",Fashion accessories,58,7/2/19,Ewallet,6
1057,WALM035,25-34,Female,"Nashville, TN",Home and lifestyle,132,12/17/22,Ewallet,6
1058,WALM100,18-24,Non-Binary,"Phoenix, AZ",Fashion accessories,120,1/17/21,Ewallet,8
1059,WALM072,25-34,Non-Binary,"Virginia Beach, VA",Home and lifestyle,62,11/23/19,Ewallet,5
1060,WALM058,45-54,Female,"Burlington, VT",Fashion accessories,99,6/4/20,Ewallet,7
1061,WALM038,35-44,Prefer Not to Say,"Boston, MA",Home and lifestyle,29,5/17/19,Ewallet,4
1062,WALM037,25-34,Female,"Sioux Falls, SD",Fashion accessories,201,11/11/23,Ewallet,6
1063,WALM090,55+,Prefer Not to Say,"Boston, MA",Home and lifestyle,42,11/11/19,Ewallet,6
1064,WALM037,18-24,Prefer Not to Say,"Billings, MT",Fashion accessories,61,3/12/20,Ewallet,7
1065,WALM068,55+,Non-Binary,"Newark, NJ",Home and lifestyle,192,8/27/23,Ewallet,6
1066,WALM096,25-34,Male,"Newark, NJ",Fashion accessories,32,7/24/21,Ewallet,7
1067,WALM090,25-34,Prefer Not to Say,"Nashville, TN",Home and lifestyle,46,11/29/21,Ewallet,6
1068,WALM025,55+,Prefer Not to Say,"Denver, CO",Fashion accessories,54,2/27/23,Ewallet,8
1069,WALM060,25-34,Female,"Billings, MT",Home and lifestyle,234,3/2/19,Ewallet,7
1070,WALM086,18-24,Male,"Des Moines, IA",Fashion accessories,50,4/6/20,Ewallet,4
1071,WALM031,25-34,Male,"Little Rock, AR",Home and lifestyle,132,12/29/20,Ewallet,6
1072,WALM050,45-54,Male,"Virginia Beach, VA",Fashion accessories,71,10/28/22,Ewallet,4
1073,WALM096,25-34,Prefer Not to Say,"Portland, OR",Home and lifestyle,72,3/30/21,Ewallet,5
1074,WALM065,55+,Female,"Cheyenne, WY",Fashion accessories,201,5/26/20,Ewallet,4
1075,WALM057,35-44,Male,"Jackson, MS",Home and lifestyle,68,4/7/21,Ewallet,8
1076,WALM001,55+,Female,"Virginia Beach, VA",Fashion accessories,27,1/25/19,Ewallet,8
1077,WALM046,18-24,Male,"Oklahoma City, OK",Home and lifestyle,61,12/26/20,Ewallet,7
1078,WALM058,45-54,Prefer Not to Say,"Baltimore, MD",Fashion accessories,225,10/17/21,Ewallet,8
1079,WALM075,45-54,Non-Binary,"Las Vegas, NV",Home and lifestyle,59,1/26/20,Ewallet,7
1080,WALM063,45-54,Female,"Burlington, VT",Fashion accessories,186,2/23/19,Ewallet,5
1081,WALM044,18-24,Non-Binary,"Nashville, TN",Home and lifestyle,246,10/9/21,Ewallet,5
1082,WALM030,55+,Female,"New York City, NY",Fashion accessories,83,10/27/19,Ewallet,7
1083,WALM052,25-34,Non-Binary,"New Orleans, LA",Home and lifestyle,108,5/2/21,Ewallet,7
1084,WALM048,25-34,Prefer Not to Say,"New York City, NY",Fashion accessories,57,7/6/23,Ewallet,6
1085,WALM049,45-54,Prefer Not to Say,"New York City, NY",Home and lifestyle,64,5/30/21,Ewallet,7
1086,WALM025,35-44,Male,"Portland, OR",Fashion accessories,17,6/3/20,Ewallet,9
1087,WALM001,18-24,Prefer Not to Say,"Los Angeles, CA",Home and lifestyle,152,11/15/23,Ewallet,9
1088,WALM076,45-54,Non-Binary,"Nashville, TN",Fashion accessories,59,4/21/21,Ewallet,5
1089,WALM083,55+,Female,"Omaha, NE",Home and lifestyle,99,12/6/21,Ewallet,6
1090,WALM090,55+,Non-Binary,"Las Vegas, NV",Fashion accessories,41,1/19/22,Ewallet,9
1091,WALM067,25-34,Male,"Charleston, WV",Home and lifestyle,63,11/18/19,Ewallet,8
1092,WALM003,35-44,Male,"Portland, OR",Fashion accessories,78,5/8/22,Ewallet,6
1093,WALM049,35-44,Female,"Newark, NJ",Home and lifestyle,52,11/10/19,Ewallet,4
1094,WALM079,35-44,Male,"Seattle, WA",Fashion accessories,16,7/2/21,Ewallet,9
1095,WALM010,25-34,Male,"Omaha, NE",Home and lifestyle,34,2/12/22,Ewallet,6
1096,WALM091,25-34,Non-Binary,"Charleston, SC",Fashion accessories,17,4/16/23,Ewallet,8
1097,WALM090,18-24,Male,"Portland, OR",Home and lifestyle,102,3/12/22,Ewallet,6
1098,WALM086,45-54,Female,"Omaha, NE",Fashion accessories,138,6/8/19,Ewallet,9
1099,WALM086,25-34,Non-Binary,"Chicago, IL",Home and lifestyle,88,8/29/22,Ewallet,4
1100,WALM047,55+,Male,"Boston, MA",Fashion accessories,147,5/5/23,Ewallet,9
1101,WALM070,35-44,Female,"Detroit, MI",Home and lifestyle,26,8/6/23,Ewallet,7
1102,WALM071,18-24,Non-Binary,"Wichita, KS",Fashion accessories,63,2/1/19,Ewallet,5
1103,WALM023,18-24,Non-Binary,"Honolulu, HI",Home and lifestyle,252,1/19/21,Ewallet,6
1104,WALM031,18-24,Male,"Phoenix, AZ",Fashion accessories,204,4/7/23,Ewallet,9
1105,WALM078,18-24,Non-Binary,"Billings, MT",Home and lifestyle,54,3/26/20,Ewallet,5
1106,WALM086,35-44,Prefer Not to Say,"Houston, TX",Fashion accessories,198,6/24/19,Ewallet,7
1107,WALM055,45-54,Female,"New York City, NY",Home and lifestyle,73,3/16/22,Ewallet,9
1108,WALM081,45-54,Prefer Not to Say,"Cheyenne, WY",Fashion accessories,94,9/18/21,Ewallet,4
1109,WALM040,18-24,Prefer Not to Say,"Jackson, MS",Home and lifestyle,80,5/28/21,Ewallet,9
1110,WALM069,45-54,Female,"Sioux Falls, SD",Fashion accessories,52,9/4/21,Ewallet,7
1111,WALM021,25-34,Male,"Nashville, TN",Home and lifestyle,45,11/9/20,Ewallet,4
1112,WALM012,55+,Female,"Denver, CO",Fashion accessories,154,8/12/20,Ewallet,9
1113,WALM091,35-44,Male,"Sioux Falls, SD",Home and lifestyle,142,9/2/23,Ewallet,7
1114,WALM098,35-44,Prefer Not to Say,"Charleston, SC",Fashion accessories,90,1/11/22,Ewallet,4
1115,WALM009,35-44,Prefer Not to Say,"Anchorage, AK",Home and lifestyle,234,7/30/23,Ewallet,9
1116,WALM075,25-34,Prefer Not to Say,"Omaha, NE",Fashion accessories,165,10/31/23,Ewallet,5
1117,WALM043,55+,Female,"Providence, RI",Home and lifestyle,104,9/18/19,Ewallet,6
1118,WALM055,25-34,Prefer Not to Say,"Orlando, FL",Fashion accessories,93,3/14/22,Ewallet,6
1119,WALM038,45-54,Female,"Manchester, NH",Home and lifestyle,192,11/27/22,Ewallet,6
1120,WALM068,25-34,Female,"Wichita, KS",Fashion accessories,96,6/19/20,Ewallet,4
1121,WALM060,18-24,Female,"Seattle, WA",Home and lifestyle,240,9/25/21,Ewallet,5
1122,WALM011,35-44,Non-Binary,"Detroit, MI",Fashion accessories,75,9/19/21,Ewallet,6
1123,WALM087,55+,Prefer Not to Say,"Wichita, KS",Home and lifestyle,77,5/14/19,Ewallet,4
1124,WALM031,45-54,Prefer Not to Say,"Baltimore, MD",Fashion accessories,126,6/15/22,Ewallet,6
1125,WALM058,18-24,Male,"Newark, NJ",Home and lifestyle,66,12/22/21,Ewallet,6
1126,WALM090,35-44,Prefer Not to Say,"Wichita, KS",Fashion accessories,30,1/28/22,Ewallet,5
1127,WALM049,55+,Male,"Wichita, KS",Home and lifestyle,88,4/28/21,Ewallet,5
1128,WALM063,18-24,Male,"Denver, CO",Fashion accessories,114,1/25/23,Ewallet,6
1129,WALM072,45-54,Male,"Phoenix, AZ",Home and lifestyle,126,12/4/19,Ewallet,4
1130,WALM005,45-54,Female,"New York City, NY",Fashion accessories,17,4/16/23,Ewallet,9
1131,WALM025,18-24,Prefer Not to Say,"St. Louis, MO",Home and lifestyle,116,5/30/23,Ewallet,5
1132,WALM023,35-44,Female,"Des Moines, IA",Fashion accessories,66,6/28/21,Ewallet,9
1133,WALM073,25-34,Male,"Louisville, KY",Home and lifestyle,132,4/4/20,Ewallet,5
1134,WALM046,45-54,Male,"Anchorage, AK",Fashion accessories,40,9/21/20,Ewallet,6
1135,WALM042,55+,Male,"Indianapolis, IN",Home and lifestyle,189,2/7/19,Ewallet,9
1136,WALM023,45-54,Male,"Denver, CO",Fashion accessories,213,2/27/20,Ewallet,8
1137,WALM074,18-24,Female,"Columbus, OH",Home and lifestyle,42,11/22/19,Cash,9
1138,WALM097,45-54,Male,"Oklahoma City, OK",Fashion accessories,44,5/27/21,Ewallet,9
1139,WALM087,55+,Male,"Anchorage, AK",Home and lifestyle,66,3/15/21,Ewallet,7
1140,WALM091,55+,Female,"Fargo, ND",Fashion accessories,56,1/22/22,Ewallet,4
1141,WALM082,55+,Prefer Not to Say,"Orlando, FL",Home and lifestyle,81,1/25/22,Cash,5
1142,WALM068,18-24,Female,"Baltimore, MD",Fashion accessories,234,1/1/21,Ewallet,7
1143,WALM009,55+,Male,"St. Louis, MO",Home and lifestyle,174,8/23/19,Ewallet,4
1144,WALM092,25-34,Male,"Birmingham, AL",Fashion accessories,58,8/13/20,Ewallet,6
1145,WALM047,35-44,Prefer Not to Say,"Charlotte, NC",Home and lifestyle,43,9/8/19,Ewallet,6
1146,WALM040,45-54,Non-Binary,"Seattle, WA",Fashion accessories,61,5/2/19,Ewallet,6
1147,WALM065,25-34,Male,"Wilmington, DE",Home and lifestyle,78,1/12/20,Ewallet,5
1148,WALM064,45-54,Non-Binary,"Chicago, IL",Fashion accessories,171,12/15/20,Ewallet,9
1149,WALM046,35-44,Male,"Burlington, VT",Home and lifestyle,154,1/3/23,Ewallet,9
1150,WALM046,45-54,Prefer Not to Say,"Louisville, KY",Fashion accessories,201,9/13/22,Ewallet,9
1151,WALM012,35-44,Female,"Chicago, IL",Home and lifestyle,252,3/23/23,Ewallet,8
1152,WALM051,35-44,Prefer Not to Say,"Denver, CO",Fashion accessories,47,5/28/23,Ewallet,6
1153,WALM003,35-44,Prefer Not to Say,"Newark, NJ",Home and lifestyle,216,7/13/21,Ewallet,7
1154,WALM052,55+,Prefer Not to Say,"Sioux Falls, SD",Fashion accessories,15,7/17/19,Ewallet,4
1155,WALM005,45-54,Male,"Charlotte, NC",Home and lifestyle,189,1/24/19,Ewallet,7
1156,WALM059,35-44,Non-Binary,"Wichita, KS",Fashion accessories,90,8/28/20,Ewallet,4
1157,WALM043,25-34,Female,"Little Rock, AR",Home and lifestyle,243,10/12/23,Ewallet,7
1158,WALM039,45-54,Non-Binary,"Indianapolis, IN",Fashion accessories,81,6/28/23,Ewallet,5
1159,WALM026,18-24,Non-Binary,"Chicago, IL",Home and lifestyle,80,5/5/21,Ewallet,8
1160,WALM074,18-24,Female,"Burlington, VT",Fashion accessories,19,1/16/20,Cash,5
1161,WALM100,25-34,Male,"Seattle, WA",Home and lifestyle,170,4/17/19,Ewallet,7
1162,WALM033,45-54,Male,"Fargo, ND",Fashion accessories,34,9/17/23,Ewallet,5
1163,WALM019,18-24,Male,"Phoenix, AZ",Home and lifestyle,177,12/28/21,Ewallet,7
1164,WALM084,35-44,Prefer Not to Say,"Charlotte, NC",Fashion accessories,21,3/14/21,Ewallet,8
1165,WALM035,18-24,Male,"Hartford, CT",Home and lifestyle,98,8/20/21,Ewallet,5
1166,WALM004,18-24,Prefer Not to Say,"Omaha, NE",Fashion accessories,50,2/2/23,Ewallet,9
1167,WALM044,45-54,Male,"Philadelphia, PA",Home and lifestyle,126,3/22/20,Ewallet,6
1168,WALM035,45-54,Male,"Honolulu, HI",Fashion accessories,72,7/31/21,Ewallet,9
1169,WALM003,25-34,Non-Binary,"Chicago, IL",Home and lifestyle,66,7/22/20,Ewallet,7
1170,WALM062,45-54,Male,"Detroit, MI",Fashion accessories,22,12/25/21,Ewallet,8
1171,WALM063,45-54,Female,"Burlington, VT",Home and lifestyle,53,2/9/23,Ewallet,4
1172,WALM052,55+,Prefer Not to Say,"Salt Lake City, UT",Fashion accessories,147,5/30/20,Ewallet,9
1173,WALM087,45-54,Prefer Not to Say,"Des Moines, IA",Home and lifestyle,166,4/15/21,Ewallet,5
1174,WALM080,25-34,Prefer Not to Say,"Baltimore, MD",Fashion accessories,38,1/21/23,Ewallet,5
1175,WALM092,18-24,Prefer Not to Say,"Detroit, MI",Home and lifestyle,144,10/10/21,Ewallet,7
1176,WALM065,45-54,Prefer Not to Say,"Detroit, MI",Fashion accessories,56,6/8/21,Ewallet,7
1177,WALM085,35-44,Female,"Des Moines, IA",Home and lifestyle,37,10/30/19,Ewallet,4
1178,WALM087,45-54,Female,"Minneapolis, MN",Fashion accessories,132,2/27/19,Ewallet,5
1179,WALM003,25-34,Prefer Not to Say,"New York City, NY",Home and lifestyle,141,7/16/23,Ewallet,9
1180,WALM041,55+,Male,"Fargo, ND",Fashion accessories,162,7/22/23,Ewallet,5
1181,WALM028,45-54,Female,"Boston, MA",Home and lifestyle,38,6/12/19,Ewallet,8
1182,WALM011,35-44,Female,"Columbus, OH",Fashion accessories,183,5/23/21,Ewallet,5
1183,WALM098,35-44,Male,"Denver, CO",Home and lifestyle,152,9/30/19,Ewallet,4
1184,WALM062,18-24,Female,"Phoenix, AZ",Fashion accessories,100,3/26/19,Ewallet,6
1185,WALM077,25-34,Male,"New Orleans, LA",Home and lifestyle,38,10/18/20,Ewallet,6
1186,WALM060,35-44,Female,"Cheyenne, WY",Fashion accessories,48,10/29/20,Ewallet,6
1187,WALM100,45-54,Prefer Not to Say,"Houston, TX",Home and lifestyle,112,2/4/22,Ewallet,8
1188,WALM077,45-54,Male,"Charlotte, NC",Fashion accessories,70,4/10/20,Ewallet,7
1189,WALM015,45-54,Female,"Providence, RI",Home and lifestyle,138,7/10/20,Ewallet,6
1190,WALM083,55+,Non-Binary,"Oklahoma City, OK",Fashion accessories,168,6/21/23,Ewallet,5
1191,WALM034,55+,Non-Binary,"Baltimore, MD",Home and lifestyle,78,1/30/20,Ewallet,9
1192,WALM001,35-44,Male,"Boston, MA",Fashion accessories,72,11/23/22,Ewallet,9
1193,WALM059,55+,Non-Binary,"Indianapolis, IN",Home and lifestyle,132,11/25/22,Ewallet,8
1194,WALM069,25-34,Prefer Not to Say,"Jackson, MS",Fashion accessories,147,3/14/23,Ewallet,4
1195,WALM038,45-54,Male,"Albuquerque, NM",Home and lifestyle,24,10/28/22,Ewallet,9
1196,WALM054,55+,Prefer Not to Say,"Oklahoma City, OK",Fashion accessories,153,2/8/19,Ewallet,6
1197,WALM017,18-24,Female,"Minneapolis, MN",Home and lifestyle,45,1/16/22,Ewallet,7
1198,WALM028,45-54,Prefer Not to Say,"Baltimore, MD",Fashion accessories,16,5/13/23,Ewallet,9
1199,WALM019,25-34,Male,"Charlotte, NC",Home and lifestyle,165,4/17/21,Ewallet,8
1200,WALM003,55+,Prefer Not to Say,"Boston, MA",Fashion accessories,123,7/22/19,Ewallet,8
1201,WALM049,55+,Male,"Houston, TX",Home and lifestyle,44,10/9/22,Ewallet,7
1202,WALM029,25-34,Female,"Omaha, NE",Fashion accessories,123,7/29/23,Ewallet,8
1203,WALM091,45-54,Female,"Hartford, CT",Home and lifestyle,48,11/22/21,Ewallet,7
1204,WALM032,25-34,Non-Binary,"Houston, TX",Fashion accessories,70,6/24/23,Ewallet,9
1205,WALM031,25-34,Prefer Not to Say,"Omaha, NE",Home and lifestyle,75,5/4/23,Ewallet,8
1206,WALM053,45-54,Non-Binary,"Little Rock, AR",Fashion accessories,90,7/12/20,Ewallet,4
1207,WALM045,55+,Male,"St. Louis, MO",Home and lifestyle,45,9/11/21,Credit card,6
1208,WALM020,25-34,Non-Binary,"Louisville, KY",Fashion accessories,132,1/31/20,Ewallet,7
1209,WALM072,25-34,Prefer Not to Say,"Salt Lake City, UT",Home and lifestyle,63,12/26/19,Ewallet,7
1210,WALM086,25-34,Prefer Not to Say,"Philadelphia, PA",Fashion accessories,177,11/11/19,Ewallet,5
1211,WALM015,45-54,Female,"Sioux Falls, SD",Home and lifestyle,134,7/26/21,Ewallet,4
1212,WALM006,45-54,Non-Binary,"Orlando, FL",Fashion accessories,96,8/9/21,Ewallet,6
1213,WALM003,35-44,Prefer Not to Say,"Burlington, VT",Home and lifestyle,84,9/6/19,Ewallet,5
1214,WALM031,18-24,Prefer Not to Say,"Denver, CO",Fashion accessories,144,5/27/23,Ewallet,5
1215,WALM001,45-54,Female,"Houston, TX",Home and lifestyle,58,9/25/23,Ewallet,4
1216,WALM063,35-44,Non-Binary,"Burlington, VT",Fashion accessories,59,9/20/22,Ewallet,5
1217,WALM037,25-34,Non-Binary,"Fargo, ND",Home and lifestyle,45,12/28/22,Ewallet,7
1218,WALM088,18-24,Prefer Not to Say,"Denver, CO",Fashion accessories,102,9/4/19,Ewallet,4
1219,WALM049,25-34,Male,"Milwaukee, WI",Home and lifestyle,30,6/14/20,Ewallet,4
1220,WALM036,25-34,Male,"Milwaukee, WI",Fashion accessories,36,8/20/23,Ewallet,9
1221,WALM066,18-24,Male,"Phoenix, AZ",Home and lifestyle,65,5/8/20,Ewallet,4
1222,WALM070,25-34,Female,"Las Vegas, NV",Fashion accessories,60,9/9/20,Ewallet,9
1223,WALM088,55+,Prefer Not to Say,"Minneapolis, MN",Home and lifestyle,28,11/11/22,Ewallet,9
1224,WALM038,35-44,Non-Binary,"Louisville, KY",Fashion accessories,106,2/28/21,Ewallet,7
1225,WALM003,35-44,Male,"New York City, NY",Home and lifestyle,66,4/7/19,Ewallet,8
1226,WALM094,18-24,Female,"Manchester, NH",Fashion accessories,231,6/2/20,Ewallet,7
1227,WALM091,25-34,Non-Binary,"Albuquerque, NM",Home and lifestyle,50,7/24/19,Ewallet,4
1228,WALM002,55+,Prefer Not to Say,"Providence, RI",Fashion accessories,41,4/30/23,Ewallet,5
1229,WALM087,25-34,Non-Binary,"Virginia Beach, VA",Home and lifestyle,80,9/28/20,Ewallet,7
1230,WALM005,18-24,Male,"Salt Lake City, UT",Fashion accessories,138,11/21/23,Ewallet,4
1231,WALM043,35-44,Prefer Not to Say,"Las Vegas, NV",Home and lifestyle,198,2/2/19,Ewallet,6
1232,WALM087,45-54,Female,"Portland, ME",Fashion accessories,92,8/3/23,Ewallet,5
1233,WALM032,35-44,Non-Binary,"Providence, RI",Home and lifestyle,84,7/30/23,Ewallet,7
1234,WALM029,18-24,Female,"Fargo, ND",Fashion accessories,148,6/24/21,Ewallet,4
1235,WALM070,18-24,Non-Binary,"Las Vegas, NV",Home and lifestyle,141,12/10/22,Ewallet,7
1236,WALM023,45-54,Male,"Atlanta, GA",Fashion accessories,19,3/5/23,Ewallet,5
1237,WALM078,45-54,Female,"Portland, ME",Home and lifestyle,186,4/5/20,Ewallet,4
1238,WALM035,25-34,Female,"Louisville, KY",Fashion accessories,39,11/11/19,Ewallet,6
1239,WALM089,25-34,Prefer Not to Say,"Little Rock, AR",Home and lifestyle,72,9/23/20,Ewallet,4
1240,WALM023,55+,Female,"Billings, MT",Fashion accessories,225,12/22/22,Ewallet,6
1241,WALM056,35-44,Female,"Providence, RI",Home and lifestyle,63,3/2/20,Ewallet,4
1242,WALM004,18-24,Female,"Houston, TX",Fashion accessories,26,11/24/20,Ewallet,9
1243,WALM100,35-44,Non-Binary,"Little Rock, AR",Home and lifestyle,160,5/6/21,Ewallet,8
1244,WALM080,18-24,Prefer Not to Say,"Milwaukee, WI",Fashion accessories,189,3/29/22,Ewallet,5
1245,WALM053,45-54,Male,"Philadelphia, PA",Home and lifestyle,166,9/29/23,Ewallet,8
1246,WALM016,18-24,Prefer Not to Say,"Louisville, KY",Fashion accessories,50,6/17/19,Ewallet,5
1247,WALM029,18-24,Prefer Not to Say,"Virginia Beach, VA",Home and lifestyle,96,12/25/22,Ewallet,8
1248,WALM003,55+,Non-Binary,"Des Moines, IA",Fashion accessories,126,10/19/19,Ewallet,9
1249,WALM074,18-24,Male,"Jackson, MS",Home and lifestyle,144,1/10/21,Cash,6
1250,WALM051,35-44,Prefer Not to Say,"Little Rock, AR",Fashion accessories,102,3/28/23,Ewallet,6
1251,WALM077,45-54,Male,"Orlando, FL",Home and lifestyle,234,2/7/22,Ewallet,5
1252,WALM008,18-24,Prefer Not to Say,"New Orleans, LA",Fashion accessories,30,10/8/20,Ewallet,7
1253,WALM069,55+,Male,"Nashville, TN",Home and lifestyle,45,3/10/21,Ewallet,9
1254,WALM069,35-44,Prefer Not to Say,"Atlanta, GA",Fashion accessories,70,4/5/21,Ewallet,9
1255,WALM091,18-24,Female,"Milwaukee, WI",Home and lifestyle,108,10/29/19,Ewallet,8
1256,WALM023,25-34,Non-Binary,"Nashville, TN",Fashion accessories,24,5/15/22,Ewallet,4
1257,WALM056,55+,Non-Binary,"Indianapolis, IN",Home and lifestyle,234,12/29/23,Ewallet,7
1258,WALM063,55+,Male,"Orlando, FL",Fashion accessories,216,1/2/20,Ewallet,9
1259,WALM098,35-44,Female,"Detroit, MI",Home and lifestyle,96,11/11/20,Ewallet,8
1260,WALM094,45-54,Male,"Louisville, KY",Fashion accessories,31,8/16/22,Ewallet,7
1261,WALM075,35-44,Female,"Chicago, IL",Home and lifestyle,66,4/25/23,Ewallet,5
1262,WALM096,25-34,Male,"Jackson, MS",Fashion accessories,146,3/24/19,Ewallet,5
1263,WALM018,25-34,Female,"Portland, OR",Home and lifestyle,44,4/3/23,Ewallet,9
1264,WALM071,18-24,Female,"Portland, OR",Fashion accessories,36,8/24/21,Ewallet,6
1265,WALM023,45-54,Female,"Salt Lake City, UT",Home and lifestyle,42,7/21/21,Ewallet,5
1266,WALM037,35-44,Female,"Portland, ME",Fashion accessories,36,2/6/23,Ewallet,7
1267,WALM056,35-44,Prefer Not to Say,"Little Rock, AR",Home and lifestyle,213,10/16/23,Ewallet,9
1268,WALM084,35-44,Female,"Louisville, KY",Fashion accessories,39,6/26/22,Ewallet,9
1269,WALM095,45-54,Prefer Not to Say,"Los Angeles, CA",Home and lifestyle,228,6/3/23,Ewallet,7
1270,WALM093,25-34,Female,"Albuquerque, NM",Fashion accessories,45,2/17/20,Ewallet,4
1271,WALM029,35-44,Non-Binary,"Albuquerque, NM",Home and lifestyle,16,7/8/21,Ewallet,4
1272,WALM048,25-34,Female,"Milwaukee, WI",Fashion accessories,98,3/21/23,Ewallet,6
1273,WALM038,18-24,Non-Binary,"Baltimore, MD",Home and lifestyle,90,3/30/23,Ewallet,9
1274,WALM049,35-44,Prefer Not to Say,"Phoenix, AZ",Fashion accessories,17,4/12/22,Ewallet,6
1275,WALM066,45-54,Female,"Wichita, KS",Home and lifestyle,37,2/12/23,Ewallet,6
1276,WALM006,55+,Female,"Seattle, WA",Fashion accessories,84,9/24/20,Ewallet,5
1277,WALM002,55+,Male,"Seattle, WA",Home and lifestyle,84,5/17/22,Ewallet,5
1278,WALM096,18-24,Male,"Chicago, IL",Fashion accessories,55,1/25/23,Ewallet,5
1279,WALM057,55+,Male,"Anchorage, AK",Home and lifestyle,47,6/14/23,Ewallet,5
1280,WALM023,18-24,Non-Binary,"Las Vegas, NV",Fashion accessories,153,9/5/22,Ewallet,4
1281,WALM033,18-24,Non-Binary,"Phoenix, AZ",Home and lifestyle,216,7/31/22,Ewallet,8
1282,WALM097,45-54,Non-Binary,"Newark, NJ",Fashion accessories,201,12/9/21,Ewallet,7
1283,WALM058,35-44,Female,"Atlanta, GA",Home and lifestyle,148,7/13/22,Ewallet,4
1284,WALM002,18-24,Prefer Not to Say,"St. Louis, MO",Fashion accessories,78,6/12/23,Ewallet,7
1285,WALM085,55+,Female,"Providence, RI",Home and lifestyle,75,11/26/23,Ewallet,5
1286,WALM033,45-54,Non-Binary,"Portland, ME",Fashion accessories,126,3/1/21,Ewallet,7
1287,WALM043,35-44,Female,"Fargo, ND",Home and lifestyle,42,11/17/23,Ewallet,7
1288,WALM043,35-44,Male,"Minneapolis, MN",Fashion accessories,216,7/20/20,Ewallet,7
1289,WALM033,25-34,Non-Binary,"Birmingham, AL",Home and lifestyle,40,7/30/20,Ewallet,9
1290,WALM081,18-24,Prefer Not to Say,"Louisville, KY",Fashion accessories,123,12/30/20,Ewallet,5
1291,WALM032,45-54,Male,"Philadelphia, PA",Home and lifestyle,79,4/6/23,Ewallet,8
1292,WALM066,55+,Female,"Fargo, ND",Fashion accessories,150,11/13/23,Ewallet,7
1293,WALM038,45-54,Non-Binary,"Columbus, OH",Home and lifestyle,195,2/20/23,Ewallet,9
1294,WALM046,45-54,Male,"St. Louis, MO",Fashion accessories,53,2/14/22,Ewallet,8
1295,WALM015,35-44,Male,"Charleston, WV",Home and lifestyle,166,8/17/20,Ewallet,6
1296,WALM055,55+,Female,"Atlanta, GA",Fashion accessories,35,11/11/21,Ewallet,7
1297,WALM024,55+,Prefer Not to Say,"Philadelphia, PA",Home and lifestyle,170,1/19/22,Ewallet,6
1298,WALM007,25-34,Non-Binary,"Indianapolis, IN",Fashion accessories,48,5/19/22,Ewallet,5
1299,WALM083,55+,Non-Binary,"Houston, TX",Home and lifestyle,30,6/11/23,Ewallet,6
1300,WALM088,45-54,Prefer Not to Say,"Detroit, MI",Fashion accessories,44,9/27/19,Ewallet,6
1301,WALM070,25-34,Female,"Louisville, KY",Home and lifestyle,63,10/26/19,Ewallet,6
1302,WALM006,35-44,Non-Binary,"Orlando, FL",Fashion accessories,198,2/20/19,Ewallet,4
1303,WALM039,35-44,Female,"Nashville, TN",Home and lifestyle,39,4/20/22,Ewallet,4
1304,WALM077,35-44,Prefer Not to Say,"Cheyenne, WY",Fashion accessories,81,6/5/20,Ewallet,9
1305,WALM078,18-24,Prefer Not to Say,"Honolulu, HI",Home and lifestyle,153,10/26/19,Ewallet,7
1306,WALM024,25-34,Non-Binary,"New Orleans, LA",Fashion accessories,84,5/8/19,Ewallet,5
1307,WALM029,18-24,Male,"Billings, MT",Home and lifestyle,35,9/26/22,Ewallet,9
1308,WALM082,25-34,Non-Binary,"Fargo, ND",Fashion accessories,32,2/9/20,Cash,6
1309,WALM082,25-34,Female,"Charleston, SC",Home and lifestyle,72,8/17/20,Cash,6
1310,WALM065,55+,Female,"Charleston, SC",Fashion accessories,40,9/17/22,Ewallet,4
1311,WALM068,55+,Prefer Not to Say,"Milwaukee, WI",Home and lifestyle,83,5/21/22,Ewallet,9
1312,WALM010,45-54,Prefer Not to Say,"Las Vegas, NV",Fashion accessories,144,11/30/19,Ewallet,7
1313,WALM082,55+,Male,"Des Moines, IA",Home and lifestyle,204,7/14/22,Cash,4
1314,WALM089,55+,Non-Binary,"Albuquerque, NM",Fashion accessories,112,11/4/22,Ewallet,4
1315,WALM009,18-24,Female,"Houston, TX",Home and lifestyle,126,3/21/22,Ewallet,4
1316,WALM068,35-44,Non-Binary,"Louisville, KY",Fashion accessories,96,5/20/21,Ewallet,7
1317,WALM052,45-54,Non-Binary,"Birmingham, AL",Home and lifestyle,170,5/1/19,Ewallet,6
1318,WALM084,25-34,Female,"Newark, NJ",Fashion accessories,72,12/24/19,Ewallet,4
1319,WALM030,55+,Male,"Houston, TX",Home and lifestyle,96,6/11/19,Ewallet,8
1320,WALM041,35-44,Prefer Not to Say,"Denver, CO",Fashion accessories,49,11/12/22,Ewallet,4
1321,WALM064,35-44,Female,"Wilmington, DE",Home and lifestyle,102,7/5/23,Ewallet,9
1322,WALM033,35-44,Male,"Louisville, KY",Fashion accessories,102,10/25/22,Ewallet,5
1323,WALM090,45-54,Prefer Not to Say,"Houston, TX",Home and lifestyle,243,5/7/20,Ewallet,9
1324,WALM046,35-44,Prefer Not to Say,"Sioux Falls, SD",Fashion accessories,255,1/27/21,Ewallet,4
1325,WALM095,18-24,Non-Binary,"Sioux Falls, SD",Home and lifestyle,67,12/14/19,Ewallet,4
1326,WALM078,55+,Male,"Boise, ID",Fashion accessories,68,10/28/21,Ewallet,9
1327,WALM058,35-44,Non-Binary,"Little Rock, AR",Home and lifestyle,30,7/24/20,Ewallet,9
1328,WALM053,45-54,Male,"Manchester, NH",Fashion accessories,33,2/16/21,Ewallet,5
1329,WALM032,35-44,Female,"Los Angeles, CA",Home and lifestyle,30,2/18/22,Ewallet,7
1330,WALM007,45-54,Non-Binary,"Salt Lake City, UT",Fashion accessories,93,8/26/23,Ewallet,8
1331,WALM035,45-54,Non-Binary,"Portland, OR",Home and lifestyle,38,10/15/20,Ewallet,4
1332,WALM047,55+,Male,"Charlotte, NC",Fashion accessories,132,2/28/21,Ewallet,8
1333,WALM059,35-44,Male,"Louisville, KY",Home and lifestyle,70,5/12/19,Ewallet,5
1334,WALM024,25-34,Non-Binary,"Newark, NJ",Fashion accessories,171,2/10/21,Ewallet,6
1335,WALM015,55+,Female,"Portland, ME",Home and lifestyle,48,10/2/23,Ewallet,4
1336,WALM068,18-24,Female,"Los Angeles, CA",Fashion accessories,18,7/31/20,Ewallet,5
1337,WALM025,25-34,Female,"Omaha, NE",Home and lifestyle,87,7/7/19,Ewallet,8
1338,WALM040,25-34,Non-Binary,"Milwaukee, WI",Fashion accessories,102,5/29/20,Ewallet,9
1339,WALM036,18-24,Male,"St. Louis, MO",Home and lifestyle,69,10/31/21,Ewallet,4
1340,WALM012,18-24,Male,"Des Moines, IA",Fashion accessories,228,5/30/22,Ewallet,7
1341,WALM069,25-34,Non-Binary,"Boston, MA",Home and lifestyle,29,2/16/21,Ewallet,9
1342,WALM059,45-54,Male,"Detroit, MI",Fashion accessories,222,2/19/23,Ewallet,6
1343,WALM038,45-54,Non-Binary,"Columbus, OH",Home and lifestyle,130,7/26/21,Ewallet,7
1344,WALM032,35-44,Non-Binary,"Honolulu, HI",Fashion accessories,84,4/18/20,Ewallet,6
1345,WALM090,45-54,Female,"Billings, MT",Home and lifestyle,52,12/19/21,Ewallet,9
1346,WALM003,35-44,Prefer Not to Say,"Columbus, OH",Fashion accessories,73,10/22/23,Ewallet,4
1347,WALM046,18-24,Non-Binary,"St. Louis, MO",Home and lifestyle,34,10/1/19,Ewallet,7
1348,WALM030,55+,Non-Binary,"Boston, MA",Fashion accessories,120,2/10/21,Ewallet,4
1349,WALM083,18-24,Non-Binary,"Atlanta, GA",Home and lifestyle,243,10/26/23,Ewallet,6
1350,WALM003,55+,Non-Binary,"New York City, NY",Fashion accessories,186,4/4/23,Ewallet,7
1351,WALM095,35-44,Male,"Cheyenne, WY",Home and lifestyle,48,3/15/23,Ewallet,6
1352,WALM091,18-24,Male,"Portland, ME",Fashion accessories,40,6/13/22,Ewallet,5
1353,WALM073,35-44,Female,"Des Moines, IA",Home and lifestyle,20,9/26/21,Ewallet,9
1354,WALM057,45-54,Prefer Not to Say,"Burlington, VT",Fashion accessories,54,4/5/19,Ewallet,9
1355,WALM013,18-24,Non-Binary,"Charleston, WV",Home and lifestyle,228,6/24/23,Ewallet,5
1356,WALM055,45-54,Male,"Denver, CO",Fashion accessories,81,9/12/21,Ewallet,8
1357,WALM020,25-34,Prefer Not to Say,"Louisville, KY",Home and lifestyle,33,8/17/19,Ewallet,4
1358,WALM094,25-34,Female,"Burlington, VT",Fashion accessories,144,11/21/21,Ewallet,4
1359,WALM044,55+,Non-Binary,"Los Angeles, CA",Home and lifestyle,60,6/1/19,Ewallet,9
1360,WALM048,35-44,Female,"Denver, CO",Fashion accessories,44,9/15/21,Ewallet,4
1361,WALM025,18-24,Non-Binary,"Columbus, OH",Home and lifestyle,81,1/20/19,Ewallet,7
1362,WALM090,25-34,Male,"Virginia Beach, VA",Fashion accessories,154,2/18/23,Ewallet,4
1363,WALM014,45-54,Female,"Chicago, IL",Home and lifestyle,83,5/24/19,Ewallet,5
1364,WALM063,45-54,Prefer Not to Say,"Albuquerque, NM",Fashion accessories,150,4/11/22,Ewallet,9
1365,WALM034,55+,Female,"Detroit, MI",Home and lifestyle,156,8/11/20,Ewallet,6
1366,WALM032,55+,Non-Binary,"Seattle, WA",Fashion accessories,146,4/13/22,Ewallet,8
1367,WALM003,45-54,Female,"Atlanta, GA",Home and lifestyle,26,6/10/21,Ewallet,7
1368,WALM073,55+,Male,"Baltimore, MD",Fashion accessories,43,5/11/22,Ewallet,8
1369,WALM047,25-34,Non-Binary,"Denver, CO",Home and lifestyle,213,8/15/22,Ewallet,5
1370,WALM089,45-54,Female,"Nashville, TN",Fashion accessories,26,9/9/22,Ewallet,9
1371,WALM078,18-24,Female,"Baltimore, MD",Home and lifestyle,74,1/5/21,Ewallet,5
1372,WALM043,45-54,Male,"Seattle, WA",Fashion accessories,162,9/1/19,Ewallet,5
1373,WALM056,18-24,Prefer Not to Say,"Minneapolis, MN",Home and lifestyle,85,7/12/19,Ewallet,4
1374,WALM030,35-44,Non-Binary,"Baltimore, MD",Fashion accessories,83,7/8/23,Ewallet,7
1375,WALM090,35-44,Prefer Not to Say,"Phoenix, AZ",Home and lifestyle,23,9/26/23,Ewallet,6
1376,WALM058,18-24,Male,"Portland, OR",Fashion accessories,81,4/9/21,Ewallet,8
1377,WALM059,18-24,Non-Binary,"Jackson, MS",Home and lifestyle,32,11/22/22,Ewallet,6
1378,WALM010,18-24,Male,"Detroit, MI",Fashion accessories,38,7/17/23,Ewallet,8
1379,WALM079,25-34,Prefer Not to Say,"Des Moines, IA",Home and lifestyle,44,2/4/22,Ewallet,4
1380,WALM016,25-34,Prefer Not to Say,"New York City, NY",Fashion accessories,56,9/23/22,Ewallet,5
1381,WALM081,35-44,Non-Binary,"Boise, ID",Home and lifestyle,78,9/23/19,Ewallet,5
1382,WALM006,35-44,Non-Binary,"Providence, RI",Fashion accessories,23,10/27/20,Ewallet,6
1383,WALM012,55+,Non-Binary,"St. Louis, MO",Home and lifestyle,255,2/27/21,Ewallet,6
1384,WALM009,55+,Male,"New York City, NY",Fashion accessories,156,7/6/21,Ewallet,9
1385,WALM085,35-44,Prefer Not to Say,"Minneapolis, MN",Home and lifestyle,165,7/16/22,Ewallet,7
1386,WALM047,25-34,Non-Binary,"Honolulu, HI",Fashion accessories,29,2/28/21,Ewallet,9
1387,WALM095,45-54,Male,"Charleston, WV",Home and lifestyle,78,9/28/20,Ewallet,7
1388,WALM084,55+,Non-Binary,"Oklahoma City, OK",Fashion accessories,44,1/5/23,Ewallet,6
1389,WALM083,18-24,Non-Binary,"Des Moines, IA",Home and lifestyle,75,12/16/21,Ewallet,4
1390,WALM007,25-34,Non-Binary,"Billings, MT",Fashion accessories,152,5/11/21,Ewallet,8
1391,WALM034,25-34,Non-Binary,"Hartford, CT",Home and lifestyle,105,12/15/22,Ewallet,6
1392,WALM023,45-54,Prefer Not to Say,"Louisville, KY",Fashion accessories,48,7/27/20,Ewallet,8
1393,WALM008,45-54,Prefer Not to Say,"Virginia Beach, VA",Home and lifestyle,71,11/22/19,Ewallet,6
1394,WALM098,45-54,Non-Binary,"Anchorage, AK",Fashion accessories,240,10/1/19,Ewallet,6
1395,WALM009,35-44,Non-Binary,"Providence, RI",Home and lifestyle,213,4/20/20,Ewallet,9
1396,WALM072,45-54,Female,"Virginia Beach, VA",Fashion accessories,150,4/17/21,Ewallet,4
1397,WALM059,35-44,Prefer Not to Say,"Baltimore, MD",Home and lifestyle,120,12/4/19,Ewallet,7
1398,WALM073,55+,Prefer Not to Say,"Boise, ID",Fashion accessories,108,4/29/20,Ewallet,6
1399,WALM043,45-54,Male,"Virginia Beach, VA",Home and lifestyle,23,9/16/21,Ewallet,7
1400,WALM092,55+,Non-Binary,"St. Louis, MO",Fashion accessories,60,6/29/19,Ewallet,9
1401,WALM026,35-44,Male,"Seattle, WA",Home and lifestyle,39,4/3/22,Ewallet,8
1402,WALM079,55+,Prefer Not to Say,"Denver, CO",Fashion accessories,117,2/1/22,Ewallet,8
1403,WALM100,45-54,Prefer Not to Say,"Denver, CO",Home and lifestyle,198,12/11/23,Ewallet,5
1404,WALM096,35-44,Male,"St. Louis, MO",Fashion accessories,86,1/25/20,Ewallet,4
1405,WALM053,18-24,Prefer Not to Say,"Milwaukee, WI",Home and lifestyle,62,10/28/22,Ewallet,6
1406,WALM054,55+,Prefer Not to Say,"Billings, MT",Fashion accessories,32,7/26/22,Ewallet,5
1407,WALM070,55+,Non-Binary,"Atlanta, GA",Home and lifestyle,37,1/13/21,Ewallet,9
1408,WALM004,55+,Female,"Oklahoma City, OK",Fashion accessories,126,11/14/20,Ewallet,7
1409,WALM071,45-54,Non-Binary,"Albuquerque, NM",Home and lifestyle,49,9/11/19,Ewallet,6
1410,WALM081,18-24,Non-Binary,"Virginia Beach, VA",Fashion accessories,142,12/24/21,Ewallet,9
1411,WALM028,55+,Female,"Minneapolis, MN",Home and lifestyle,147,11/30/21,Ewallet,6
1412,WALM031,25-34,Female,"Salt Lake City, UT",Fashion accessories,45,12/22/23,Ewallet,6
1413,WALM063,45-54,Male,"Cheyenne, WY",Home and lifestyle,74,3/18/22,Ewallet,4
1414,WALM022,18-24,Female,"Anchorage, AK",Fashion accessories,207,8/30/22,Ewallet,5
1415,WALM084,25-34,Prefer Not to Say,"Hartford, CT",Home and lifestyle,77,5/11/22,Ewallet,5
1416,WALM100,18-24,Male,"Salt Lake City, UT",Fashion accessories,123,8/2/20,Ewallet,7
1417,WALM068,35-44,Non-Binary,"Anchorage, AK",Home and lifestyle,231,10/10/23,Ewallet,4
1418,WALM043,18-24,Female,"St. Louis, MO",Fashion accessories,112,10/9/23,Ewallet,8
1419,WALM019,45-54,Male,"Denver, CO",Home and lifestyle,160,11/3/19,Ewallet,9
1420,WALM024,45-54,Prefer Not to Say,"Manchester, NH",Fashion accessories,153,7/22/22,Ewallet,5
1421,WALM045,55+,Male,"Chicago, IL",Home and lifestyle,170,1/10/21,Credit card,4
1422,WALM056,18-24,Non-Binary,"Milwaukee, WI",Fashion accessories,150,3/23/20,Ewallet,6
1423,WALM045,55+,Prefer Not to Say,"Albuquerque, NM",Home and lifestyle,17,2/26/23,Credit card,5
1424,WALM040,25-34,Prefer Not to Say,"Jackson, MS",Fashion accessories,49,9/3/19,Ewallet,6
1425,WALM060,18-24,Non-Binary,"New York City, NY",Home and lifestyle,84,6/9/22,Ewallet,4
1426,WALM069,35-44,Non-Binary,"Manchester, NH",Fashion accessories,52,6/17/19,Ewallet,7
1427,WALM081,18-24,Non-Binary,"Wichita, KS",Home and lifestyle,81,7/7/20,Ewallet,9
1428,WALM020,55+,Male,"Seattle, WA",Fashion accessories,102,11/17/21,Ewallet,7
1429,WALM002,45-54,Prefer Not to Say,"New Orleans, LA",Home and lifestyle,195,5/23/23,Ewallet,6
1430,WALM014,25-34,Non-Binary,"Little Rock, AR",Fashion accessories,186,2/26/21,Ewallet,8
1431,WALM058,35-44,Prefer Not to Say,"Omaha, NE",Home and lifestyle,148,3/20/20,Ewallet,7
1432,WALM022,25-34,Prefer Not to Say,"Portland, ME",Fashion accessories,16,7/31/20,Ewallet,5
1433,WALM015,25-34,Prefer Not to Say,"Newark, NJ",Home and lifestyle,114,2/22/20,Ewallet,5
1434,WALM056,25-34,Male,"New York City, NY",Fashion accessories,124,5/6/19,Ewallet,8
1435,WALM092,45-54,Non-Binary,"St. Louis, MO",Home and lifestyle,77,8/12/21,Ewallet,6
1436,WALM074,45-54,Female,"Boston, MA",Fashion accessories,81,8/4/21,Cash,8
1437,WALM007,25-34,Female,"New Orleans, LA",Home and lifestyle,25,5/12/23,Ewallet,7
1438,WALM080,18-24,Non-Binary,"Houston, TX",Fashion accessories,84,4/24/19,Ewallet,4
1439,WALM021,35-44,Male,"Portland, OR",Home and lifestyle,231,7/15/23,Ewallet,9
1440,WALM077,25-34,Female,"Charleston, SC",Fashion accessories,79,9/13/21,Ewallet,8
1441,WALM045,45-54,Female,"Honolulu, HI",Home and lifestyle,42,12/12/23,Credit card,6
1442,WALM099,25-34,Female,"Las Vegas, NV",Fashion accessories,17,5/11/22,Ewallet,6
1443,WALM012,18-24,Female,"Atlanta, GA",Home and lifestyle,228,12/9/20,Ewallet,9
1444,WALM035,25-34,Male,"Detroit, MI",Fashion accessories,99,12/4/19,Ewallet,6
1445,WALM003,35-44,Female,"Philadelphia, PA",Home and lifestyle,38,4/20/23,Ewallet,4
1446,WALM069,18-24,Non-Binary,"Billings, MT",Fashion accessories,58,7/23/19,Ewallet,8
1447,WALM053,18-24,Male,"Boston, MA",Home and lifestyle,85,10/8/23,Ewallet,8
1448,WALM081,45-54,Non-Binary,"Birmingham, AL",Fashion accessories,31,7/22/21,Ewallet,8
1449,WALM092,25-34,Non-Binary,"Los Angeles, CA",Home and lifestyle,201,12/23/22,Ewallet,4
1450,WALM063,18-24,Non-Binary,"Newark, NJ",Fashion accessories,72,7/2/21,Ewallet,7
1451,WALM079,35-44,Non-Binary,"Milwaukee, WI",Home and lifestyle,123,8/17/22,Ewallet,7
1452,WALM065,25-34,Non-Binary,"Louisville, KY",Fashion accessories,67,1/4/22,Ewallet,5
1453,WALM071,18-24,Non-Binary,"Hartford, CT",Home and lifestyle,64,4/26/21,Ewallet,5
1454,WALM090,25-34,Female,"Salt Lake City, UT",Fashion accessories,134,3/20/23,Ewallet,7
1455,WALM016,55+,Prefer Not to Say,"Billings, MT",Home and lifestyle,108,3/15/21,Ewallet,8
1456,WALM020,25-34,Non-Binary,"Philadelphia, PA",Fashion accessories,138,2/3/23,Ewallet,8
1457,WALM062,25-34,Female,"Anchorage, AK",Home and lifestyle,40,8/23/20,Ewallet,4
1458,WALM038,18-24,Non-Binary,"Newark, NJ",Fashion accessories,99,7/25/19,Ewallet,7
1459,WALM042,18-24,Female,"Indianapolis, IN",Home and lifestyle,92,5/6/20,Ewallet,8
1460,WALM017,55+,Female,"Columbus, OH",Fashion accessories,76,7/17/22,Ewallet,8
1461,WALM043,18-24,Prefer Not to Say,"Fargo, ND",Home and lifestyle,19,4/17/21,Ewallet,7
1462,WALM029,35-44,Female,"Fargo, ND",Fashion accessories,186,7/31/21,Ewallet,5
1463,WALM045,55+,Male,"Los Angeles, CA",Home and lifestyle,106,11/4/23,Credit card,5
1464,WALM071,18-24,Non-Binary,"Philadelphia, PA",Fashion accessories,110,5/10/22,Ewallet,7
1465,WALM089,25-34,Prefer Not to Say,"Philadelphia, PA",Home and lifestyle,94,7/6/21,Ewallet,4
1466,WALM088,25-34,Female,"Baltimore, MD",Fashion accessories,126,5/13/23,Ewallet,5
1467,WALM042,55+,Female,"Fargo, ND",Home and lifestyle,177,11/3/23,Ewallet,9
1468,WALM088,55+,Female,"Charlotte, NC",Fashion accessories,49,1/19/19,Ewallet,5
1469,WALM020,35-44,Male,"Boston, MA",Home and lifestyle,136,8/30/22,Ewallet,9
1470,WALM023,35-44,Non-Binary,"Salt Lake City, UT",Fashion accessories,73,1/22/20,Ewallet,7
1471,WALM079,55+,Non-Binary,"Indianapolis, IN",Home and lifestyle,82,10/10/23,Ewallet,5
1472,WALM095,45-54,Non-Binary,"Orlando, FL",Fashion accessories,136,4/21/19,Ewallet,4
1473,WALM001,45-54,Prefer Not to Say,"Burlington, VT",Home and lifestyle,116,11/2/19,Ewallet,4
1474,WALM065,55+,Female,"Columbus, OH",Fashion accessories,44,8/23/21,Ewallet,7
1475,WALM076,25-34,Non-Binary,"Charleston, SC",Home and lifestyle,120,5/8/19,Ewallet,7
1476,WALM089,55+,Female,"Charlotte, NC",Fashion accessories,54,10/16/19,Ewallet,6
1477,WALM094,55+,Female,"Denver, CO",Home and lifestyle,168,6/8/22,Ewallet,8
1478,WALM009,35-44,Non-Binary,"Providence, RI",Fashion accessories,45,5/29/21,Ewallet,5
1479,WALM069,45-54,Non-Binary,"Burlington, VT",Home and lifestyle,28,4/27/20,Ewallet,4
1480,WALM069,55+,Non-Binary,"Charleston, WV",Fashion accessories,144,11/22/22,Ewallet,9
1481,WALM032,35-44,Female,"Hartford, CT",Home and lifestyle,66,6/7/22,Ewallet,4
1482,WALM017,35-44,Non-Binary,"Baltimore, MD",Fashion accessories,69,12/8/23,Ewallet,9
1483,WALM021,25-34,Female,"Louisville, KY",Home and lifestyle,51,2/21/20,Ewallet,8
1484,WALM030,18-24,Prefer Not to Say,"Des Moines, IA",Fashion accessories,22,3/21/22,Ewallet,8
1485,WALM006,45-54,Prefer Not to Say,"Cheyenne, WY",Home and lifestyle,34,7/30/23,Ewallet,6
1486,WALM047,45-54,Prefer Not to Say,"Portland, OR",Fashion accessories,37,12/23/21,Ewallet,5
1487,WALM015,35-44,Female,"Los Angeles, CA",Home and lifestyle,126,4/2/21,Ewallet,6
1488,WALM068,18-24,Non-Binary,"Detroit, MI",Fashion accessories,22,11/6/22,Ewallet,6
1489,WALM065,18-24,Non-Binary,"Portland, OR",Home and lifestyle,72,12/8/21,Ewallet,5
1490,WALM094,45-54,Female,"Albuquerque, NM",Fashion accessories,154,7/28/23,Ewallet,5
1491,WALM048,25-34,Non-Binary,"Chicago, IL",Home and lifestyle,38,11/17/19,Ewallet,5
1492,WALM098,35-44,Male,"Newark, NJ",Fashion accessories,57,4/22/20,Ewallet,4
1493,WALM099,45-54,Non-Binary,"Cheyenne, WY",Home and lifestyle,27,2/14/21,Ewallet,4
1494,WALM046,45-54,Non-Binary,"Milwaukee, WI",Fashion accessories,110,8/3/20,Ewallet,4
1495,WALM046,25-34,Male,"Chicago, IL",Home and lifestyle,140,12/25/22,Ewallet,5
1496,WALM049,18-24,Non-Binary,"Salt Lake City, UT",Fashion accessories,130,10/25/22,Ewallet,4
1497,WALM068,45-54,Prefer Not to Say,"Seattle, WA",Home and lifestyle,156,1/10/21,Ewallet,6
1498,WALM024,35-44,Non-Binary,"Columbus, OH",Fashion accessories,249,5/4/22,Ewallet,8
1499,WALM084,35-44,Non-Binary,"Minneapolis, MN",Home and lifestyle,210,8/9/23,Ewallet,5
1500,WALM046,45-54,Prefer Not to Say,"New Orleans, LA",Fashion accessories,138,7/25/21,Ewallet,7
1501,WALM035,55+,Female,"Indianapolis, IN",Home and lifestyle,75,10/29/20,Ewallet,7
1502,WALM052,35-44,Prefer Not to Say,"Salt Lake City, UT",Fashion accessories,30,1/17/22,Ewallet,6
1503,WALM093,25-34,Male,"Portland, ME",Home and lifestyle,129,12/2/22,Ewallet,4
1504,WALM019,25-34,Female,"Louisville, KY",Fashion accessories,52,11/13/21,Ewallet,9
1505,WALM024,35-44,Non-Binary,"Charleston, WV",Home and lifestyle,183,7/21/23,Ewallet,8
1506,WALM077,18-24,Non-Binary,"Billings, MT",Fashion accessories,15,9/14/23,Ewallet,6
1507,WALM062,55+,Female,"Sioux Falls, SD",Home and lifestyle,102,8/1/20,Ewallet,5
1508,WALM035,18-24,Non-Binary,"Portland, ME",Fashion accessories,128,2/1/23,Ewallet,7
1509,WALM064,55+,Non-Binary,"St. Louis, MO",Home and lifestyle,27,11/26/19,Ewallet,5
1510,WALM020,35-44,Female,"Boise, ID",Fashion accessories,57,9/4/22,Ewallet,8
1511,WALM093,55+,Non-Binary,"Charleston, SC",Home and lifestyle,67,11/6/19,Ewallet,9
1512,WALM026,45-54,Male,"Wichita, KS",Fashion accessories,102,3/15/22,Ewallet,9
1513,WALM002,35-44,Prefer Not to Say,"Omaha, NE",Home and lifestyle,52,8/29/20,Ewallet,5
1514,WALM036,35-44,Male,"Cheyenne, WY",Fashion accessories,34,1/17/20,Ewallet,4
1515,WALM011,35-44,Non-Binary,"Denver, CO",Home and lifestyle,71,9/10/22,Ewallet,4
1516,WALM093,45-54,Female,"Virginia Beach, VA",Fashion accessories,38,1/12/20,Ewallet,8
1517,WALM039,18-24,Non-Binary,"Charlotte, NC",Home and lifestyle,123,3/28/22,Ewallet,5
1518,WALM048,25-34,Non-Binary,"Cheyenne, WY",Fashion accessories,49,4/17/22,Ewallet,5
1519,WALM049,25-34,Non-Binary,"Portland, ME",Home and lifestyle,61,7/7/20,Ewallet,8
1520,WALM034,55+,Non-Binary,"Honolulu, HI",Fashion accessories,32,12/15/20,Ewallet,9
1521,WALM062,55+,Male,"Atlanta, GA",Home and lifestyle,78,4/6/23,Ewallet,7
1522,WALM089,55+,Male,"St. Louis, MO",Fashion accessories,40,8/18/20,Ewallet,8
1523,WALM026,55+,Prefer Not to Say,"Atlanta, GA",Home and lifestyle,43,10/23/19,Ewallet,9
1524,WALM012,45-54,Male,"Louisville, KY",Fashion accessories,51,2/20/21,Ewallet,6
1525,WALM072,25-34,Male,"Anchorage, AK",Home and lifestyle,19,12/27/22,Ewallet,4
1526,WALM038,55+,Male,"Charleston, SC",Fashion accessories,85,7/16/19,Ewallet,5
1527,WALM084,25-34,Female,"Charleston, WV",Home and lifestyle,222,2/18/19,Ewallet,9
1528,WALM016,35-44,Male,"Atlanta, GA",Fashion accessories,204,5/1/20,Ewallet,6
1529,WALM079,35-44,Prefer Not to Say,"St. Louis, MO",Home and lifestyle,240,12/18/23,Ewallet,9
1530,WALM091,55+,Prefer Not to Say,"Baltimore, MD",Fashion accessories,67,3/4/22,Ewallet,5
1531,WALM096,35-44,Female,"Charleston, WV",Home and lifestyle,84,9/4/23,Ewallet,9
1532,WALM063,45-54,Non-Binary,"Anchorage, AK",Fashion accessories,32,11/24/20,Ewallet,5
1533,WALM097,25-34,Male,"Seattle, WA",Home and lifestyle,66,1/3/23,Ewallet,7
1534,WALM076,35-44,Male,"Boston, MA",Fashion accessories,114,3/14/21,Ewallet,4
1535,WALM076,25-34,Non-Binary,"Sioux Falls, SD",Home and lifestyle,72,3/30/20,Ewallet,5
1536,WALM094,55+,Prefer Not to Say,"Charleston, WV",Fashion accessories,50,7/7/20,Ewallet,8
1537,WALM099,45-54,Male,"Burlington, VT",Home and lifestyle,39,1/14/22,Ewallet,6
1538,WALM061,35-44,Non-Binary,"Minneapolis, MN",Fashion accessories,81,12/12/22,Ewallet,9
1539,WALM086,35-44,Prefer Not to Say,"Philadelphia, PA",Home and lifestyle,51,12/2/20,Ewallet,8
1540,WALM031,25-34,Prefer Not to Say,"Charlotte, NC",Fashion accessories,78,7/4/23,Ewallet,7
1541,WALM009,25-34,Non-Binary,"Columbus, OH",Home and lifestyle,159,9/26/19,Ewallet,7
1542,WALM036,45-54,Prefer Not to Say,"Sioux Falls, SD",Fashion accessories,44,2/20/21,Ewallet,7
1543,WALM062,25-34,Prefer Not to Say,"Honolulu, HI",Home and lifestyle,168,7/15/23,Ewallet,4
1544,WALM053,25-34,Prefer Not to Say,"Anchorage, AK",Fashion accessories,80,5/20/22,Ewallet,8
1545,WALM025,45-54,Prefer Not to Say,"New Orleans, LA",Home and lifestyle,126,11/26/21,Ewallet,9
1546,WALM019,18-24,Female,"Wichita, KS",Fashion accessories,38,2/17/21,Ewallet,4
1547,WALM018,55+,Non-Binary,"Charleston, SC",Home and lifestyle,150,3/7/19,Ewallet,9
1548,WALM027,18-24,Prefer Not to Say,"Orlando, FL",Fashion accessories,110,2/18/19,Ewallet,4
1549,WALM064,35-44,Female,"Hartford, CT",Home and lifestyle,48,5/31/22,Ewallet,4
1550,WALM013,35-44,Male,"Billings, MT",Fashion accessories,186,12/19/19,Ewallet,4
1551,WALM008,45-54,Female,"Virginia Beach, VA",Home and lifestyle,73,8/24/21,Ewallet,6
1552,WALM020,55+,Female,"Billings, MT",Fashion accessories,84,12/22/23,Ewallet,9
1553,WALM069,35-44,Male,"Philadelphia, PA",Home and lifestyle,84,5/26/21,Ewallet,8
1554,WALM020,55+,Male,"Philadelphia, PA",Fashion accessories,19,10/3/19,Ewallet,7
1555,WALM032,35-44,Male,"Louisville, KY",Home and lifestyle,52,9/29/21,Ewallet,4
1556,WALM010,25-34,Prefer Not to Say,"Denver, CO",Fashion accessories,99,12/28/22,Ewallet,6
1557,WALM012,45-54,Non-Binary,"Columbus, OH",Home and lifestyle,23,10/7/19,Ewallet,4
1558,WALM082,55+,Non-Binary,"New Orleans, LA",Fashion accessories,243,2/4/19,Cash,5
1559,WALM096,25-34,Prefer Not to Say,"Phoenix, AZ",Home and lifestyle,156,12/24/22,Ewallet,9
1560,WALM026,25-34,Female,"Detroit, MI",Fashion accessories,126,8/6/23,Ewallet,7
1561,WALM082,55+,Non-Binary,"Charleston, SC",Home and lifestyle,54,8/29/22,Cash,6
1562,WALM065,55+,Prefer Not to Say,"Little Rock, AR",Fashion accessories,159,7/3/20,Ewallet,6
1563,WALM085,55+,Prefer Not to Say,"Providence, RI",Home and lifestyle,46,6/15/23,Ewallet,4
1564,WALM048,35-44,Prefer Not to Say,"Minneapolis, MN",Fashion accessories,81,1/22/20,Ewallet,7
1565,WALM033,35-44,Non-Binary,"Portland, ME",Home and lifestyle,141,2/17/23,Ewallet,8
1566,WALM046,35-44,Male,"Newark, NJ",Fashion accessories,152,5/22/21,Ewallet,9
1567,WALM072,25-34,Non-Binary,"Newark, NJ",Home and lifestyle,25,1/14/21,Ewallet,4
1568,WALM044,55+,Non-Binary,"Detroit, MI",Fashion accessories,134,6/30/19,Ewallet,4
1569,WALM052,25-34,Prefer Not to Say,"Virginia Beach, VA",Home and lifestyle,25,7/3/23,Ewallet,9
1570,WALM047,55+,Female,"Milwaukee, WI",Fashion accessories,66,4/14/19,Ewallet,8
1571,WALM039,18-24,Male,"New York City, NY",Home and lifestyle,45,9/19/21,Ewallet,6
1572,WALM070,25-34,Non-Binary,"Little Rock, AR",Fashion accessories,36,9/19/20,Ewallet,5
1573,WALM018,45-54,Female,"Boston, MA",Home and lifestyle,69,7/21/23,Ewallet,6
1574,WALM023,25-34,Non-Binary,"Des Moines, IA",Fashion accessories,100,2/27/23,Ewallet,5
1575,WALM034,25-34,Female,"Manchester, NH",Home and lifestyle,148,12/14/21,Ewallet,7
1576,WALM059,18-24,Prefer Not to Say,"Charleston, SC",Fashion accessories,150,6/16/19,Ewallet,5
1577,WALM071,25-34,Prefer Not to Say,"Albuquerque, NM",Home and lifestyle,24,11/12/20,Ewallet,5
1578,WALM017,25-34,Female,"Wilmington, DE",Fashion accessories,222,8/9/20,Ewallet,4
1579,WALM019,55+,Male,"New Orleans, LA",Home and lifestyle,128,9/8/23,Ewallet,9
1580,WALM035,45-54,Female,"Wilmington, DE",Fashion accessories,46,4/3/21,Ewallet,4
1581,WALM025,25-34,Male,"Denver, CO",Home and lifestyle,73,3/15/23,Ewallet,9
1582,WALM008,25-34,Male,"Chicago, IL",Fashion accessories,147,5/28/21,Ewallet,7
1583,WALM027,25-34,Non-Binary,"Little Rock, AR",Home and lifestyle,138,11/25/23,Ewallet,6
1584,WALM020,35-44,Prefer Not to Say,"New York City, NY",Fashion accessories,108,12/30/21,Ewallet,8
1585,WALM061,18-24,Male,"Chicago, IL",Home and lifestyle,84,7/18/23,Ewallet,7
1586,WALM015,18-24,Male,"Albuquerque, NM",Fashion accessories,231,11/7/22,Ewallet,8
1587,WALM065,35-44,Non-Binary,"Los Angeles, CA",Home and lifestyle,38,11/5/19,Ewallet,7
1588,WALM017,18-24,Prefer Not to Say,"Houston, TX",Fashion accessories,61,1/3/22,Ewallet,7
1589,WALM043,25-34,Female,"Seattle, WA",Home and lifestyle,70,4/9/19,Ewallet,8
1590,WALM032,55+,Female,"Anchorage, AK",Fashion accessories,135,10/23/22,Ewallet,5
1591,WALM019,18-24,Non-Binary,"Honolulu, HI",Home and lifestyle,124,12/16/21,Ewallet,7
1592,WALM052,18-24,Non-Binary,"Des Moines, IA",Fashion accessories,117,1/23/22,Ewallet,7
1593,WALM027,55+,Male,"Charleston, WV",Home and lifestyle,120,2/4/20,Ewallet,4
1594,WALM074,55+,Prefer Not to Say,"Des Moines, IA",Fashion accessories,234,7/8/19,Cash,9
1595,WALM052,25-34,Male,"Houston, TX",Home and lifestyle,68,3/16/23,Ewallet,6
1596,WALM047,18-24,Female,"Minneapolis, MN",Fashion accessories,243,5/17/21,Ewallet,6
1597,WALM062,55+,Non-Binary,"Burlington, VT",Home and lifestyle,52,12/17/21,Ewallet,4
1598,WALM095,18-24,Non-Binary,"Denver, CO",Fashion accessories,45,9/17/19,Ewallet,7
1599,WALM012,45-54,Male,"New Orleans, LA",Home and lifestyle,160,12/22/21,Ewallet,9
1600,WALM060,35-44,Male,"Chicago, IL",Fashion accessories,82,1/30/20,Ewallet,9
1601,WALM016,45-54,Non-Binary,"Wichita, KS",Home and lifestyle,100,1/16/21,Ewallet,6
1602,WALM054,35-44,Non-Binary,"Boise, ID",Fashion accessories,48,11/5/22,Ewallet,8
1603,WALM049,45-54,Male,"Jackson, MS",Home and lifestyle,86,5/17/23,Ewallet,8
1604,WALM093,55+,Female,"Burlington, VT",Fashion accessories,48,11/14/21,Ewallet,7
1605,WALM035,35-44,Male,"Albuquerque, NM",Home and lifestyle,34,12/31/22,Ewallet,5
1606,WALM048,35-44,Non-Binary,"Louisville, KY",Fashion accessories,138,7/13/23,Ewallet,5
1607,WALM027,18-24,Non-Binary,"Denver, CO",Home and lifestyle,249,12/7/21,Ewallet,8
1608,WALM063,18-24,Female,"Little Rock, AR",Fashion accessories,135,4/25/22,Ewallet,8
1609,WALM094,55+,Non-Binary,"Milwaukee, WI",Home and lifestyle,87,8/3/20,Ewallet,6
1610,WALM041,55+,Non-Binary,"Sioux Falls, SD",Fashion accessories,249,3/8/22,Ewallet,5
1611,WALM068,25-34,Male,"Boise, ID",Home and lifestyle,165,9/14/23,Ewallet,7
1612,WALM054,45-54,Non-Binary,"Wilmington, DE",Fashion accessories,126,11/20/19,Ewallet,6
1613,WALM030,18-24,Prefer Not to Say,"Phoenix, AZ",Home and lifestyle,52,2/4/21,Ewallet,6
1614,WALM005,18-24,Male,"Columbus, OH",Fashion accessories,156,4/17/19,Ewallet,9
1615,WALM021,18-24,Female,"Honolulu, HI",Home and lifestyle,51,6/18/23,Ewallet,4
1616,WALM084,18-24,Prefer Not to Say,"Minneapolis, MN",Fashion accessories,55,6/21/22,Ewallet,8
1617,WALM051,55+,Male,"Houston, TX",Home and lifestyle,52,1/17/20,Ewallet,7
1618,WALM083,45-54,Non-Binary,"Wichita, KS",Fashion accessories,216,8/4/19,Ewallet,8
1619,WALM040,25-34,Non-Binary,"Hartford, CT",Home and lifestyle,43,5/22/19,Ewallet,4
1620,WALM047,18-24,Non-Binary,"New Orleans, LA",Fashion accessories,29,4/13/20,Ewallet,7
1621,WALM085,45-54,Female,"Milwaukee, WI",Home and lifestyle,148,9/30/21,Ewallet,9
1622,WALM031,35-44,Female,"Providence, RI",Fashion accessories,85,9/16/20,Ewallet,8
1623,WALM038,55+,Non-Binary,"Charlotte, NC",Home and lifestyle,246,3/4/23,Ewallet,9
1624,WALM043,25-34,Male,"Burlington, VT",Fashion accessories,99,11/12/19,Ewallet,6
1625,WALM083,18-24,Non-Binary,"Anchorage, AK",Home and lifestyle,56,6/30/22,Ewallet,7
1626,WALM081,25-34,Non-Binary,"Jackson, MS",Fashion accessories,69,5/4/20,Ewallet,4
1627,WALM001,18-24,Prefer Not to Say,"Virginia Beach, VA",Home and lifestyle,63,7/15/22,Ewallet,4
1628,WALM008,25-34,Prefer Not to Say,"Minneapolis, MN",Fashion accessories,192,2/21/20,Ewallet,8
1629,WALM012,18-24,Male,"Charlotte, NC",Home and lifestyle,108,3/16/19,Ewallet,4
1630,WALM084,25-34,Female,"Charleston, WV",Fashion accessories,144,5/28/23,Ewallet,7
1631,WALM078,55+,Prefer Not to Say,"Charleston, SC",Home and lifestyle,72,4/25/21,Ewallet,7
1632,WALM071,25-34,Female,"Seattle, WA",Fashion accessories,98,9/26/20,Ewallet,8
1633,WALM068,18-24,Male,"Albuquerque, NM",Home and lifestyle,116,12/1/23,Ewallet,5
1634,WALM097,35-44,Female,"Houston, TX",Fashion accessories,69,5/21/21,Ewallet,9
1635,WALM015,18-24,Non-Binary,"Albuquerque, NM",Home and lifestyle,47,5/17/22,Ewallet,9
1636,WALM015,45-54,Female,"Salt Lake City, UT",Fashion accessories,111,7/29/20,Ewallet,6
1637,WALM029,18-24,Female,"Billings, MT",Home and lifestyle,228,8/25/20,Ewallet,6
1638,WALM007,25-34,Female,"Fargo, ND",Fashion accessories,48,7/6/23,Ewallet,4
1639,WALM018,35-44,Female,"Indianapolis, IN",Home and lifestyle,54,5/24/20,Ewallet,6
1640,WALM043,25-34,Prefer Not to Say,"Salt Lake City, UT",Fashion accessories,192,1/16/23,Ewallet,4
1641,WALM093,35-44,Male,"Louisville, KY",Home and lifestyle,160,7/1/22,Ewallet,7
1642,WALM053,25-34,Male,"Fargo, ND",Fashion accessories,152,9/2/21,Ewallet,9
1643,WALM050,55+,Prefer Not to Say,"Denver, CO",Home and lifestyle,29,2/23/22,Ewallet,7
1644,WALM091,18-24,Prefer Not to Say,"Albuquerque, NM",Fashion accessories,17,4/4/22,Ewallet,8
1645,WALM084,18-24,Non-Binary,"Boston, MA",Home and lifestyle,126,10/4/23,Ewallet,8
1646,WALM008,18-24,Prefer Not to Say,"Denver, CO",Fashion accessories,195,7/27/21,Ewallet,4
1647,WALM006,25-34,Female,"Charleston, WV",Home and lifestyle,29,6/11/21,Ewallet,8
1648,WALM020,45-54,Prefer Not to Say,"Houston, TX",Fashion accessories,150,2/17/19,Ewallet,4
1649,WALM046,25-34,Male,"Wilmington, DE",Home and lifestyle,52,9/4/21,Ewallet,6
1650,WALM089,18-24,Non-Binary,"Seattle, WA",Fashion accessories,126,4/20/22,Ewallet,8
1651,WALM047,18-24,Non-Binary,"Wilmington, DE",Home and lifestyle,74,1/30/22,Ewallet,4
1652,WALM058,55+,Male,"Denver, CO",Fashion accessories,102,2/28/19,Ewallet,9
1653,WALM039,35-44,Non-Binary,"Little Rock, AR",Home and lifestyle,162,8/1/23,Ewallet,6
1654,WALM100,55+,Non-Binary,"Boston, MA",Fashion accessories,130,8/24/21,Ewallet,4
1655,WALM035,55+,Male,"Milwaukee, WI",Home and lifestyle,116,3/21/21,Ewallet,6
1656,WALM028,55+,Female,"Wilmington, DE",Fashion accessories,58,9/29/22,Ewallet,5
1657,WALM014,35-44,Prefer Not to Say,"Jackson, MS",Home and lifestyle,85,11/12/19,Ewallet,7
1658,WALM067,25-34,Prefer Not to Say,"Anchorage, AK",Fashion accessories,75,9/14/21,Ewallet,7
1659,WALM060,18-24,Prefer Not to Say,"Atlanta, GA",Home and lifestyle,26,1/11/19,Ewallet,5
1660,WALM030,55+,Non-Binary,"Oklahoma City, OK",Fashion accessories,56,6/14/22,Ewallet,4
1661,WALM046,25-34,Male,"Houston, TX",Home and lifestyle,75,9/20/22,Ewallet,7
1662,WALM100,18-24,Male,"Wilmington, DE",Fashion accessories,36,10/27/21,Ewallet,7
1663,WALM040,18-24,Non-Binary,"Chicago, IL",Home and lifestyle,30,2/8/22,Ewallet,8
1664,WALM018,18-24,Female,"Detroit, MI",Fashion accessories,36,2/12/23,Ewallet,7
1665,WALM087,25-34,Female,"Oklahoma City, OK",Home and lifestyle,68,6/13/23,Ewallet,4
1666,WALM030,35-44,Prefer Not to Say,"Wilmington, DE",Fashion accessories,59,2/6/23,Ewallet,8
1667,WALM041,45-54,Non-Binary,"New York City, NY",Home and lifestyle,108,11/13/21,Ewallet,8
1668,WALM022,18-24,Male,"Cheyenne, WY",Fashion accessories,45,2/17/22,Ewallet,6
1669,WALM045,25-34,Non-Binary,"Little Rock, AR",Home and lifestyle,23,9/30/22,Credit card,7
1670,WALM097,45-54,Male,"Charlotte, NC",Fashion accessories,38,7/3/19,Ewallet,4
1671,WALM020,55+,Male,"Des Moines, IA",Home and lifestyle,42,1/24/21,Ewallet,5
1672,WALM048,25-34,Prefer Not to Say,"Houston, TX",Fashion accessories,159,2/13/21,Ewallet,6
1673,WALM028,55+,Female,"Providence, RI",Home and lifestyle,30,8/20/22,Ewallet,7
1674,WALM088,35-44,Male,"Little Rock, AR",Fashion accessories,141,9/21/23,Ewallet,5
1675,WALM085,25-34,Non-Binary,"Charleston, SC",Home and lifestyle,20,9/12/22,Ewallet,6
1676,WALM036,45-54,Non-Binary,"Charlotte, NC",Fashion accessories,72,2/17/20,Ewallet,9
1677,WALM094,18-24,Male,"Indianapolis, IN",Home and lifestyle,98,9/27/22,Ewallet,8
1678,WALM010,35-44,Non-Binary,"Chicago, IL",Fashion accessories,75,9/24/20,Ewallet,8
1679,WALM001,25-34,Non-Binary,"Phoenix, AZ",Home and lifestyle,80,8/23/21,Ewallet,8
1680,WALM060,25-34,Non-Binary,"Minneapolis, MN",Fashion accessories,69,1/16/23,Ewallet,5
1681,WALM040,45-54,Non-Binary,"Indianapolis, IN",Home and lifestyle,18,2/24/23,Ewallet,4
1682,WALM057,45-54,Non-Binary,"New York City, NY",Fashion accessories,132,3/20/21,Ewallet,8
1683,WALM051,55+,Female,"Phoenix, AZ",Home and lifestyle,70,9/19/21,Ewallet,6
1684,WALM090,25-34,Male,"Minneapolis, MN",Fashion accessories,243,8/17/21,Ewallet,5
1685,WALM047,35-44,Prefer Not to Say,"Anchorage, AK",Home and lifestyle,210,12/5/20,Ewallet,8
1686,WALM051,45-54,Non-Binary,"Philadelphia, PA",Fashion accessories,72,6/13/19,Ewallet,8
1687,WALM048,18-24,Prefer Not to Say,"Chicago, IL",Home and lifestyle,77,12/11/23,Ewallet,7
1688,WALM083,35-44,Male,"Minneapolis, MN",Fashion accessories,144,10/25/19,Ewallet,9
1689,WALM068,35-44,Non-Binary,"Fargo, ND",Home and lifestyle,66,1/2/19,Ewallet,7
1690,WALM037,45-54,Female,"Atlanta, GA",Fashion accessories,177,8/22/19,Ewallet,5
1691,WALM061,55+,Prefer Not to Say,"Milwaukee, WI",Home and lifestyle,84,8/13/20,Ewallet,9
1692,WALM095,55+,Prefer Not to Say,"Manchester, NH",Fashion accessories,58,9/7/22,Ewallet,6
1693,WALM002,35-44,Male,"Portland, OR",Home and lifestyle,177,4/13/23,Ewallet,5
1694,WALM063,35-44,Non-Binary,"Jackson, MS",Fashion accessories,108,9/17/23,Ewallet,9
1695,WALM062,25-34,Female,"Las Vegas, NV",Home and lifestyle,170,8/20/19,Ewallet,8
1696,WALM076,35-44,Non-Binary,"Boston, MA",Fashion accessories,85,2/6/22,Ewallet,8
1697,WALM052,25-34,Male,"Las Vegas, NV",Home and lifestyle,174,1/8/22,Ewallet,7
1698,WALM005,45-54,Non-Binary,"Hartford, CT",Fashion accessories,47,4/5/23,Ewallet,5
1699,WALM052,35-44,Non-Binary,"Cheyenne, WY",Home and lifestyle,19,6/5/23,Ewallet,6
1700,WALM027,35-44,Prefer Not to Say,"Manchester, NH",Fashion accessories,210,12/6/19,Ewallet,9
1701,WALM036,55+,Male,"Boise, ID",Home and lifestyle,72,4/27/20,Ewallet,4
1702,WALM017,35-44,Non-Binary,"Manchester, NH",Fashion accessories,47,8/13/21,Ewallet,7
1703,WALM036,18-24,Prefer Not to Say,"Wilmington, DE",Home and lifestyle,84,5/10/21,Ewallet,6
1704,WALM037,25-34,Female,"Little Rock, AR",Fashion accessories,17,12/6/21,Ewallet,4
1705,WALM024,35-44,Male,"Hartford, CT",Home and lifestyle,231,12/21/22,Ewallet,9
1706,WALM001,25-34,Male,"Oklahoma City, OK",Fashion accessories,88,6/17/20,Ewallet,9
1707,WALM068,55+,Prefer Not to Say,"Salt Lake City, UT",Home and lifestyle,201,4/24/22,Ewallet,6
1708,WALM041,55+,Prefer Not to Say,"Las Vegas, NV",Fashion accessories,34,1/19/23,Ewallet,8
1709,WALM079,55+,Non-Binary,"Orlando, FL",Home and lifestyle,78,3/24/21,Ewallet,5
1710,WALM011,55+,Prefer Not to Say,"Salt Lake City, UT",Fashion accessories,25,11/25/21,Ewallet,9
1711,WALM051,45-54,Male,"Indianapolis, IN",Home and lifestyle,49,9/6/21,Ewallet,7
1712,WALM069,45-54,Female,"Charleston, WV",Fashion accessories,104,2/21/22,Ewallet,4
1713,WALM062,18-24,Male,"Oklahoma City, OK",Home and lifestyle,73,4/4/22,Ewallet,8
1714,WALM007,45-54,Non-Binary,"Sioux Falls, SD",Fashion accessories,52,3/10/23,Ewallet,5
1715,WALM037,25-34,Female,"Baltimore, MD",Home and lifestyle,104,3/12/20,Ewallet,6
1716,WALM024,18-24,Non-Binary,"Denver, CO",Fashion accessories,117,11/30/21,Ewallet,6
1717,WALM006,45-54,Female,"Charlotte, NC",Home and lifestyle,150,6/1/22,Ewallet,6
1718,WALM006,25-34,Prefer Not to Say,"Portland, ME",Fashion accessories,111,8/24/20,Ewallet,7
1719,WALM063,45-54,Prefer Not to Say,"Louisville, KY",Home and lifestyle,177,2/25/23,Ewallet,9
1720,WALM069,18-24,Female,"Manchester, NH",Fashion accessories,106,10/31/23,Ewallet,7
1721,WALM020,45-54,Prefer Not to Say,"Portland, ME",Home and lifestyle,192,1/31/21,Ewallet,7
1722,WALM017,55+,Male,"Philadelphia, PA",Fashion accessories,177,12/28/23,Ewallet,9
1723,WALM098,25-34,Female,"Little Rock, AR",Home and lifestyle,68,9/22/21,Ewallet,5
1724,WALM069,55+,Prefer Not to Say,"Little Rock, AR",Fashion accessories,110,2/21/22,Ewallet,7
1725,WALM098,55+,Non-Binary,"Detroit, MI",Home and lifestyle,78,12/5/22,Ewallet,6
1726,WALM079,55+,Male,"Las Vegas, NV",Fashion accessories,82,7/27/21,Ewallet,8
1727,WALM059,25-34,Female,"Birmingham, AL",Home and lifestyle,183,10/4/22,Ewallet,8
1728,WALM022,55+,Prefer Not to Say,"Little Rock, AR",Fashion accessories,84,12/12/22,Ewallet,9
1729,WALM022,55+,Male,"Sioux Falls, SD",Home and lifestyle,61,4/24/19,Ewallet,4
1730,WALM006,55+,Prefer Not to Say,"Boston, MA",Fashion accessories,84,1/13/20,Ewallet,9
1731,WALM017,18-24,Non-Binary,"Seattle, WA",Home and lifestyle,58,8/15/20,Ewallet,8
1732,WALM015,55+,Male,"Hartford, CT",Fashion accessories,41,7/16/21,Ewallet,4
1733,WALM053,55+,Male,"Detroit, MI",Home and lifestyle,20,4/23/19,Ewallet,5
1734,WALM033,55+,Prefer Not to Say,"New Orleans, LA",Fashion accessories,31,10/26/23,Ewallet,4
1735,WALM045,35-44,Female,"Sioux Falls, SD",Home and lifestyle,170,7/1/23,Credit card,8
1736,WALM002,35-44,Non-Binary,"Charleston, SC",Fashion accessories,54,11/17/20,Ewallet,5
1737,WALM071,55+,Male,"Boston, MA",Home and lifestyle,60,12/2/20,Ewallet,4
1738,WALM077,55+,Non-Binary,"Des Moines, IA",Fashion accessories,129,5/18/21,Ewallet,6
1739,WALM071,35-44,Non-Binary,"New York City, NY",Home and lifestyle,54,12/18/20,Ewallet,7
1740,WALM093,35-44,Non-Binary,"Anchorage, AK",Fashion accessories,153,3/18/23,Ewallet,7
1741,WALM005,45-54,Prefer Not to Say,"New York City, NY",Home and lifestyle,135,8/31/22,Ewallet,9
1742,WALM019,45-54,Male,"Albuquerque, NM",Fashion accessories,40,4/26/23,Ewallet,6
1743,WALM083,45-54,Female,"Manchester, NH",Home and lifestyle,58,9/18/22,Ewallet,8
1744,WALM092,18-24,Non-Binary,"Wichita, KS",Fashion accessories,126,3/16/22,Ewallet,7
1745,WALM015,18-24,Male,"Minneapolis, MN",Home and lifestyle,41,2/22/23,Ewallet,9
1746,WALM005,18-24,Non-Binary,"Boise, ID",Fashion accessories,134,5/22/23,Ewallet,8
1747,WALM033,35-44,Male,"Boston, MA",Home and lifestyle,222,9/27/22,Ewallet,5
1748,WALM026,35-44,Male,"Columbus, OH",Fashion accessories,104,1/5/19,Ewallet,9
1749,WALM076,18-24,Prefer Not to Say,"Honolulu, HI",Home and lifestyle,57,4/19/21,Ewallet,9
1750,WALM052,25-34,Male,"Anchorage, AK",Fashion accessories,90,5/11/22,Ewallet,9
1751,WALM096,45-54,Prefer Not to Say,"Denver, CO",Home and lifestyle,222,10/28/23,Ewallet,4
1752,WALM080,18-24,Prefer Not to Say,"Indianapolis, IN",Fashion accessories,76,7/18/21,Ewallet,9
1753,WALM052,45-54,Non-Binary,"Honolulu, HI",Home and lifestyle,141,7/10/22,Ewallet,8
1754,WALM071,18-24,Male,"Charleston, WV",Fashion accessories,78,10/6/20,Ewallet,9
1755,WALM047,55+,Prefer Not to Say,"Boston, MA",Home and lifestyle,25,7/27/20,Ewallet,9
1756,WALM040,35-44,Non-Binary,"Phoenix, AZ",Fashion accessories,73,2/19/23,Ewallet,9
1757,WALM081,45-54,Female,"Billings, MT",Home and lifestyle,28,5/15/22,Ewallet,4
1758,WALM072,35-44,Prefer Not to Say,"Detroit, MI",Fashion accessories,59,9/5/23,Ewallet,8
1759,WALM026,55+,Prefer Not to Say,"Houston, TX",Home and lifestyle,136,5/20/20,Ewallet,8
1760,WALM093,45-54,Male,"Hartford, CT",Fashion accessories,105,4/5/22,Ewallet,4
1761,WALM077,45-54,Prefer Not to Say,"Chicago, IL",Home and lifestyle,114,5/28/20,Ewallet,8
1762,WALM091,25-34,Prefer Not to Say,"Wichita, KS",Fashion accessories,50,8/4/21,Ewallet,6
1763,WALM008,25-34,Non-Binary,"New Orleans, LA",Home and lifestyle,94,4/22/21,Ewallet,4
1764,WALM092,25-34,Prefer Not to Say,"Minneapolis, MN",Fashion accessories,68,8/16/20,Ewallet,6
1765,WALM079,35-44,Non-Binary,"Birmingham, AL",Home and lifestyle,140,11/25/19,Ewallet,4
1766,WALM085,55+,Non-Binary,"Phoenix, AZ",Fashion accessories,150,10/13/21,Ewallet,8
1767,WALM083,35-44,Male,"New Orleans, LA",Home and lifestyle,57,11/5/20,Ewallet,6
1768,WALM100,25-34,Female,"Atlanta, GA",Fashion accessories,83,12/28/21,Ewallet,6
1769,WALM021,35-44,Male,"Atlanta, GA",Home and lifestyle,21,1/15/21,Ewallet,4
1770,WALM016,45-54,Female,"Milwaukee, WI",Fashion accessories,122,7/9/23,Ewallet,9
1771,WALM037,18-24,Prefer Not to Say,"Hartford, CT",Home and lifestyle,76,1/22/20,Ewallet,7
1772,WALM053,55+,Prefer Not to Say,"Atlanta, GA",Fashion accessories,144,4/3/19,Ewallet,8
1773,WALM039,35-44,Non-Binary,"Portland, ME",Home and lifestyle,201,1/6/23,Ewallet,7
1774,WALM068,25-34,Non-Binary,"Los Angeles, CA",Fashion accessories,231,9/9/19,Ewallet,7
1775,WALM044,35-44,Prefer Not to Say,"New Orleans, LA",Home and lifestyle,96,11/8/20,Ewallet,6
1776,WALM071,35-44,Female,"Portland, ME",Fashion accessories,252,8/16/20,Ewallet,8
1777,WALM004,18-24,Prefer Not to Say,"Las Vegas, NV",Home and lifestyle,219,5/8/19,Ewallet,7
1778,WALM083,45-54,Prefer Not to Say,"Omaha, NE",Fashion accessories,213,8/28/22,Ewallet,5
1779,WALM044,55+,Male,"Newark, NJ",Home and lifestyle,42,6/17/19,Ewallet,6
1780,WALM042,45-54,Non-Binary,"Anchorage, AK",Fashion accessories,110,7/31/19,Ewallet,9
1781,WALM016,25-34,Prefer Not to Say,"Philadelphia, PA",Home and lifestyle,68,11/5/19,Ewallet,7
1782,WALM059,25-34,Prefer Not to Say,"Charleston, SC",Fashion accessories,80,3/28/19,Ewallet,6
1783,WALM047,18-24,Non-Binary,"Sioux Falls, SD",Home and lifestyle,216,8/9/19,Ewallet,6
1784,WALM036,25-34,Female,"Milwaukee, WI",Fashion accessories,53,10/23/21,Ewallet,7
1785,WALM044,25-34,Female,"Little Rock, AR",Home and lifestyle,48,10/10/20,Ewallet,5
1786,WALM096,35-44,Prefer Not to Say,"Phoenix, AZ",Fashion accessories,29,9/5/23,Ewallet,6
1787,WALM090,45-54,Prefer Not to Say,"Salt Lake City, UT",Home and lifestyle,24,9/5/19,Ewallet,7
1788,WALM097,55+,Prefer Not to Say,"Charleston, WV",Fashion accessories,43,3/30/19,Ewallet,8
1789,WALM008,25-34,Male,"Honolulu, HI",Home and lifestyle,225,6/24/20,Ewallet,8
1790,WALM024,18-24,Female,"Billings, MT",Fashion accessories,118,2/4/22,Ewallet,8
1791,WALM010,25-34,Non-Binary,"Orlando, FL",Home and lifestyle,28,9/29/19,Ewallet,8
1792,WALM009,55+,Prefer Not to Say,"Burlington, VT",Fashion accessories,16,12/3/23,Ewallet,9
1793,WALM085,55+,Male,"Seattle, WA",Home and lifestyle,19,6/19/21,Ewallet,5
1794,WALM024,45-54,Non-Binary,"Fargo, ND",Fashion accessories,150,3/18/21,Ewallet,6
1795,WALM079,45-54,Male,"Cheyenne, WY",Home and lifestyle,81,3/12/20,Ewallet,7
1796,WALM096,55+,Female,"Burlington, VT",Fashion accessories,225,4/30/21,Ewallet,6
1797,WALM091,18-24,Male,"Milwaukee, WI",Home and lifestyle,48,4/2/19,Ewallet,7
1798,WALM011,25-34,Male,"Anchorage, AK",Fashion accessories,99,5/9/19,Ewallet,7
1799,WALM027,18-24,Prefer Not to Say,"Charlotte, NC",Home and lifestyle,74,11/19/19,Ewallet,6
1800,WALM036,45-54,Female,"Sioux Falls, SD",Fashion accessories,154,3/3/23,Ewallet,6
1801,WALM047,25-34,Male,"Honolulu, HI",Home and lifestyle,122,12/10/23,Ewallet,6
1802,WALM030,55+,Non-Binary,"Fargo, ND",Fashion accessories,84,11/23/22,Ewallet,8
1803,WALM006,35-44,Non-Binary,"Boise, ID",Home and lifestyle,135,6/8/21,Ewallet,6
1804,WALM042,25-34,Non-Binary,"Milwaukee, WI",Fashion accessories,40,7/10/19,Ewallet,7
1805,WALM077,35-44,Male,"Phoenix, AZ",Home and lifestyle,16,7/11/19,Ewallet,5
1806,WALM043,25-34,Prefer Not to Say,"Virginia Beach, VA",Fashion accessories,88,5/7/20,Ewallet,7
1807,WALM062,25-34,Male,"Milwaukee, WI",Home and lifestyle,49,8/6/21,Ewallet,9
1808,WALM024,18-24,Prefer Not to Say,"Denver, CO",Fashion accessories,222,11/16/20,Ewallet,8
1809,WALM008,25-34,Male,"Birmingham, AL",Home and lifestyle,23,6/14/21,Ewallet,5
1810,WALM076,35-44,Non-Binary,"Chicago, IL",Fashion accessories,138,12/19/19,Ewallet,7
1811,WALM041,45-54,Female,"Virginia Beach, VA",Home and lifestyle,141,2/17/20,Ewallet,7
1812,WALM081,35-44,Non-Binary,"Charleston, SC",Fashion accessories,58,12/10/23,Ewallet,5
1813,WALM044,18-24,Male,"Des Moines, IA",Home and lifestyle,77,8/27/20,Ewallet,8
1814,WALM047,35-44,Prefer Not to Say,"Salt Lake City, UT",Fashion accessories,52,11/18/23,Ewallet,5
1815,WALM036,45-54,Male,"Indianapolis, IN",Home and lifestyle,24,3/21/23,Ewallet,8
1816,WALM097,25-34,Non-Binary,"Des Moines, IA",Fashion accessories,92,3/11/20,Ewallet,6
1817,WALM076,35-44,Non-Binary,"Houston, TX",Home and lifestyle,45,11/2/21,Ewallet,9
1818,WALM070,35-44,Female,"Las Vegas, NV",Fashion accessories,27,5/24/20,Ewallet,4
1819,WALM031,18-24,Female,"Billings, MT",Home and lifestyle,136,2/17/22,Ewallet,6
1820,WALM009,45-54,Male,"Houston, TX",Fashion accessories,128,11/12/23,Ewallet,5
1821,WALM091,18-24,Female,"Billings, MT",Home and lifestyle,120,2/23/20,Ewallet,7
1822,WALM048,55+,Prefer Not to Say,"Honolulu, HI",Fashion accessories,45,6/8/20,Ewallet,4
1823,WALM042,25-34,Non-Binary,"Providence, RI",Home and lifestyle,219,3/28/21,Ewallet,5
1824,WALM097,35-44,Prefer Not to Say,"New York City, NY",Fashion accessories,90,4/29/22,Ewallet,8
1825,WALM005,45-54,Non-Binary,"Baltimore, MD",Home and lifestyle,132,1/31/20,Ewallet,9
1826,WALM016,55+,Female,"Providence, RI",Fashion accessories,112,1/1/19,Ewallet,8
1827,WALM026,55+,Male,"Omaha, NE",Home and lifestyle,17,3/4/23,Ewallet,5
1828,WALM002,45-54,Male,"Los Angeles, CA",Fashion accessories,114,12/25/19,Ewallet,7
1829,WALM063,55+,Female,"Detroit, MI",Home and lifestyle,219,7/4/23,Ewallet,7
1830,WALM001,55+,Female,"Jackson, MS",Fashion accessories,30,1/14/22,Ewallet,5
1831,WALM008,18-24,Female,"Virginia Beach, VA",Home and lifestyle,76,7/14/20,Ewallet,4
1832,WALM053,45-54,Non-Binary,"Las Vegas, NV",Fashion accessories,150,5/5/21,Ewallet,9
1833,WALM076,45-54,Prefer Not to Say,"Birmingham, AL",Home and lifestyle,42,4/3/21,Ewallet,5
1834,WALM027,18-24,Male,"Chicago, IL",Fashion accessories,243,8/9/21,Ewallet,8
1835,WALM034,35-44,Prefer Not to Say,"Wichita, KS",Home and lifestyle,117,8/1/20,Ewallet,9
1836,WALM072,35-44,Non-Binary,"Wichita, KS",Fashion accessories,140,1/5/23,Ewallet,8
1837,WALM083,25-34,Prefer Not to Say,"Baltimore, MD",Home and lifestyle,66,2/22/21,Ewallet,9
1838,WALM016,55+,Prefer Not to Say,"Des Moines, IA",Fashion accessories,46,6/6/23,Ewallet,7
1839,WALM019,25-34,Female,"Virginia Beach, VA",Home and lifestyle,56,8/29/22,Ewallet,7
1840,WALM080,18-24,Prefer Not to Say,"Newark, NJ",Fashion accessories,160,3/24/21,Ewallet,8
1841,WALM015,35-44,Non-Binary,"Las Vegas, NV",Home and lifestyle,48,8/7/21,Ewallet,6
1842,WALM058,55+,Female,"Denver, CO",Fashion accessories,177,11/30/23,Ewallet,9
1843,WALM066,45-54,Male,"Portland, OR",Home and lifestyle,144,11/9/20,Ewallet,4
1844,WALM081,45-54,Non-Binary,"Atlanta, GA",Fashion accessories,72,3/29/19,Ewallet,7
1845,WALM028,45-54,Prefer Not to Say,"Seattle, WA",Home and lifestyle,124,10/23/22,Ewallet,9
1846,WALM090,18-24,Male,"Chicago, IL",Fashion accessories,79,11/5/22,Ewallet,8
1847,WALM036,35-44,Female,"Wichita, KS",Home and lifestyle,61,5/24/22,Ewallet,4
1848,WALM031,55+,Female,"Cheyenne, WY",Fashion accessories,225,11/25/19,Ewallet,6
1849,WALM034,55+,Prefer Not to Say,"Boston, MA",Home and lifestyle,33,4/5/20,Ewallet,6
1850,WALM043,55+,Prefer Not to Say,"Atlanta, GA",Fashion accessories,134,4/23/22,Ewallet,6
1851,WALM019,25-34,Male,"New Orleans, LA",Home and lifestyle,216,12/13/21,Ewallet,4
1852,WALM080,55+,Prefer Not to Say,"Providence, RI",Fashion accessories,75,1/25/21,Ewallet,7
1853,WALM043,45-54,Male,"Minneapolis, MN",Home and lifestyle,44,5/2/21,Ewallet,6
1854,WALM051,55+,Female,"Las Vegas, NV",Fashion accessories,60,6/21/19,Ewallet,9
1855,WALM015,45-54,Female,"Virginia Beach, VA",Home and lifestyle,63,8/5/22,Ewallet,8
1856,WALM064,45-54,Non-Binary,"Charleston, WV",Fashion accessories,35,5/4/22,Ewallet,6
1857,WALM042,35-44,Male,"Salt Lake City, UT",Home and lifestyle,76,9/8/21,Ewallet,6
1858,WALM010,45-54,Non-Binary,"Phoenix, AZ",Fashion accessories,34,10/17/20,Ewallet,6
1859,WALM081,35-44,Female,"Boston, MA",Home and lifestyle,57,9/3/22,Ewallet,6
1860,WALM061,18-24,Male,"Boston, MA",Fashion accessories,36,2/20/23,Ewallet,5
1861,WALM052,55+,Male,"Wichita, KS",Home and lifestyle,57,3/24/23,Ewallet,6
1862,WALM098,18-24,Male,"Columbus, OH",Fashion accessories,36,12/24/20,Ewallet,6
1863,WALM001,35-44,Prefer Not to Say,"Charleston, WV",Home and lifestyle,68,10/8/20,Ewallet,9
1864,WALM024,25-34,Female,"Jackson, MS",Fashion accessories,80,8/21/21,Ewallet,8
1865,WALM045,45-54,Male,"Orlando, FL",Home and lifestyle,216,6/10/20,Credit card,9
1866,WALM057,18-24,Non-Binary,"Wichita, KS",Fashion accessories,189,7/29/20,Ewallet,4
1867,WALM092,18-24,Non-Binary,"Houston, TX",Home and lifestyle,74,5/5/19,Ewallet,4
1868,WALM064,18-24,Prefer Not to Say,"Little Rock, AR",Fashion accessories,46,9/20/22,Ewallet,8
1869,WALM041,55+,Female,"Detroit, MI",Home and lifestyle,93,5/11/22,Ewallet,4
1870,WALM048,18-24,Male,"Salt Lake City, UT",Fashion accessories,156,12/11/23,Ewallet,8
1871,WALM026,45-54,Prefer Not to Say,"Milwaukee, WI",Home and lifestyle,126,4/30/20,Ewallet,5
1872,WALM067,25-34,Prefer Not to Say,"Charlotte, NC",Fashion accessories,80,10/24/21,Ewallet,7
1873,WALM013,18-24,Non-Binary,"Cheyenne, WY",Home and lifestyle,51,11/5/19,Ewallet,9
1874,WALM004,18-24,Non-Binary,"Phoenix, AZ",Fashion accessories,70,9/6/23,Ewallet,8
1875,WALM100,25-34,Non-Binary,"Albuquerque, NM",Home and lifestyle,129,10/4/22,Ewallet,9
1876,WALM005,35-44,Prefer Not to Say,"Oklahoma City, OK",Fashion accessories,111,2/8/22,Ewallet,7
1877,WALM020,18-24,Female,"Boise, ID",Home and lifestyle,43,9/6/23,Ewallet,4
1878,WALM030,55+,Female,"Salt Lake City, UT",Fashion accessories,104,1/18/19,Ewallet,8
1879,WALM042,25-34,Non-Binary,"Oklahoma City, OK",Home and lifestyle,156,2/24/23,Ewallet,6
1880,WALM090,45-54,Male,"Charleston, WV",Fashion accessories,64,1/16/20,Ewallet,6
1881,WALM002,35-44,Non-Binary,"Charleston, WV",Home and lifestyle,81,8/13/22,Ewallet,6
1882,WALM027,25-34,Male,"Phoenix, AZ",Fashion accessories,52,2/23/23,Ewallet,5
1883,WALM028,25-34,Non-Binary,"New Orleans, LA",Home and lifestyle,108,10/7/22,Ewallet,9
1884,WALM043,35-44,Prefer Not to Say,"Louisville, KY",Fashion accessories,168,9/15/20,Ewallet,5
1885,WALM022,18-24,Female,"Phoenix, AZ",Home and lifestyle,93,11/17/23,Ewallet,5
1886,WALM096,45-54,Male,"Boise, ID",Fashion accessories,93,12/20/23,Ewallet,8
1887,WALM040,25-34,Prefer Not to Say,"Wilmington, DE",Home and lifestyle,240,12/20/19,Ewallet,5
1888,WALM097,55+,Non-Binary,"Orlando, FL",Fashion accessories,66,10/1/22,Ewallet,9
1889,WALM040,35-44,Prefer Not to Say,"Wilmington, DE",Home and lifestyle,42,7/1/23,Ewallet,8
1890,WALM018,35-44,Male,"Milwaukee, WI",Fashion accessories,135,3/17/20,Ewallet,4
1891,WALM097,35-44,Non-Binary,"Wichita, KS",Home and lifestyle,60,2/21/21,Ewallet,6
1892,WALM022,25-34,Prefer Not to Say,"Orlando, FL",Fashion accessories,24,5/8/20,Ewallet,6
1893,WALM024,25-34,Prefer Not to Say,"Minneapolis, MN",Home and lifestyle,0,2/17/22,Ewallet,9
1894,WALM009,35-44,Female,"New Orleans, LA",Fashion accessories,0,11/26/19,Ewallet,4
1895,WALM010,45-54,Non-Binary,"Omaha, NE",Home and lifestyle,0,7/28/19,Ewallet,4
1896,WALM069,25-34,Prefer Not to Say,"Milwaukee, WI",Fashion accessories,0,5/16/22,Ewallet,4
1897,WALM093,45-54,Non-Binary,"Wichita, KS",Home and lifestyle,0,8/22/22,Ewallet,9
1898,WALM098,35-44,Female,"Boise, ID",Fashion accessories,0,7/19/19,Ewallet,4
1899,WALM009,25-34,Male,"Manchester, NH",Home and lifestyle,0,11/10/19,Ewallet,6
1900,WALM071,25-34,Female,"Indianapolis, IN",Fashion accessories,0,12/31/21,Ewallet,7
1901,WALM090,18-24,Prefer Not to Say,"Albuquerque, NM",Home and lifestyle,0,10/7/21,Ewallet,8
1902,WALM067,55+,Prefer Not to Say,"Sioux Falls, SD",Fashion accessories,0,8/19/23,Ewallet,8
1903,WALM033,18-24,Non-Binary,"Burlington, VT",Home and lifestyle,0,1/22/19,Ewallet,4
1904,WALM018,55+,Prefer Not to Say,"Anchorage, AK",Fashion accessories,0,3/18/23,Ewallet,4
1905,WALM076,35-44,Male,"Burlington, VT",Home and lifestyle,0,7/16/20,Ewallet,4
1906,WALM010,45-54,Male,"Columbus, OH",Fashion accessories,0,2/5/21,Ewallet,5
1907,WALM030,35-44,Male,"Las Vegas, NV",Home and lifestyle,0,5/28/22,Ewallet,8
1908,WALM001,55+,Non-Binary,"Los Angeles, CA",Fashion accessories,0,7/7/22,Ewallet,9
1909,WALM096,35-44,Prefer Not to Say,"Minneapolis, MN",Home and lifestyle,0,9/21/22,Ewallet,9
1910,WALM085,25-34,Female,"Omaha, NE",Fashion accessories,0,8/5/22,Ewallet,4
1911,WALM040,18-24,Male,"Charleston, SC",Home and lifestyle,0,1/28/21,Ewallet,9
1912,WALM080,18-24,Male,"Albuquerque, NM",Fashion accessories,0,4/5/19,Ewallet,7
1913,WALM068,55+,Non-Binary,"New Orleans, LA",Home and lifestyle,0,7/14/21,Ewallet,6
1914,WALM048,45-54,Male,"Las Vegas, NV",Fashion accessories,0,5/28/19,Ewallet,7
1915,WALM018,18-24,Female,"Jackson, MS",Home and lifestyle,0,5/31/20,Ewallet,7
1916,WALM015,35-44,Non-Binary,"Charlotte, NC",Fashion accessories,0,8/12/22,Ewallet,5
1917,WALM041,35-44,Female,"Omaha, NE",Home and lifestyle,0,5/1/19,Ewallet,6
1918,WALM045,45-54,Male,"Columbus, OH",Fashion accessories,0,11/19/21,Credit card,5
1919,WALM011,18-24,Non-Binary,"Minneapolis, MN",Home and lifestyle,0,12/9/23,Ewallet,8
1920,WALM052,25-34,Male,"Anchorage, AK",Fashion accessories,0,4/23/22,Ewallet,5
1921,WALM022,18-24,Prefer Not to Say,"Burlington, VT",Home and lifestyle,0,5/25/23,Ewallet,6
1922,WALM024,45-54,Non-Binary,"Boston, MA",Fashion accessories,0,3/25/19,Ewallet,8
1923,WALM070,45-54,Female,"Hartford, CT",Home and lifestyle,0,11/27/23,Ewallet,5
1924,WALM077,25-34,Female,"Orlando, FL",Fashion accessories,216,6/19/19,Ewallet,8
1925,WALM037,45-54,Female,"Denver, CO",Home and lifestyle,142,10/18/23,Ewallet,9
1926,WALM081,25-34,Male,"Minneapolis, MN",Fashion accessories,207,5/22/22,Ewallet,8
1927,WALM028,25-34,Female,"Hartford, CT",Home and lifestyle,147,5/16/19,Ewallet,4
1928,WALM033,45-54,Female,"Providence, RI",Fashion accessories,25,3/13/21,Ewallet,9
1929,WALM039,18-24,Male,"Newark, NJ",Home and lifestyle,41,5/11/22,Ewallet,4
1930,WALM033,35-44,Female,"Los Angeles, CA",Fashion accessories,204,7/19/21,Ewallet,5
1931,WALM088,55+,Male,"Salt Lake City, UT",Home and lifestyle,39,12/14/19,Ewallet,6
1932,WALM020,18-24,Male,"Atlanta, GA",Fashion accessories,189,10/31/20,Ewallet,6
1933,WALM085,45-54,Prefer Not to Say,"Atlanta, GA",Home and lifestyle,75,11/10/20,Ewallet,6
1934,WALM005,45-54,Prefer Not to Say,"Baltimore, MD",Fashion accessories,171,9/12/19,Ewallet,8
1935,WALM004,35-44,Male,"New Orleans, LA",Home and lifestyle,124,7/27/20,Ewallet,5
1936,WALM072,35-44,Prefer Not to Say,"Des Moines, IA",Fashion accessories,38,10/18/20,Ewallet,6
1937,WALM020,55+,Female,"Charlotte, NC",Home and lifestyle,189,3/14/21,Ewallet,8
1938,WALM063,45-54,Female,"Las Vegas, NV",Fashion accessories,108,12/26/22,Ewallet,5
1939,WALM024,55+,Non-Binary,"Louisville, KY",Home and lifestyle,165,12/27/23,Ewallet,7
1940,WALM009,35-44,Female,"Fargo, ND",Fashion accessories,144,5/28/19,Ewallet,8
1941,WALM078,35-44,Non-Binary,"Jackson, MS",Home and lifestyle,222,9/6/22,Ewallet,5
1942,WALM005,35-44,Male,"Anchorage, AK",Fashion accessories,45,9/22/23,Ewallet,6
1943,WALM030,45-54,Prefer Not to Say,"Minneapolis, MN",Home and lifestyle,72,6/12/23,Ewallet,7
1944,WALM012,55+,Female,"Anchorage, AK",Fashion accessories,195,7/24/20,Ewallet,6
1945,WALM057,25-34,Prefer Not to Say,"Baltimore, MD",Home and lifestyle,34,2/7/23,Ewallet,6
1946,WALM036,18-24,Non-Binary,"Omaha, NE",Fashion accessories,80,6/27/21,Ewallet,8
1947,WALM033,35-44,Prefer Not to Say,"Phoenix, AZ",Home and lifestyle,24,12/22/22,Ewallet,7
1948,WALM062,35-44,Non-Binary,"Phoenix, AZ",Fashion accessories,136,8/16/20,Ewallet,8
1949,WALM013,18-24,Non-Binary,"Charleston, WV",Home and lifestyle,22,11/22/22,Ewallet,6
1950,WALM012,55+,Female,"Orlando, FL",Fashion accessories,80,12/5/21,Ewallet,4
1951,WALM006,25-34,Male,"Chicago, IL",Home and lifestyle,132,2/23/19,Ewallet,4
1952,WALM001,55+,Female,"Seattle, WA",Fashion accessories,114,9/24/22,Ewallet,4
1953,WALM083,55+,Female,"Salt Lake City, UT",Home and lifestyle,78,4/22/21,Ewallet,7
1954,WALM015,55+,Female,"Burlington, VT",Fashion accessories,150,12/9/21,Ewallet,7
1955,WALM010,45-54,Non-Binary,"Cheyenne, WY",Home and lifestyle,55,12/23/19,Ewallet,6
1956,WALM069,18-24,Female,"Honolulu, HI",Fashion accessories,84,3/8/23,Ewallet,6
1957,WALM063,55+,Prefer Not to Say,"Chicago, IL",Home and lifestyle,66,8/16/22,Ewallet,9
1958,WALM045,18-24,Non-Binary,"Providence, RI",Fashion accessories,105,6/7/21,Credit card,4
1959,WALM002,55+,Prefer Not to Say,"Hartford, CT",Home and lifestyle,116,8/26/21,Ewallet,9
1960,WALM053,45-54,Non-Binary,"Milwaukee, WI",Fashion accessories,198,1/22/22,Ewallet,6
1961,WALM017,35-44,Prefer Not to Say,"Chicago, IL",Home and lifestyle,198,6/14/23,Ewallet,6
1962,WALM008,35-44,Male,"Minneapolis, MN",Fashion accessories,43,6/26/21,Ewallet,8
1963,WALM026,35-44,Non-Binary,"Honolulu, HI",Home and lifestyle,106,10/20/22,Ewallet,9
1964,WALM080,18-24,Female,"New York City, NY",Fashion accessories,141,10/26/23,Ewallet,5
1965,WALM012,25-34,Female,"Columbus, OH",Home and lifestyle,78,5/24/20,Ewallet,7
1966,WALM043,18-24,Female,"Minneapolis, MN",Fashion accessories,68,12/19/21,Ewallet,6
1967,WALM002,18-24,Female,"Oklahoma City, OK",Home and lifestyle,135,4/17/22,Ewallet,9
1968,WALM063,25-34,Prefer Not to Say,"Charleston, SC",Fashion accessories,41,2/16/19,Ewallet,4
1969,WALM042,18-24,Non-Binary,"Detroit, MI",Home and lifestyle,58,1/6/21,Ewallet,6
1970,WALM052,55+,Male,"Seattle, WA",Fashion accessories,225,1/22/23,Ewallet,5
1971,WALM096,25-34,Female,"Portland, ME",Home and lifestyle,66,2/25/23,Ewallet,7
1972,WALM069,18-24,Prefer Not to Say,"Salt Lake City, UT",Fashion accessories,186,6/1/22,Ewallet,4
1973,WALM066,55+,Male,"Sioux Falls, SD",Home and lifestyle,80,2/1/22,Ewallet,6
1974,WALM043,25-34,Non-Binary,"Manchester, NH",Fashion accessories,58,10/31/23,Ewallet,7
1975,WALM027,18-24,Non-Binary,"New Orleans, LA",Home and lifestyle,156,5/1/22,Ewallet,6
1976,WALM080,18-24,Male,"Little Rock, AR",Fashion accessories,88,10/11/23,Ewallet,8
1977,WALM078,18-24,Male,"Albuquerque, NM",Home and lifestyle,70,7/27/22,Ewallet,4
1978,WALM018,45-54,Non-Binary,"Chicago, IL",Fashion accessories,62,5/3/20,Ewallet,7
1979,WALM060,45-54,Male,"St. Louis, MO",Home and lifestyle,92,4/11/23,Ewallet,5
1980,WALM077,25-34,Non-Binary,"Portland, OR",Fashion accessories,45,3/30/19,Ewallet,6
1981,WALM005,35-44,Non-Binary,"Orlando, FL",Home and lifestyle,50,11/27/21,Ewallet,7
1982,WALM026,25-34,Male,"Des Moines, IA",Fashion accessories,156,11/14/23,Ewallet,8
1983,WALM016,55+,Prefer Not to Say,"Hartford, CT",Home and lifestyle,52,12/25/21,Ewallet,4
1984,WALM067,35-44,Female,"Charleston, WV",Fashion accessories,80,2/3/20,Ewallet,8
1985,WALM049,55+,Female,"Milwaukee, WI",Home and lifestyle,58,9/12/23,Ewallet,4
1986,WALM088,35-44,Prefer Not to Say,"Atlanta, GA",Fashion accessories,249,11/10/20,Ewallet,6
1987,WALM098,25-34,Male,"Burlington, VT",Home and lifestyle,52,11/5/19,Ewallet,8
1988,WALM016,25-34,Female,"Boston, MA",Fashion accessories,64,4/19/20,Ewallet,7
1989,WALM088,35-44,Non-Binary,"Little Rock, AR",Home and lifestyle,55,9/5/23,Ewallet,8
1990,WALM033,55+,Prefer Not to Say,"Anchorage, AK",Fashion accessories,58,8/19/21,Ewallet,9
1991,WALM036,35-44,Female,"Charleston, WV",Home and lifestyle,198,11/3/22,Ewallet,8
1992,WALM067,18-24,Male,"Manchester, NH",Fashion accessories,40,5/7/19,Ewallet,7
1993,WALM015,55+,Prefer Not to Say,"Oklahoma City, OK",Home and lifestyle,123,4/3/19,Ewallet,7
1994,WALM044,18-24,Prefer Not to Say,"Burlington, VT",Fashion accessories,19,4/4/22,Ewallet,6
1995,WALM004,55+,Female,"St. Louis, MO",Home and lifestyle,104,6/11/23,Ewallet,9
1996,WALM037,55+,Female,"Portland, OR",Fashion accessories,114,9/14/20,Ewallet,5
1997,WALM070,25-34,Male,"Boston, MA",Home and lifestyle,195,7/1/22,Ewallet,8
1998,WALM016,35-44,Male,"Charleston, SC",Fashion accessories,36,3/21/19,Ewallet,7
1999,WALM002,25-34,Female,"Wilmington, DE",Home and lifestyle,246,12/9/22,Ewallet,4
2000,WALM004,35-44,Prefer Not to Say,"Honolulu, HI",Fashion accessories,75,9/29/20,Ewallet,9
2001,WALM011,18-24,Non-Binary,"Boise, ID",Home and lifestyle,41,9/21/22,Ewallet,7
2002,WALM095,55+,Non-Binary,"Charleston, WV",Fashion accessories,62,12/10/19,Ewallet,8
2003,WALM066,55+,Prefer Not to Say,"Detroit, MI",Home and lifestyle,186,9/15/21,Ewallet,6
2004,WALM005,55+,Female,"Louisville, KY",Fashion accessories,52,9/11/20,Ewallet,5
2005,WALM053,45-54,Prefer Not to Say,"Boise, ID",Home and lifestyle,39,4/15/20,Ewallet,7
2006,WALM094,25-34,Female,"Chicago, IL",Fashion accessories,132,2/8/22,Ewallet,8
2007,WALM034,25-34,Male,"Denver, CO",Home and lifestyle,61,1/20/20,Ewallet,9
2008,WALM093,35-44,Male,"Manchester, NH",Fashion accessories,37,10/6/19,Ewallet,7
2009,WALM008,55+,Prefer Not to Say,"Little Rock, AR",Home and lifestyle,130,9/6/19,Ewallet,7
2010,WALM011,25-34,Female,"Providence, RI",Fashion accessories,34,4/30/22,Ewallet,8
2011,WALM053,25-34,Non-Binary,"Little Rock, AR",Home and lifestyle,142,12/31/19,Ewallet,6
2012,WALM088,18-24,Male,"Charlotte, NC",Fashion accessories,168,10/21/19,Ewallet,6
2013,WALM024,35-44,Non-Binary,"Milwaukee, WI",Home and lifestyle,240,5/15/21,Ewallet,7
2014,WALM041,25-34,Male,"Honolulu, HI",Fashion accessories,58,5/26/20,Ewallet,9
2015,WALM006,18-24,Female,"Fargo, ND",Home and lifestyle,60,2/19/20,Ewallet,7
2016,WALM036,35-44,Male,"Philadelphia, PA",Fashion accessories,174,5/3/20,Ewallet,4
2017,WALM030,55+,Prefer Not to Say,"Oklahoma City, OK",Home and lifestyle,57,7/7/21,Ewallet,7
2018,WALM090,35-44,Female,"Birmingham, AL",Fashion accessories,132,12/13/21,Ewallet,9
2019,WALM031,55+,Female,"Anchorage, AK",Home and lifestyle,41,5/31/21,Ewallet,7
2020,WALM018,18-24,Male,"Detroit, MI",Fashion accessories,36,11/6/21,Ewallet,4
2021,WALM043,18-24,Male,"Wilmington, DE",Home and lifestyle,138,2/20/19,Ewallet,7
2022,WALM079,18-24,Male,"Providence, RI",Fashion accessories,64,4/19/23,Ewallet,9
2023,WALM064,25-34,Non-Binary,"Oklahoma City, OK",Home and lifestyle,68,4/10/21,Ewallet,9
2024,WALM040,45-54,Non-Binary,"Billings, MT",Fashion accessories,231,4/27/19,Ewallet,9
2025,WALM011,35-44,Male,"Omaha, NE",Home and lifestyle,34,6/3/23,Ewallet,8
2026,WALM098,45-54,Female,"Wilmington, DE",Fashion accessories,98,3/31/22,Ewallet,6
2027,WALM097,18-24,Female,"Hartford, CT",Home and lifestyle,170,10/2/20,Ewallet,4
2028,WALM071,25-34,Female,"Omaha, NE",Fashion accessories,108,3/28/20,Ewallet,6
2029,WALM063,45-54,Male,"Fargo, ND",Home and lifestyle,168,6/17/23,Ewallet,5
2030,WALM014,55+,Male,"Baltimore, MD",Fashion accessories,51,11/6/19,Ewallet,7
2031,WALM040,25-34,Male,"Portland, ME",Home and lifestyle,104,12/24/23,Ewallet,9
2032,WALM078,18-24,Non-Binary,"St. Louis, MO",Fashion accessories,96,2/21/20,Ewallet,9
2033,WALM100,18-24,Prefer Not to Say,"Billings, MT",Home and lifestyle,100,12/23/22,Ewallet,6
2034,WALM090,45-54,Non-Binary,"Sioux Falls, SD",Fashion accessories,51,1/15/20,Ewallet,4
2035,WALM007,55+,Prefer Not to Say,"Charlotte, NC",Home and lifestyle,15,3/2/22,Ewallet,7
2036,WALM077,35-44,Male,"St. Louis, MO",Fashion accessories,156,1/27/22,Ewallet,7
2037,WALM078,45-54,Prefer Not to Say,"Albuquerque, NM",Home and lifestyle,147,4/18/19,Ewallet,6
2038,WALM021,25-34,Male,"Albuquerque, NM",Fashion accessories,144,4/13/23,Ewallet,4
2039,WALM020,45-54,Female,"Louisville, KY",Home and lifestyle,164,11/23/19,Ewallet,7
2040,WALM063,45-54,Female,"Los Angeles, CA",Fashion accessories,148,5/29/19,Ewallet,4
2041,WALM047,45-54,Male,"Chicago, IL",Home and lifestyle,50,1/1/23,Ewallet,6
2042,WALM036,55+,Female,"Boise, ID",Fashion accessories,154,8/1/20,Ewallet,5
2043,WALM080,35-44,Non-Binary,"Fargo, ND",Home and lifestyle,219,10/22/23,Ewallet,7
2044,WALM004,18-24,Female,"Providence, RI",Fashion accessories,85,12/4/21,Ewallet,6
2045,WALM014,25-34,Female,"Boston, MA",Home and lifestyle,237,3/23/20,Ewallet,9
2046,WALM072,25-34,Female,"Charleston, SC",Fashion accessories,198,8/13/22,Ewallet,7
2047,WALM011,35-44,Female,"Portland, OR",Home and lifestyle,18,9/23/20,Ewallet,9
2048,WALM018,25-34,Female,"Cheyenne, WY",Fashion accessories,80,2/21/19,Ewallet,4
2049,WALM097,45-54,Prefer Not to Say,"Manchester, NH",Home and lifestyle,222,12/16/22,Ewallet,9
2050,WALM085,45-54,Non-Binary,"New Orleans, LA",Fashion accessories,58,5/29/21,Ewallet,7
2051,WALM093,45-54,Non-Binary,"Wilmington, DE",Home and lifestyle,106,6/28/22,Ewallet,5
2052,WALM057,25-34,Prefer Not to Say,"Oklahoma City, OK",Fashion accessories,45,10/13/23,Ewallet,7
2053,WALM090,25-34,Non-Binary,"Manchester, NH",Home and lifestyle,126,11/22/20,Ewallet,7
2054,WALM064,55+,Male,"Burlington, VT",Fashion accessories,46,12/16/20,Ewallet,8
2055,WALM033,35-44,Non-Binary,"Wilmington, DE",Home and lifestyle,66,3/13/21,Ewallet,8
2056,WALM011,25-34,Female,"Oklahoma City, OK",Fashion accessories,76,5/9/20,Ewallet,7
2057,WALM026,45-54,Female,"Charleston, SC",Home and lifestyle,118,7/17/23,Ewallet,4
2058,WALM079,25-34,Female,"Jackson, MS",Fashion accessories,249,5/25/23,Ewallet,9
2059,WALM009,25-34,Prefer Not to Say,"Salt Lake City, UT",Home and lifestyle,57,9/7/19,Ewallet,8
2060,WALM081,35-44,Prefer Not to Say,"Seattle, WA",Fashion accessories,231,7/28/19,Ewallet,5
2061,WALM040,35-44,Male,"Nashville, TN",Home and lifestyle,49,3/10/21,Ewallet,6
2062,WALM012,55+,Female,"New Orleans, LA",Fashion accessories,94,12/9/22,Ewallet,8
2063,WALM068,18-24,Prefer Not to Say,"Chicago, IL",Home and lifestyle,174,12/20/20,Ewallet,8
2064,WALM013,55+,Non-Binary,"Cheyenne, WY",Fashion accessories,28,11/7/19,Ewallet,7
2065,WALM014,35-44,Male,"Anchorage, AK",Home and lifestyle,84,9/3/23,Ewallet,9
2066,WALM049,55+,Prefer Not to Say,"Burlington, VT",Fashion accessories,86,8/19/22,Ewallet,5
2067,WALM057,25-34,Male,"Charleston, WV",Home and lifestyle,70,11/4/20,Ewallet,7
2068,WALM041,55+,Male,"New Orleans, LA",Fashion accessories,144,2/26/21,Ewallet,8
2069,WALM037,35-44,Non-Binary,"Indianapolis, IN",Home and lifestyle,168,6/4/21,Ewallet,7
2070,WALM077,45-54,Non-Binary,"Billings, MT",Fashion accessories,240,11/9/22,Ewallet,6
2071,WALM040,45-54,Prefer Not to Say,"Phoenix, AZ",Home and lifestyle,156,2/15/21,Ewallet,5
2072,WALM034,55+,Prefer Not to Say,"Indianapolis, IN",Fashion accessories,50,4/16/21,Ewallet,8
2073,WALM072,18-24,Male,"Chicago, IL",Home and lifestyle,90,4/23/21,Ewallet,8
2074,WALM062,35-44,Female,"Portland, OR",Fashion accessories,124,6/3/22,Ewallet,8
2075,WALM010,55+,Non-Binary,"Wichita, KS",Home and lifestyle,162,6/28/21,Ewallet,6
2076,WALM083,55+,Prefer Not to Say,"Fargo, ND",Fashion accessories,84,4/4/20,Ewallet,9
2077,WALM002,35-44,Female,"New York City, NY",Home and lifestyle,54,4/7/20,Ewallet,8
2078,WALM058,55+,Male,"Little Rock, AR",Fashion accessories,44,9/20/23,Ewallet,8
2079,WALM023,18-24,Prefer Not to Say,"Albuquerque, NM",Home and lifestyle,29,3/9/23,Ewallet,9
2080,WALM041,55+,Prefer Not to Say,"Seattle, WA",Fashion accessories,164,9/29/21,Ewallet,4
2081,WALM090,18-24,Male,"Portland, ME",Home and lifestyle,66,5/12/20,Ewallet,6
2082,WALM076,18-24,Female,"Jackson, MS",Fashion accessories,45,8/7/21,Ewallet,5
2083,WALM040,25-34,Male,"Minneapolis, MN",Home and lifestyle,210,4/2/20,Ewallet,6
2084,WALM042,55+,Non-Binary,"Portland, OR",Fashion accessories,54,6/28/23,Ewallet,6
2085,WALM059,18-24,Prefer Not to Say,"Charlotte, NC",Home and lifestyle,33,3/25/23,Ewallet,5
2086,WALM030,55+,Prefer Not to Say,"Louisville, KY",Fashion accessories,50,8/6/19,Ewallet,6
2087,WALM071,18-24,Non-Binary,"Billings, MT",Home and lifestyle,78,3/1/19,Ewallet,7
2088,WALM069,35-44,Female,"Denver, CO",Fashion accessories,138,10/4/20,Ewallet,6
2089,WALM028,35-44,Prefer Not to Say,"Baltimore, MD",Home and lifestyle,64,5/12/21,Ewallet,7
2090,WALM015,25-34,Male,"Milwaukee, WI",Fashion accessories,102,2/20/21,Ewallet,6
2091,WALM022,18-24,Non-Binary,"Boise, ID",Home and lifestyle,98,3/20/23,Ewallet,9
2092,WALM021,25-34,Prefer Not to Say,"Boston, MA",Fashion accessories,78,7/21/23,Ewallet,9
2093,WALM007,45-54,Male,"Virginia Beach, VA",Home and lifestyle,195,9/18/21,Ewallet,5
2094,WALM040,18-24,Female,"Chicago, IL",Fashion accessories,255,7/14/19,Ewallet,8
2095,WALM049,18-24,Prefer Not to Say,"Salt Lake City, UT",Home and lifestyle,126,2/24/23,Ewallet,9
2096,WALM092,45-54,Prefer Not to Say,"Anchorage, AK",Fashion accessories,243,7/28/19,Ewallet,9
2097,WALM039,55+,Male,"Charlotte, NC",Home and lifestyle,81,9/28/19,Ewallet,6
2098,WALM067,25-34,Male,"Seattle, WA",Fashion accessories,138,8/24/20,Ewallet,7
2099,WALM013,25-34,Prefer Not to Say,"Virginia Beach, VA",Home and lifestyle,27,9/23/19,Ewallet,4
2100,WALM043,55+,Female,"Portland, ME",Fashion accessories,153,9/23/21,Ewallet,9
2101,WALM048,25-34,Female,"New York City, NY",Home and lifestyle,75,5/16/23,Ewallet,9
2102,WALM022,35-44,Non-Binary,"Milwaukee, WI",Fashion accessories,231,7/6/22,Ewallet,7
2103,WALM061,25-34,Female,"New Orleans, LA",Home and lifestyle,102,7/1/22,Ewallet,5
2104,WALM022,18-24,Female,"Los Angeles, CA",Fashion accessories,120,8/30/21,Ewallet,8
2105,WALM078,55+,Non-Binary,"New Orleans, LA",Home and lifestyle,160,7/24/22,Ewallet,4
2106,WALM018,55+,Non-Binary,"Providence, RI",Fashion accessories,79,5/5/22,Ewallet,9
2107,WALM063,18-24,Prefer Not to Say,"Louisville, KY",Home and lifestyle,42,3/17/20,Ewallet,7
2108,WALM081,25-34,Non-Binary,"Birmingham, AL",Fashion accessories,84,5/13/23,Ewallet,8
2109,WALM080,25-34,Male,"Milwaukee, WI",Home and lifestyle,39,11/7/20,Ewallet,7
2110,WALM098,45-54,Non-Binary,"Las Vegas, NV",Fashion accessories,150,7/24/19,Ewallet,9
2111,WALM037,55+,Prefer Not to Say,"Philadelphia, PA",Home and lifestyle,48,11/13/20,Ewallet,4
2112,WALM090,45-54,Non-Binary,"Virginia Beach, VA",Fashion accessories,27,1/19/22,Ewallet,8
2113,WALM077,45-54,Non-Binary,"Louisville, KY",Home and lifestyle,74,7/22/19,Ewallet,8
2114,WALM068,18-24,Non-Binary,"Sioux Falls, SD",Fashion accessories,134,4/27/22,Ewallet,6
2115,WALM039,45-54,Male,"Portland, ME",Home and lifestyle,164,3/15/22,Ewallet,8
2116,WALM098,18-24,Female,"Wilmington, DE",Fashion accessories,96,6/16/20,Ewallet,8
2117,WALM020,18-24,Prefer Not to Say,"Charleston, SC",Home and lifestyle,44,5/13/21,Ewallet,8
2118,WALM090,25-34,Female,"Honolulu, HI",Fashion accessories,75,11/12/20,Ewallet,4
2119,WALM030,55+,Female,"Fargo, ND",Home and lifestyle,50,11/26/20,Ewallet,4
2120,WALM071,18-24,Prefer Not to Say,"New Orleans, LA",Fashion accessories,80,11/21/20,Ewallet,4
2121,WALM002,55+,Non-Binary,"Portland, OR",Home and lifestyle,148,5/3/21,Ewallet,8
2122,WALM016,35-44,Prefer Not to Say,"Minneapolis, MN",Fashion accessories,48,7/29/22,Ewallet,5
2123,WALM062,25-34,Prefer Not to Say,"Portland, ME",Home and lifestyle,213,10/27/22,Ewallet,4
2124,WALM005,25-34,Male,"Manchester, NH",Fashion accessories,15,12/18/21,Ewallet,7
2125,WALM027,55+,Female,"Philadelphia, PA",Home and lifestyle,35,11/23/19,Ewallet,6
2126,WALM085,35-44,Prefer Not to Say,"Birmingham, AL",Fashion accessories,102,6/16/19,Ewallet,9
2127,WALM012,45-54,Male,"Louisville, KY",Home and lifestyle,252,9/19/21,Ewallet,8
2128,WALM093,55+,Male,"Salt Lake City, UT",Fashion accessories,43,9/13/23,Ewallet,6
2129,WALM010,45-54,Male,"Billings, MT",Home and lifestyle,216,12/8/21,Ewallet,5
2130,WALM091,45-54,Prefer Not to Say,"Charlotte, NC",Fashion accessories,53,3/12/23,Ewallet,4
2131,WALM023,18-24,Female,"New Orleans, LA",Home and lifestyle,138,12/2/22,Ewallet,9
2132,WALM024,18-24,Non-Binary,"Denver, CO",Fashion accessories,15,11/11/23,Ewallet,4
2133,WALM024,18-24,Female,"Salt Lake City, UT",Home and lifestyle,130,4/7/21,Ewallet,8
2134,WALM040,25-34,Non-Binary,"Portland, OR",Fashion accessories,50,7/5/22,Ewallet,6
2135,WALM081,35-44,Male,"Virginia Beach, VA",Home and lifestyle,30,2/11/20,Ewallet,4
2136,WALM027,18-24,Prefer Not to Say,"Boston, MA",Fashion accessories,22,4/16/22,Ewallet,4
2137,WALM023,55+,Non-Binary,"Houston, TX",Home and lifestyle,20,3/9/21,Ewallet,5
2138,WALM006,35-44,Male,"Hartford, CT",Fashion accessories,162,3/7/22,Ewallet,5
2139,WALM098,45-54,Prefer Not to Say,"Birmingham, AL",Home and lifestyle,48,3/17/19,Ewallet,5
2140,WALM013,55+,Male,"Portland, ME",Fashion accessories,102,5/5/20,Ewallet,5
2141,WALM095,35-44,Male,"Virginia Beach, VA",Home and lifestyle,150,4/1/19,Ewallet,7
2142,WALM053,55+,Male,"Minneapolis, MN",Fashion accessories,96,9/14/20,Ewallet,8
2143,WALM094,25-34,Non-Binary,"Little Rock, AR",Home and lifestyle,138,5/26/19,Ewallet,9
2144,WALM044,45-54,Male,"Providence, RI",Fashion accessories,207,7/18/23,Ewallet,7
2145,WALM080,35-44,Prefer Not to Say,"Billings, MT",Home and lifestyle,23,3/7/23,Ewallet,4
2146,WALM088,18-24,Non-Binary,"Fargo, ND",Fashion accessories,138,2/25/23,Ewallet,9
2147,WALM051,35-44,Non-Binary,"Fargo, ND",Home and lifestyle,72,8/14/21,Ewallet,5
2148,WALM059,35-44,Male,"Albuquerque, NM",Fashion accessories,25,4/12/19,Ewallet,6
2149,WALM020,35-44,Female,"Virginia Beach, VA",Home and lifestyle,240,5/13/22,Ewallet,9
2150,WALM007,55+,Male,"Atlanta, GA",Fashion accessories,144,5/14/21,Ewallet,8
2151,WALM070,18-24,Male,"Omaha, NE",Home and lifestyle,64,10/1/23,Ewallet,9
2152,WALM078,55+,Male,"Boston, MA",Fashion accessories,153,2/12/21,Ewallet,7
2153,WALM061,18-24,Female,"Chicago, IL",Home and lifestyle,21,7/12/20,Ewallet,5
2154,WALM007,45-54,Male,"New Orleans, LA",Fashion accessories,44,4/4/20,Ewallet,4
2155,WALM039,25-34,Non-Binary,"Las Vegas, NV",Home and lifestyle,37,11/17/20,Ewallet,9
2156,WALM012,35-44,Female,"Phoenix, AZ",Fashion accessories,31,7/26/21,Ewallet,9
2157,WALM026,35-44,Male,"Charleston, WV",Home and lifestyle,94,10/18/22,Ewallet,8
2158,WALM015,18-24,Non-Binary,"Charleston, WV",Fashion accessories,78,12/3/19,Ewallet,6
2159,WALM076,45-54,Non-Binary,"Manchester, NH",Home and lifestyle,19,5/30/22,Ewallet,7
2160,WALM066,35-44,Female,"Honolulu, HI",Fashion accessories,207,2/8/22,Ewallet,9
2161,WALM018,35-44,Non-Binary,"Portland, OR",Home and lifestyle,243,10/12/19,Ewallet,6
2162,WALM044,18-24,Prefer Not to Say,"Des Moines, IA",Fashion accessories,75,4/13/23,Ewallet,6
2163,WALM085,45-54,Prefer Not to Say,"Baltimore, MD",Home and lifestyle,66,2/17/21,Ewallet,6
2164,WALM031,35-44,Male,"Des Moines, IA",Fashion accessories,165,12/3/23,Ewallet,8
2165,WALM037,35-44,Female,"Boston, MA",Home and lifestyle,126,9/3/22,Ewallet,6
2166,WALM023,18-24,Prefer Not to Say,"Burlington, VT",Fashion accessories,39,12/14/22,Ewallet,6
2167,WALM005,35-44,Prefer Not to Say,"Los Angeles, CA",Home and lifestyle,80,2/5/19,Ewallet,8
2168,WALM014,35-44,Prefer Not to Say,"Anchorage, AK",Fashion accessories,42,7/15/21,Ewallet,8
2169,WALM027,45-54,Prefer Not to Say,"Little Rock, AR",Home and lifestyle,216,6/28/19,Ewallet,5
2170,WALM026,18-24,Male,"Boise, ID",Fashion accessories,69,8/17/19,Ewallet,4
2171,WALM090,35-44,Male,"Virginia Beach, VA",Home and lifestyle,124,7/19/20,Ewallet,6
2172,WALM015,18-24,Prefer Not to Say,"Salt Lake City, UT",Fashion accessories,51,8/21/21,Ewallet,9
2173,WALM015,18-24,Prefer Not to Say,"New Orleans, LA",Home and lifestyle,26,6/20/23,Ewallet,6
2174,WALM043,35-44,Non-Binary,"Louisville, KY",Fashion accessories,32,5/20/21,Ewallet,4
2175,WALM037,25-34,Female,"Nashville, TN",Home and lifestyle,43,2/11/20,Ewallet,5
2176,WALM081,25-34,Non-Binary,"Anchorage, AK",Fashion accessories,38,10/12/19,Ewallet,4
2177,WALM001,45-54,Female,"Little Rock, AR",Home and lifestyle,189,3/19/21,Ewallet,9
2178,WALM015,45-54,Male,"Wilmington, DE",Fashion accessories,207,6/6/20,Ewallet,6
2179,WALM001,35-44,Prefer Not to Say,"Manchester, NH",Home and lifestyle,37,1/1/23,Ewallet,4
2180,WALM060,45-54,Non-Binary,"Charlotte, NC",Fashion accessories,60,7/3/21,Ewallet,7
2181,WALM015,45-54,Prefer Not to Say,"Manchester, NH",Home and lifestyle,92,2/27/21,Ewallet,4
2182,WALM013,25-34,Female,"Chicago, IL",Fashion accessories,96,3/23/21,Ewallet,7
2183,WALM071,35-44,Prefer Not to Say,"Boston, MA",Home and lifestyle,72,7/11/22,Ewallet,7
2184,WALM039,25-34,Male,"Sioux Falls, SD",Fashion accessories,99,7/4/22,Ewallet,8
2185,WALM076,25-34,Prefer Not to Say,"Charlotte, NC",Home and lifestyle,114,11/11/21,Ewallet,5
2186,WALM049,55+,Non-Binary,"St. Louis, MO",Fashion accessories,98,7/1/20,Ewallet,8
2187,WALM060,55+,Female,"Boise, ID",Home and lifestyle,177,12/26/22,Ewallet,6
2188,WALM071,18-24,Prefer Not to Say,"Wichita, KS",Fashion accessories,57,1/31/19,Ewallet,5
2189,WALM100,18-24,Male,"Honolulu, HI",Home and lifestyle,58,12/28/21,Ewallet,8
2190,WALM070,55+,Male,"Oklahoma City, OK",Fashion accessories,17,1/29/19,Ewallet,8
2191,WALM076,55+,Prefer Not to Say,"Boise, ID",Home and lifestyle,96,1/13/19,Ewallet,4
2192,WALM053,55+,Female,"Chicago, IL",Fashion accessories,54,12/13/23,Ewallet,8
2193,WALM031,25-34,Female,"Des Moines, IA",Home and lifestyle,64,9/6/22,Ewallet,5
2194,WALM017,25-34,Prefer Not to Say,"Omaha, NE",Fashion accessories,126,3/16/19,Ewallet,4
2195,WALM017,25-34,Prefer Not to Say,"Denver, CO",Home and lifestyle,61,3/20/22,Ewallet,4
2196,WALM085,35-44,Male,"Anchorage, AK",Fashion accessories,77,2/20/22,Ewallet,7
2197,WALM063,45-54,Non-Binary,"Los Angeles, CA",Home and lifestyle,88,5/9/21,Ewallet,6
2198,WALM068,18-24,Male,"Charlotte, NC",Fashion accessories,240,1/23/23,Ewallet,4
2199,WALM020,55+,Male,"Fargo, ND",Home and lifestyle,50,12/17/22,Ewallet,9
2200,WALM061,35-44,Female,"Jackson, MS",Fashion accessories,32,8/19/22,Ewallet,9
2201,WALM100,55+,Prefer Not to Say,"Little Rock, AR",Home and lifestyle,130,6/23/22,Ewallet,5
2202,WALM060,18-24,Prefer Not to Say,"Indianapolis, IN",Fashion accessories,168,2/7/19,Ewallet,9
2203,WALM022,18-24,Male,"Portland, OR",Home and lifestyle,78,3/31/23,Ewallet,8
2204,WALM047,25-34,Male,"Virginia Beach, VA",Fashion accessories,50,1/17/23,Ewallet,8
2205,WALM022,18-24,Non-Binary,"Jackson, MS",Home and lifestyle,92,11/5/20,Ewallet,7
2206,WALM045,45-54,Prefer Not to Say,"Virginia Beach, VA",Fashion accessories,201,11/3/22,Credit card,6
2207,WALM060,18-24,Prefer Not to Say,"Las Vegas, NV",Home and lifestyle,90,9/1/19,Ewallet,4
2208,WALM080,55+,Non-Binary,"Indianapolis, IN",Fashion accessories,177,3/22/23,Ewallet,7
2209,WALM043,45-54,Non-Binary,"Albuquerque, NM",Home and lifestyle,63,4/5/19,Ewallet,5
2210,WALM070,45-54,Female,"Baltimore, MD",Fashion accessories,48,9/12/19,Ewallet,7
2211,WALM042,18-24,Non-Binary,"Columbus, OH",Home and lifestyle,102,4/6/21,Ewallet,9
2212,WALM017,25-34,Prefer Not to Say,"Anchorage, AK",Fashion accessories,77,7/16/20,Ewallet,8
2213,WALM049,55+,Non-Binary,"Las Vegas, NV",Home and lifestyle,164,8/8/23,Ewallet,8
2214,WALM015,18-24,Female,"Birmingham, AL",Fashion accessories,168,10/3/19,Ewallet,8
2215,WALM071,18-24,Female,"Jackson, MS",Home and lifestyle,189,9/28/20,Ewallet,9
2216,WALM034,35-44,Male,"Charlotte, NC",Fashion accessories,252,3/24/22,Ewallet,9
2217,WALM034,35-44,Prefer Not to Say,"Billings, MT",Home and lifestyle,129,10/12/22,Ewallet,5
2218,WALM070,18-24,Male,"Baltimore, MD",Fashion accessories,138,2/13/21,Ewallet,5
2219,WALM049,18-24,Female,"Birmingham, AL",Home and lifestyle,150,5/17/22,Ewallet,4
2220,WALM024,35-44,Male,"Little Rock, AR",Fashion accessories,60,10/12/22,Ewallet,6
2221,WALM045,55+,Prefer Not to Say,"Los Angeles, CA",Home and lifestyle,198,2/17/22,Credit card,9
2222,WALM006,25-34,Male,"Detroit, MI",Fashion accessories,162,9/27/20,Ewallet,9
2223,WALM066,25-34,Male,"Las Vegas, NV",Home and lifestyle,111,10/25/22,Ewallet,6
2224,WALM067,45-54,Non-Binary,"Indianapolis, IN",Fashion accessories,68,7/13/22,Ewallet,5
2225,WALM066,55+,Non-Binary,"Charleston, WV",Home and lifestyle,46,1/23/19,Ewallet,9
2226,WALM044,35-44,Prefer Not to Say,"Billings, MT",Fashion accessories,117,6/30/19,Ewallet,8
2227,WALM036,18-24,Female,"Phoenix, AZ",Home and lifestyle,37,3/11/22,Ewallet,7
2228,WALM091,25-34,Female,"Manchester, NH",Fashion accessories,160,8/28/23,Ewallet,6
2229,WALM077,25-34,Prefer Not to Say,"Wilmington, DE",Home and lifestyle,37,5/18/23,Ewallet,9
2230,WALM080,35-44,Non-Binary,"Honolulu, HI",Fashion accessories,140,11/5/22,Ewallet,7
2231,WALM011,18-24,Prefer Not to Say,"Baltimore, MD",Home and lifestyle,186,7/10/21,Ewallet,9
2232,WALM091,25-34,Female,"Atlanta, GA",Fashion accessories,76,4/28/21,Ewallet,6
2233,WALM011,55+,Prefer Not to Say,"Birmingham, AL",Home and lifestyle,118,2/28/22,Ewallet,4
2234,WALM078,18-24,Male,"Honolulu, HI",Fashion accessories,19,7/28/21,Ewallet,8
2235,WALM079,25-34,Prefer Not to Say,"Atlanta, GA",Home and lifestyle,57,3/18/22,Ewallet,9
2236,WALM059,35-44,Non-Binary,"Virginia Beach, VA",Fashion accessories,246,8/23/19,Ewallet,8
2237,WALM019,35-44,Female,"Burlington, VT",Home and lifestyle,117,1/16/23,Ewallet,7
2238,WALM052,55+,Female,"Houston, TX",Fashion accessories,56,3/15/20,Ewallet,4
2239,WALM098,45-54,Female,"Wichita, KS",Home and lifestyle,150,9/25/23,Ewallet,8
2240,WALM036,25-34,Prefer Not to Say,"Albuquerque, NM",Fashion accessories,16,6/10/22,Ewallet,8
2241,WALM031,45-54,Non-Binary,"Omaha, NE",Home and lifestyle,48,6/28/22,Ewallet,5
2242,WALM013,55+,Non-Binary,"Milwaukee, WI",Fashion accessories,148,11/16/21,Ewallet,9
2243,WALM057,55+,Prefer Not to Say,"Nashville, TN",Home and lifestyle,19,7/23/20,Ewallet,4
2244,WALM012,25-34,Prefer Not to Say,"Orlando, FL",Fashion accessories,58,4/17/20,Ewallet,5
2245,WALM022,45-54,Non-Binary,"Seattle, WA",Home and lifestyle,123,5/25/21,Ewallet,6
2246,WALM008,25-34,Male,"New Orleans, LA",Fashion accessories,59,12/17/22,Ewallet,5
2247,WALM094,25-34,Male,"Billings, MT",Home and lifestyle,240,1/18/23,Ewallet,9
2248,WALM021,35-44,Male,"Philadelphia, PA",Fashion accessories,153,3/31/23,Ewallet,6
2249,WALM066,35-44,Prefer Not to Say,"Cheyenne, WY",Home and lifestyle,102,3/23/20,Ewallet,7
2250,WALM081,55+,Non-Binary,"Los Angeles, CA",Fashion accessories,54,11/20/23,Ewallet,9
2251,WALM096,55+,Prefer Not to Say,"Salt Lake City, UT",Home and lifestyle,112,12/15/19,Ewallet,4
2252,WALM090,35-44,Male,"Manchester, NH",Fashion accessories,240,12/29/19,Ewallet,9
2253,WALM067,45-54,Male,"Phoenix, AZ",Home and lifestyle,38,5/28/20,Ewallet,5
2254,WALM058,45-54,Male,"Fargo, ND",Fashion accessories,38,3/30/22,Ewallet,5
2255,WALM010,25-34,Non-Binary,"Louisville, KY",Home and lifestyle,93,5/14/22,Ewallet,5
2256,WALM024,55+,Male,"Portland, ME",Fashion accessories,219,10/11/19,Ewallet,7
2257,WALM005,45-54,Non-Binary,"Wichita, KS",Home and lifestyle,189,3/14/23,Ewallet,4
2258,WALM049,35-44,Male,"Las Vegas, NV",Fashion accessories,70,11/17/22,Ewallet,6
2259,WALM018,18-24,Female,"Phoenix, AZ",Home and lifestyle,112,10/17/22,Ewallet,7
2260,WALM051,18-24,Female,"Boston, MA",Fashion accessories,87,2/14/23,Ewallet,4
2261,WALM088,35-44,Female,"Little Rock, AR",Home and lifestyle,38,5/12/19,Ewallet,6
2262,WALM100,45-54,Prefer Not to Say,"Chicago, IL",Fashion accessories,44,4/24/20,Ewallet,9
2263,WALM080,55+,Prefer Not to Say,"Des Moines, IA",Home and lifestyle,219,10/27/21,Ewallet,4
2264,WALM049,35-44,Female,"Portland, ME",Fashion accessories,33,11/28/20,Ewallet,8
2265,WALM047,35-44,Non-Binary,"Nashville, TN",Home and lifestyle,54,7/20/22,Ewallet,8
2266,WALM085,18-24,Female,"Omaha, NE",Fashion accessories,24,7/2/21,Ewallet,4
2267,WALM070,35-44,Prefer Not to Say,"Louisville, KY",Home and lifestyle,93,2/22/22,Ewallet,9
2268,WALM015,45-54,Female,"New Orleans, LA",Fashion accessories,152,3/20/23,Ewallet,6
2269,WALM015,25-34,Non-Binary,"Detroit, MI",Home and lifestyle,23,1/2/21,Ewallet,4
2270,WALM044,55+,Male,"Chicago, IL",Fashion accessories,54,2/7/22,Ewallet,9
2271,WALM043,55+,Female,"Manchester, NH",Home and lifestyle,92,7/10/20,Ewallet,7
2272,WALM044,18-24,Non-Binary,"Albuquerque, NM",Fashion accessories,51,8/10/23,Ewallet,6
2273,WALM078,25-34,Non-Binary,"Wilmington, DE",Home and lifestyle,210,11/18/19,Ewallet,4
2274,WALM019,45-54,Non-Binary,"Columbus, OH",Fashion accessories,147,7/8/19,Ewallet,4
2275,WALM010,25-34,Prefer Not to Say,"Houston, TX",Home and lifestyle,72,3/30/22,Ewallet,6
2276,WALM019,18-24,Non-Binary,"Nashville, TN",Fashion accessories,18,1/3/19,Ewallet,9
2277,WALM081,45-54,Prefer Not to Say,"Anchorage, AK",Home and lifestyle,132,8/8/20,Ewallet,4
2278,WALM012,55+,Non-Binary,"Phoenix, AZ",Fashion accessories,225,1/15/21,Ewallet,4
2279,WALM090,45-54,Female,"Albuquerque, NM",Home and lifestyle,165,9/17/19,Ewallet,6
2280,WALM062,25-34,Male,"Wilmington, DE",Fashion accessories,164,8/2/22,Ewallet,4
2281,WALM078,25-34,Non-Binary,"Seattle, WA",Home and lifestyle,210,12/17/21,Ewallet,4
2282,WALM069,18-24,Non-Binary,"Honolulu, HI",Fashion accessories,130,2/6/22,Ewallet,6
2283,WALM051,18-24,Male,"Detroit, MI",Home and lifestyle,144,4/21/22,Ewallet,7
2284,WALM026,25-34,Non-Binary,"Detroit, MI",Fashion accessories,84,4/15/22,Ewallet,9
2285,WALM016,25-34,Male,"Columbus, OH",Home and lifestyle,78,11/5/20,Ewallet,6
2286,WALM066,55+,Female,"Denver, CO",Fashion accessories,170,1/2/22,Ewallet,4
2287,WALM067,55+,Prefer Not to Say,"Milwaukee, WI",Home and lifestyle,46,11/12/22,Ewallet,9
2288,WALM008,25-34,Female,"Jackson, MS",Fashion accessories,66,5/28/21,Ewallet,9
2289,WALM067,18-24,Prefer Not to Say,"St. Louis, MO",Home and lifestyle,144,12/27/22,Ewallet,6
2290,WALM062,45-54,Male,"Boise, ID",Fashion accessories,222,9/13/23,Ewallet,8
2291,WALM097,55+,Non-Binary,"Little Rock, AR",Home and lifestyle,22,12/25/19,Ewallet,6
2292,WALM036,25-34,Female,"Denver, CO",Fashion accessories,66,7/19/22,Ewallet,7
2293,WALM100,55+,Prefer Not to Say,"Portland, ME",Home and lifestyle,67,10/18/23,Ewallet,8
2294,WALM060,35-44,Prefer Not to Say,"Atlanta, GA",Fashion accessories,73,9/7/20,Ewallet,4
2295,WALM095,55+,Female,"Charlotte, NC",Home and lifestyle,78,5/29/22,Ewallet,5
2296,WALM060,45-54,Female,"Anchorage, AK",Fashion accessories,47,7/26/21,Ewallet,7
2297,WALM057,45-54,Prefer Not to Say,"Phoenix, AZ",Home and lifestyle,82,2/14/20,Ewallet,5
2298,WALM048,45-54,Female,"Birmingham, AL",Fashion accessories,72,8/19/19,Ewallet,5
2299,WALM091,45-54,Prefer Not to Say,"Phoenix, AZ",Home and lifestyle,99,5/9/23,Ewallet,4
2300,WALM045,45-54,Prefer Not to Say,"Boise, ID",Fashion accessories,116,1/20/23,Credit card,4
2301,WALM085,25-34,Female,"Portland, ME",Home and lifestyle,216,11/16/21,Ewallet,7
2302,WALM090,55+,Female,"Des Moines, IA",Fashion accessories,84,8/15/20,Ewallet,7
2303,WALM093,35-44,Male,"Portland, OR",Home and lifestyle,112,3/8/19,Ewallet,5
2304,WALM010,45-54,Prefer Not to Say,"Little Rock, AR",Fashion accessories,31,11/27/21,Ewallet,7
2305,WALM024,25-34,Female,"Milwaukee, WI",Home and lifestyle,54,6/7/21,Ewallet,9
2306,WALM036,25-34,Non-Binary,"Louisville, KY",Fashion accessories,22,5/5/19,Ewallet,4
2307,WALM012,45-54,Female,"Portland, ME",Home and lifestyle,63,7/31/19,Ewallet,6
2308,WALM085,45-54,Non-Binary,"Chicago, IL",Fashion accessories,240,4/29/22,Ewallet,9
2309,WALM011,55+,Non-Binary,"Portland, ME",Home and lifestyle,69,1/20/19,Ewallet,6
2310,WALM028,25-34,Male,"Charlotte, NC",Fashion accessories,69,4/7/20,Ewallet,9
2311,WALM016,45-54,Male,"Little Rock, AR",Home and lifestyle,47,2/19/20,Ewallet,7
2312,WALM033,25-34,Female,"St. Louis, MO",Fashion accessories,243,10/6/19,Ewallet,4
2313,WALM004,35-44,Non-Binary,"Indianapolis, IN",Home and lifestyle,183,6/16/21,Ewallet,4
2314,WALM063,18-24,Non-Binary,"Denver, CO",Fashion accessories,54,7/21/19,Ewallet,5
2315,WALM095,25-34,Non-Binary,"New Orleans, LA",Home and lifestyle,126,6/3/23,Ewallet,7
2316,WALM053,45-54,Male,"Albuquerque, NM",Fashion accessories,26,11/9/20,Ewallet,6
2317,WALM044,35-44,Non-Binary,"Milwaukee, WI",Home and lifestyle,99,6/16/20,Ewallet,4
2318,WALM028,45-54,Male,"Burlington, VT",Fashion accessories,102,10/15/22,Ewallet,4
2319,WALM077,18-24,Non-Binary,"Manchester, NH",Home and lifestyle,87,3/9/19,Ewallet,4
2320,WALM076,18-24,Prefer Not to Say,"Columbus, OH",Fashion accessories,58,6/24/23,Ewallet,5
2321,WALM096,45-54,Male,"Portland, OR",Home and lifestyle,138,10/25/20,Ewallet,7
2322,WALM052,35-44,Male,"Boise, ID",Fashion accessories,108,6/14/21,Ewallet,5
2323,WALM100,55+,Male,"Portland, OR",Home and lifestyle,162,9/25/21,Ewallet,8
2324,WALM096,55+,Female,"Charlotte, NC",Fashion accessories,64,12/23/19,Ewallet,8
2325,WALM080,18-24,Female,"Virginia Beach, VA",Home and lifestyle,58,8/28/21,Ewallet,9
2326,WALM024,55+,Non-Binary,"Oklahoma City, OK",Fashion accessories,53,6/27/19,Ewallet,9
2327,WALM085,35-44,Female,"Honolulu, HI",Home and lifestyle,108,6/30/21,Ewallet,8
2328,WALM004,35-44,Prefer Not to Say,"Des Moines, IA",Fashion accessories,17,7/1/22,Ewallet,8
2329,WALM100,18-24,Non-Binary,"Phoenix, AZ",Home and lifestyle,82,4/28/19,Ewallet,6
2330,WALM049,25-34,Prefer Not to Say,"Columbus, OH",Fashion accessories,222,11/10/20,Ewallet,4
2331,WALM100,25-34,Non-Binary,"Jackson, MS",Home and lifestyle,49,12/14/22,Ewallet,5
2332,WALM080,45-54,Prefer Not to Say,"St. Louis, MO",Fashion accessories,57,3/11/20,Ewallet,8
2333,WALM039,25-34,Female,"Detroit, MI",Home and lifestyle,42,2/16/21,Ewallet,7
2334,WALM091,18-24,Female,"Las Vegas, NV",Fashion accessories,106,10/13/21,Ewallet,7
2335,WALM018,45-54,Prefer Not to Say,"Honolulu, HI",Home and lifestyle,51,6/5/23,Ewallet,7
2336,WALM091,45-54,Male,"Louisville, KY",Fashion accessories,123,2/11/19,Ewallet,5
2337,WALM005,25-34,Non-Binary,"Cheyenne, WY",Home and lifestyle,198,1/25/21,Ewallet,8
2338,WALM064,55+,Male,"Portland, OR",Fashion accessories,90,11/29/22,Ewallet,8
2339,WALM078,25-34,Female,"Charlotte, NC",Home and lifestyle,23,7/27/22,Ewallet,7
2340,WALM091,55+,Prefer Not to Say,"Des Moines, IA",Fashion accessories,48,10/23/19,Ewallet,6
2341,WALM072,45-54,Non-Binary,"Boise, ID",Home and lifestyle,219,7/9/23,Ewallet,5
2342,WALM001,55+,Prefer Not to Say,"Seattle, WA",Fashion accessories,44,9/16/23,Ewallet,9
2343,WALM096,35-44,Prefer Not to Say,"Anchorage, AK",Home and lifestyle,25,12/28/23,Ewallet,4
2344,WALM060,55+,Female,"Detroit, MI",Fashion accessories,54,3/24/23,Ewallet,9
2345,WALM041,55+,Female,"Wilmington, DE",Home and lifestyle,104,11/3/22,Ewallet,8
2346,WALM014,55+,Prefer Not to Say,"Charlotte, NC",Fashion accessories,132,8/17/23,Ewallet,5
2347,WALM043,55+,Non-Binary,"Honolulu, HI",Home and lifestyle,55,3/5/23,Ewallet,6
2348,WALM027,35-44,Male,"Louisville, KY",Fashion accessories,46,4/21/23,Ewallet,6
2349,WALM007,45-54,Female,"Charleston, SC",Home and lifestyle,82,6/29/22,Ewallet,9
2350,WALM028,45-54,Female,"Salt Lake City, UT",Fashion accessories,132,4/18/22,Ewallet,9
2351,WALM043,18-24,Prefer Not to Say,"Los Angeles, CA",Home and lifestyle,77,10/12/20,Ewallet,7
2352,WALM026,25-34,Female,"Nashville, TN",Fashion accessories,43,12/19/22,Ewallet,5
2353,WALM008,18-24,Non-Binary,"Orlando, FL",Home and lifestyle,166,6/8/20,Ewallet,9
2354,WALM080,45-54,Female,"Wilmington, DE",Fashion accessories,231,8/12/21,Ewallet,9
2355,WALM008,35-44,Prefer Not to Say,"Manchester, NH",Home and lifestyle,189,11/21/21,Ewallet,7
2356,WALM093,18-24,Prefer Not to Say,"Providence, RI",Fashion accessories,83,4/3/23,Ewallet,7
2357,WALM019,35-44,Non-Binary,"Milwaukee, WI",Home and lifestyle,43,9/21/19,Ewallet,6
2358,WALM057,55+,Non-Binary,"Louisville, KY",Fashion accessories,30,6/13/21,Ewallet,4
2359,WALM027,18-24,Female,"Portland, ME",Home and lifestyle,201,6/4/22,Ewallet,4
2360,WALM036,55+,Non-Binary,"Omaha, NE",Fashion accessories,136,7/28/20,Ewallet,7
2361,WALM076,25-34,Male,"Philadelphia, PA",Home and lifestyle,46,4/24/19,Ewallet,9
2362,WALM011,35-44,Prefer Not to Say,"St. Louis, MO",Fashion accessories,69,6/22/20,Ewallet,7
2363,WALM040,45-54,Prefer Not to Say,"Sioux Falls, SD",Home and lifestyle,25,10/1/21,Ewallet,4
2364,WALM007,18-24,Prefer Not to Say,"Baltimore, MD",Fashion accessories,78,9/12/23,Ewallet,9
2365,WALM005,35-44,Non-Binary,"New York City, NY",Home and lifestyle,73,9/3/21,Ewallet,9
2366,WALM044,35-44,Female,"Fargo, ND",Fashion accessories,46,5/1/19,Ewallet,8
2367,WALM021,35-44,Prefer Not to Say,"New York City, NY",Home and lifestyle,246,7/24/22,Ewallet,4
2368,WALM063,35-44,Female,"Denver, CO",Fashion accessories,34,4/13/20,Ewallet,9
2369,WALM076,35-44,Male,"Charleston, WV",Home and lifestyle,53,11/11/21,Ewallet,7
2370,WALM020,55+,Female,"Burlington, VT",Fashion accessories,120,12/11/23,Ewallet,5
2371,WALM005,18-24,Male,"Orlando, FL",Home and lifestyle,57,9/25/19,Ewallet,7
2372,WALM019,35-44,Non-Binary,"Baltimore, MD",Fashion accessories,46,12/11/22,Ewallet,5
2373,WALM051,18-24,Non-Binary,"Virginia Beach, VA",Home and lifestyle,72,5/16/22,Ewallet,9
2374,WALM023,35-44,Female,"Portland, OR",Fashion accessories,82,12/8/23,Ewallet,6
2375,WALM006,55+,Non-Binary,"Detroit, MI",Home and lifestyle,26,3/4/20,Ewallet,5
2376,WALM002,18-24,Female,"Wichita, KS",Fashion accessories,57,12/4/23,Ewallet,4
2377,WALM081,18-24,Prefer Not to Say,"Oklahoma City, OK",Home and lifestyle,76,12/1/22,Ewallet,9
2378,WALM070,55+,Non-Binary,"Albuquerque, NM",Fashion accessories,44,3/5/19,Ewallet,4
2379,WALM006,18-24,Prefer Not to Say,"Charleston, SC",Home and lifestyle,54,4/1/23,Ewallet,7
2380,WALM033,25-34,Prefer Not to Say,"Denver, CO",Fashion accessories,46,4/11/20,Ewallet,5
2381,WALM079,25-34,Male,"Boise, ID",Home and lifestyle,54,9/6/22,Ewallet,4
2382,WALM007,45-54,Female,"Portland, ME",Fashion accessories,24,7/4/20,Ewallet,6
2383,WALM059,25-34,Male,"Billings, MT",Home and lifestyle,106,4/19/19,Ewallet,9
2384,WALM010,18-24,Prefer Not to Say,"Billings, MT",Fashion accessories,192,6/30/21,Ewallet,9
2385,WALM098,35-44,Female,"Jackson, MS",Home and lifestyle,75,8/29/22,Ewallet,6
2386,WALM079,45-54,Male,"Wilmington, DE",Fashion accessories,129,7/29/20,Ewallet,9
2387,WALM052,18-24,Non-Binary,"Portland, ME",Home and lifestyle,204,8/10/19,Ewallet,9
2388,WALM052,18-24,Male,"Virginia Beach, VA",Fashion accessories,80,9/1/20,Ewallet,4
2389,WALM088,18-24,Female,"Charleston, WV",Home and lifestyle,51,2/1/19,Ewallet,9
2390,WALM070,18-24,Male,"Albuquerque, NM",Fashion accessories,29,4/2/20,Ewallet,5
2391,WALM071,25-34,Female,"Louisville, KY",Home and lifestyle,45,7/4/22,Ewallet,8
2392,WALM052,25-34,Non-Binary,"Indianapolis, IN",Fashion accessories,67,11/21/23,Ewallet,7
2393,WALM066,18-24,Prefer Not to Say,"Seattle, WA",Home and lifestyle,186,11/19/20,Ewallet,8
2394,WALM036,35-44,Female,"Orlando, FL",Fashion accessories,52,5/23/23,Ewallet,8
2395,WALM031,35-44,Non-Binary,"Detroit, MI",Home and lifestyle,84,12/16/23,Ewallet,7
2396,WALM052,55+,Male,"Orlando, FL",Fashion accessories,84,5/27/20,Ewallet,7
2397,WALM100,35-44,Prefer Not to Say,"Wilmington, DE",Home and lifestyle,36,12/7/21,Ewallet,6
2398,WALM078,18-24,Male,"Columbus, OH",Fashion accessories,57,5/14/22,Ewallet,4
2399,WALM013,18-24,Male,"Honolulu, HI",Home and lifestyle,147,4/30/21,Ewallet,6
2400,WALM020,35-44,Female,"Boise, ID",Fashion accessories,61,12/5/19,Ewallet,4
2401,WALM071,55+,Female,"Baltimore, MD",Home and lifestyle,65,1/20/22,Ewallet,6
2402,WALM060,18-24,Female,"Seattle, WA",Fashion accessories,219,7/31/21,Ewallet,7
2403,WALM047,55+,Non-Binary,"Anchorage, AK",Home and lifestyle,38,9/26/21,Ewallet,9
2404,WALM092,55+,Non-Binary,"Orlando, FL",Fashion accessories,170,6/12/23,Ewallet,5
2405,WALM098,25-34,Female,"Providence, RI",Home and lifestyle,222,12/22/20,Ewallet,5
2406,WALM013,18-24,Non-Binary,"Philadelphia, PA",Fashion accessories,16,11/28/21,Ewallet,6
2407,WALM023,35-44,Male,"Houston, TX",Home and lifestyle,34,12/22/19,Ewallet,4
2408,WALM004,55+,Female,"Little Rock, AR",Fashion accessories,66,6/8/20,Ewallet,8
2409,WALM077,45-54,Female,"Seattle, WA",Home and lifestyle,47,4/14/23,Ewallet,6
2410,WALM047,55+,Non-Binary,"Chicago, IL",Fashion accessories,87,7/21/20,Ewallet,5
2411,WALM080,35-44,Female,"Orlando, FL",Home and lifestyle,68,3/19/22,Ewallet,6
2412,WALM013,18-24,Male,"Jackson, MS",Fashion accessories,96,2/7/23,Ewallet,5
2413,WALM037,25-34,Female,"Salt Lake City, UT",Home and lifestyle,114,3/5/23,Ewallet,9
2414,WALM095,25-34,Male,"Little Rock, AR",Fashion accessories,246,2/19/19,Ewallet,5
2415,WALM028,55+,Female,"Atlanta, GA",Home and lifestyle,15,9/25/21,Ewallet,4
2416,WALM014,18-24,Prefer Not to Say,"Charleston, SC",Fashion accessories,84,11/7/23,Ewallet,8
2417,WALM022,18-24,Female,"New York City, NY",Home and lifestyle,140,3/14/21,Ewallet,9
2418,WALM027,35-44,Male,"Burlington, VT",Fashion accessories,213,4/1/22,Ewallet,8
2419,WALM064,25-34,Male,"Newark, NJ",Home and lifestyle,164,10/23/22,Ewallet,4
2420,WALM052,25-34,Female,"Charlotte, NC",Fashion accessories,225,6/5/19,Ewallet,6
2421,WALM083,45-54,Female,"Virginia Beach, VA",Home and lifestyle,213,3/19/22,Ewallet,8
2422,WALM088,18-24,Male,"Nashville, TN",Fashion accessories,35,10/24/20,Ewallet,8
2423,WALM077,18-24,Prefer Not to Say,"St. Louis, MO",Home and lifestyle,44,6/1/19,Ewallet,6
2424,WALM062,18-24,Female,"Charleston, SC",Fashion accessories,70,3/23/20,Ewallet,4
2425,WALM010,55+,Non-Binary,"Detroit, MI",Home and lifestyle,124,12/16/19,Ewallet,8
2426,WALM085,55+,Female,"Omaha, NE",Fashion accessories,18,9/9/19,Ewallet,8
2427,WALM027,25-34,Prefer Not to Say,"Louisville, KY",Home and lifestyle,54,9/20/20,Ewallet,9
2428,WALM034,55+,Female,"Orlando, FL",Fashion accessories,82,8/9/20,Ewallet,4
2429,WALM015,18-24,Female,"Los Angeles, CA",Home and lifestyle,154,5/11/23,Ewallet,9
2430,WALM028,55+,Non-Binary,"Houston, TX",Fashion accessories,62,10/16/20,Ewallet,4
2431,WALM017,45-54,Prefer Not to Say,"Los Angeles, CA",Home and lifestyle,168,3/6/22,Ewallet,9
2432,WALM052,18-24,Prefer Not to Say,"Charleston, WV",Fashion accessories,78,4/3/23,Ewallet,9
2433,WALM083,18-24,Non-Binary,"Chicago, IL",Home and lifestyle,64,8/27/23,Ewallet,5
2434,WALM096,18-24,Male,"Des Moines, IA",Fashion accessories,195,4/18/21,Ewallet,4
2435,WALM036,45-54,Female,"Orlando, FL",Home and lifestyle,73,5/14/19,Ewallet,4
2436,WALM064,55+,Non-Binary,"Milwaukee, WI",Fashion accessories,17,7/10/23,Ewallet,4
2437,WALM039,18-24,Male,"Wichita, KS",Home and lifestyle,37,11/18/20,Ewallet,8
2438,WALM097,35-44,Non-Binary,"Philadelphia, PA",Fashion accessories,195,7/22/20,Ewallet,9
2439,WALM047,55+,Female,"Burlington, VT",Home and lifestyle,134,9/29/19,Ewallet,5
2440,WALM036,55+,Male,"Charleston, SC",Fashion accessories,42,1/23/23,Ewallet,5
2441,WALM071,25-34,Prefer Not to Say,"Jackson, MS",Home and lifestyle,25,9/30/21,Ewallet,9
2442,WALM039,55+,Female,"Phoenix, AZ",Fashion accessories,51,11/11/22,Ewallet,7
2443,WALM022,25-34,Male,"Portland, OR",Home and lifestyle,81,9/28/21,Ewallet,8
2444,WALM005,55+,Prefer Not to Say,"Portland, ME",Fashion accessories,124,10/5/23,Ewallet,9
2445,WALM027,25-34,Non-Binary,"Nashville, TN",Home and lifestyle,136,5/23/21,Ewallet,8
2446,WALM009,18-24,Prefer Not to Say,"Boise, ID",Fashion accessories,62,8/14/19,Ewallet,5
2447,WALM057,25-34,Non-Binary,"Honolulu, HI",Home and lifestyle,38,6/26/21,Ewallet,4
2448,WALM027,45-54,Female,"New York City, NY",Fashion accessories,231,4/18/21,Ewallet,4
2449,WALM021,18-24,Female,"Billings, MT",Home and lifestyle,81,5/24/23,Ewallet,9
2450,WALM013,55+,Female,"Jackson, MS",Fashion accessories,144,7/8/21,Ewallet,4
2451,WALM097,35-44,Prefer Not to Say,"Providence, RI",Home and lifestyle,78,12/23/23,Ewallet,6
2452,WALM013,25-34,Non-Binary,"Fargo, ND",Fashion accessories,68,7/3/21,Ewallet,8
2453,WALM041,55+,Male,"Los Angeles, CA",Home and lifestyle,60,11/9/22,Ewallet,6
2454,WALM009,18-24,Prefer Not to Say,"Portland, ME",Fashion accessories,166,4/28/19,Ewallet,4
2455,WALM078,25-34,Prefer Not to Say,"Wichita, KS",Home and lifestyle,17,9/9/19,Ewallet,5
2456,WALM088,55+,Prefer Not to Say,"Sioux Falls, SD",Fashion accessories,80,1/24/23,Ewallet,9
2457,WALM049,45-54,Prefer Not to Say,"Phoenix, AZ",Home and lifestyle,35,10/26/22,Ewallet,4
2458,WALM016,18-24,Female,"Louisville, KY",Fashion accessories,34,12/29/22,Ewallet,8
2459,WALM049,45-54,Female,"Portland, ME",Home and lifestyle,46,6/23/22,Ewallet,6
2460,WALM068,18-24,Male,"Louisville, KY",Fashion accessories,92,7/9/22,Ewallet,7
2461,WALM034,18-24,Male,"Omaha, NE",Home and lifestyle,71,5/26/22,Ewallet,7
2462,WALM094,18-24,Prefer Not to Say,"Wilmington, DE",Fashion accessories,58,12/19/19,Ewallet,6
2463,WALM011,45-54,Non-Binary,"Manchester, NH",Home and lifestyle,177,10/13/23,Ewallet,4
2464,WALM076,55+,Female,"Cheyenne, WY",Fashion accessories,36,4/16/21,Ewallet,9
2465,WALM009,18-24,Prefer Not to Say,"Newark, NJ",Home and lifestyle,126,2/23/21,Ewallet,4
2466,WALM009,35-44,Prefer Not to Say,"Oklahoma City, OK",Fashion accessories,156,3/7/23,Ewallet,4
2467,WALM098,45-54,Non-Binary,"Little Rock, AR",Home and lifestyle,88,12/23/19,Ewallet,9
2468,WALM017,18-24,Male,"Baltimore, MD",Fashion accessories,74,12/30/19,Ewallet,6
2469,WALM019,45-54,Non-Binary,"Manchester, NH",Home and lifestyle,70,8/25/23,Ewallet,5
2470,WALM063,18-24,Male,"Oklahoma City, OK",Fashion accessories,36,10/27/22,Ewallet,5
2471,WALM007,25-34,Prefer Not to Say,"Baltimore, MD",Home and lifestyle,84,12/20/22,Ewallet,8
2472,WALM062,55+,Female,"Phoenix, AZ",Fashion accessories,225,3/26/19,Ewallet,5
2473,WALM070,55+,Non-Binary,"Jackson, MS",Home and lifestyle,20,6/30/19,Ewallet,4
2474,WALM037,18-24,Prefer Not to Say,"Wilmington, DE",Fashion accessories,51,12/11/23,Ewallet,6
2475,WALM001,18-24,Female,"Las Vegas, NV",Home and lifestyle,252,1/22/23,Ewallet,8
2476,WALM047,55+,Non-Binary,"Oklahoma City, OK",Fashion accessories,50,5/14/23,Ewallet,9
2477,WALM090,55+,Non-Binary,"Phoenix, AZ",Home and lifestyle,62,10/2/21,Ewallet,6
2478,WALM093,35-44,Female,"Orlando, FL",Fashion accessories,74,10/20/19,Ewallet,7
2479,WALM015,55+,Non-Binary,"Denver, CO",Home and lifestyle,50,7/3/19,Ewallet,7
2480,WALM100,18-24,Prefer Not to Say,"Billings, MT",Fashion accessories,132,8/13/23,Ewallet,6
2481,WALM004,35-44,Female,"New Orleans, LA",Home and lifestyle,72,7/12/20,Ewallet,9
2482,WALM064,25-34,Non-Binary,"Denver, CO",Fashion accessories,27,12/14/21,Ewallet,7
2483,WALM002,25-34,Female,"Newark, NJ",Home and lifestyle,60,5/28/23,Ewallet,6
2484,WALM010,25-34,Non-Binary,"Milwaukee, WI",Fashion accessories,234,10/15/23,Ewallet,8
2485,WALM088,45-54,Prefer Not to Say,"Orlando, FL",Home and lifestyle,81,11/5/19,Ewallet,7
2486,WALM019,55+,Prefer Not to Say,"Wichita, KS",Fashion accessories,142,12/8/21,Ewallet,4
2487,WALM010,35-44,Prefer Not to Say,"Orlando, FL",Home and lifestyle,195,11/5/20,Ewallet,5
2488,WALM042,55+,Male,"Little Rock, AR",Fashion accessories,47,10/25/22,Ewallet,4
2489,WALM037,55+,Prefer Not to Say,"Houston, TX",Home and lifestyle,32,12/8/21,Ewallet,4
2490,WALM068,25-34,Female,"Phoenix, AZ",Fashion accessories,195,7/14/21,Ewallet,9
2491,WALM012,45-54,Prefer Not to Say,"Louisville, KY",Home and lifestyle,96,9/29/21,Ewallet,7
2492,WALM034,35-44,Male,"Cheyenne, WY",Fashion accessories,32,10/29/19,Ewallet,6
2493,WALM019,45-54,Female,"Honolulu, HI",Home and lifestyle,69,7/1/19,Ewallet,9
2494,WALM024,35-44,Prefer Not to Say,"Atlanta, GA",Fashion accessories,231,4/16/23,Ewallet,5
2495,WALM051,18-24,Male,"Burlington, VT",Home and lifestyle,120,9/16/19,Ewallet,7
2496,WALM018,55+,Non-Binary,"Oklahoma City, OK",Fashion accessories,75,7/6/23,Ewallet,7
2497,WALM061,55+,Male,"Hartford, CT",Home and lifestyle,225,2/16/19,Ewallet,9
2498,WALM044,35-44,Male,"Oklahoma City, OK",Fashion accessories,160,2/4/22,Ewallet,4
2499,WALM011,18-24,Female,"Des Moines, IA",Home and lifestyle,219,2/19/20,Ewallet,4
2500,WALM024,35-44,Female,"Anchorage, AK",Fashion accessories,78,12/6/19,Ewallet,7
2501,WALM058,18-24,Female,"Minneapolis, MN",Home and lifestyle,71,3/12/21,Ewallet,5
2502,WALM044,18-24,Prefer Not to Say,"St. Louis, MO",Fashion accessories,207,5/11/21,Ewallet,9
2503,WALM081,35-44,Prefer Not to Say,"Newark, NJ",Home and lifestyle,166,9/14/22,Ewallet,5
2504,WALM034,18-24,Prefer Not to Say,"Milwaukee, WI",Fashion accessories,93,11/30/22,Ewallet,8
2505,WALM040,45-54,Female,"Hartford, CT",Home and lifestyle,82,10/13/23,Ewallet,8
2506,WALM072,55+,Prefer Not to Say,"Wilmington, DE",Fashion accessories,132,6/29/22,Ewallet,4
2507,WALM024,45-54,Non-Binary,"Charleston, SC",Home and lifestyle,17,8/6/23,Ewallet,9
2508,WALM004,25-34,Prefer Not to Say,"Manchester, NH",Fashion accessories,154,1/3/21,Ewallet,6
2509,WALM024,45-54,Non-Binary,"Seattle, WA",Home and lifestyle,81,10/10/20,Ewallet,6
2510,WALM030,45-54,Non-Binary,"Boston, MA",Fashion accessories,126,12/13/19,Ewallet,4
2511,WALM063,55+,Female,"Charlotte, NC",Home and lifestyle,75,6/7/20,Ewallet,9
2512,WALM067,35-44,Prefer Not to Say,"Hartford, CT",Fashion accessories,132,6/25/20,Ewallet,4
2513,WALM094,55+,Female,"St. Louis, MO",Home and lifestyle,64,5/21/19,Ewallet,8
2514,WALM100,35-44,Male,"Boise, ID",Fashion accessories,158,10/2/22,Ewallet,7
2515,WALM069,25-34,Non-Binary,"Indianapolis, IN",Home and lifestyle,162,9/3/23,Ewallet,4
2516,WALM015,35-44,Female,"St. Louis, MO",Fashion accessories,60,1/8/23,Ewallet,6
2517,WALM012,25-34,Prefer Not to Say,"Honolulu, HI",Home and lifestyle,81,6/3/22,Ewallet,4
2518,WALM092,25-34,Non-Binary,"Des Moines, IA",Fashion accessories,29,2/11/23,Ewallet,4
2519,WALM005,25-34,Non-Binary,"Orlando, FL",Home and lifestyle,231,5/9/23,Ewallet,7
2520,WALM023,45-54,Non-Binary,"New Orleans, LA",Fashion accessories,61,11/7/22,Ewallet,8
2521,WALM006,25-34,Prefer Not to Say,"Wilmington, DE",Home and lifestyle,64,11/10/19,Ewallet,9
2522,WALM080,18-24,Female,"St. Louis, MO",Fashion accessories,72,6/30/23,Ewallet,5
2523,WALM001,25-34,Non-Binary,"Philadelphia, PA",Home and lifestyle,49,1/10/19,Ewallet,9
2524,WALM083,45-54,Non-Binary,"Chicago, IL",Fashion accessories,108,3/6/19,Ewallet,4
2525,WALM097,45-54,Female,"Hartford, CT",Home and lifestyle,78,10/4/21,Ewallet,8
2526,WALM026,25-34,Prefer Not to Say,"Milwaukee, WI",Fashion accessories,165,11/7/20,Ewallet,9
2527,WALM019,45-54,Prefer Not to Say,"Fargo, ND",Home and lifestyle,81,9/29/22,Ewallet,4
2528,WALM042,35-44,Non-Binary,"Fargo, ND",Fashion accessories,154,9/17/23,Ewallet,9
2529,WALM061,45-54,Non-Binary,"Charleston, WV",Home and lifestyle,142,7/21/23,Ewallet,9
2530,WALM059,55+,Male,"New York City, NY",Fashion accessories,117,7/11/22,Ewallet,8
2531,WALM047,45-54,Prefer Not to Say,"Jackson, MS",Home and lifestyle,31,9/17/21,Ewallet,5
2532,WALM092,25-34,Male,"Wichita, KS",Fashion accessories,74,10/31/19,Ewallet,9
2533,WALM064,55+,Prefer Not to Say,"Boise, ID",Home and lifestyle,44,10/7/23,Ewallet,8
2534,WALM098,18-24,Male,"Birmingham, AL",Fashion accessories,116,1/8/23,Ewallet,4
2535,WALM080,55+,Prefer Not to Say,"Los Angeles, CA",Home and lifestyle,50,1/17/19,Ewallet,6
2536,WALM078,55+,Non-Binary,"Providence, RI",Fashion accessories,100,9/14/20,Ewallet,5
2537,WALM045,18-24,Non-Binary,"Boston, MA",Home and lifestyle,30,11/27/19,Credit card,9
2538,WALM088,25-34,Prefer Not to Say,"Detroit, MI",Fashion accessories,219,10/8/20,Ewallet,6
2539,WALM042,45-54,Female,"Sioux Falls, SD",Home and lifestyle,243,1/12/19,Ewallet,5
2540,WALM043,25-34,Non-Binary,"Providence, RI",Fashion accessories,61,8/3/22,Ewallet,7
2541,WALM028,18-24,Female,"Orlando, FL",Home and lifestyle,100,6/13/22,Ewallet,9
2542,WALM017,35-44,Male,"Des Moines, IA",Fashion accessories,210,11/19/19,Ewallet,7
2543,WALM069,18-24,Non-Binary,"Boise, ID",Home and lifestyle,34,3/8/20,Ewallet,4
2544,WALM026,55+,Prefer Not to Say,"Atlanta, GA",Fashion accessories,204,9/7/23,Ewallet,7
2545,WALM037,35-44,Female,"Phoenix, AZ",Home and lifestyle,66,1/3/22,Ewallet,6
2546,WALM040,55+,Non-Binary,"Philadelphia, PA",Fashion accessories,123,5/11/21,Ewallet,4
2547,WALM080,55+,Non-Binary,"Orlando, FL",Home and lifestyle,78,1/17/23,Ewallet,4
2548,WALM052,18-24,Male,"Manchester, NH",Fashion accessories,74,7/22/19,Ewallet,6
2549,WALM043,45-54,Female,"Charlotte, NC",Home and lifestyle,65,5/31/23,Ewallet,6
2550,WALM001,25-34,Male,"Houston, TX",Fashion accessories,35,11/6/22,Ewallet,4
2551,WALM006,45-54,Male,"Portland, ME",Home and lifestyle,105,12/18/20,Ewallet,6
2552,WALM094,25-34,Prefer Not to Say,"Phoenix, AZ",Fashion accessories,34,9/8/23,Ewallet,7
2553,WALM095,18-24,Female,"Jackson, MS",Home and lifestyle,171,12/12/22,Ewallet,4
2554,WALM007,35-44,Female,"Los Angeles, CA",Fashion accessories,228,1/16/20,Ewallet,9
2555,WALM041,45-54,Prefer Not to Say,"Manchester, NH",Home and lifestyle,219,4/5/23,Ewallet,4
2556,WALM088,55+,Female,"Jackson, MS",Fashion accessories,57,8/25/23,Ewallet,5
2557,WALM008,45-54,Non-Binary,"Seattle, WA",Home and lifestyle,70,9/6/22,Ewallet,9
2558,WALM010,35-44,Male,"Las Vegas, NV",Fashion accessories,50,10/23/20,Ewallet,7
2559,WALM072,25-34,Female,"Indianapolis, IN",Home and lifestyle,108,4/18/19,Ewallet,8
2560,WALM047,25-34,Non-Binary,"Burlington, VT",Fashion accessories,146,6/20/20,Ewallet,6
2561,WALM039,18-24,Female,"St. Louis, MO",Home and lifestyle,48,10/1/23,Ewallet,7
2562,WALM021,18-24,Prefer Not to Say,"Honolulu, HI",Fashion accessories,162,4/16/19,Ewallet,4
2563,WALM021,55+,Prefer Not to Say,"Providence, RI",Home and lifestyle,186,7/13/21,Ewallet,4
2564,WALM009,18-24,Prefer Not to Say,"Atlanta, GA",Fashion accessories,108,12/31/20,Ewallet,8
2565,WALM088,55+,Female,"Hartford, CT",Home and lifestyle,57,12/11/19,Ewallet,9
2566,WALM048,55+,Female,"Honolulu, HI",Fashion accessories,28,10/23/21,Ewallet,9
2567,WALM070,45-54,Male,"Burlington, VT",Home and lifestyle,108,11/9/21,Ewallet,9
2568,WALM052,25-34,Male,"Detroit, MI",Fashion accessories,60,6/3/22,Ewallet,8
2569,WALM021,25-34,Non-Binary,"St. Louis, MO",Home and lifestyle,26,2/19/22,Ewallet,6
2570,WALM076,25-34,Prefer Not to Say,"Boston, MA",Fashion accessories,52,4/8/19,Ewallet,9
2571,WALM015,35-44,Non-Binary,"Des Moines, IA",Home and lifestyle,42,6/29/21,Ewallet,5
2572,WALM051,45-54,Prefer Not to Say,"Billings, MT",Fashion accessories,134,3/7/20,Ewallet,4
2573,WALM030,35-44,Non-Binary,"Charlotte, NC",Home and lifestyle,90,9/7/23,Ewallet,4
2574,WALM011,45-54,Non-Binary,"Philadelphia, PA",Fashion accessories,34,9/11/21,Ewallet,7
2575,WALM031,25-34,Female,"Minneapolis, MN",Home and lifestyle,46,12/12/22,Ewallet,7
2576,WALM061,55+,Male,"Milwaukee, WI",Fashion accessories,114,6/26/20,Ewallet,6
2577,WALM060,55+,Female,"Orlando, FL",Home and lifestyle,35,7/7/23,Ewallet,5
2578,WALM027,18-24,Non-Binary,"New York City, NY",Fashion accessories,57,10/6/22,Ewallet,6
2579,WALM096,18-24,Prefer Not to Say,"St. Louis, MO",Home and lifestyle,249,12/15/22,Ewallet,8
2580,WALM013,35-44,Male,"Birmingham, AL",Fashion accessories,83,8/31/20,Ewallet,5
2581,WALM037,45-54,Non-Binary,"New Orleans, LA",Home and lifestyle,216,4/27/20,Ewallet,7
2582,WALM041,35-44,Prefer Not to Say,"Boston, MA",Fashion accessories,154,9/24/20,Ewallet,9
2583,WALM005,25-34,Male,"Los Angeles, CA",Home and lifestyle,29,2/13/20,Ewallet,4
2584,WALM018,25-34,Non-Binary,"Wilmington, DE",Fashion accessories,32,10/16/21,Ewallet,6
2585,WALM058,25-34,Female,"Honolulu, HI",Home and lifestyle,38,10/11/21,Ewallet,8
2586,WALM020,45-54,Non-Binary,"Milwaukee, WI",Fashion accessories,219,7/12/21,Ewallet,4
2587,WALM009,18-24,Male,"Hartford, CT",Home and lifestyle,22,5/5/20,Ewallet,6
2588,WALM064,25-34,Prefer Not to Say,"Jackson, MS",Fashion accessories,183,3/23/19,Ewallet,5
2589,WALM092,45-54,Male,"Burlington, VT",Home and lifestyle,108,2/25/22,Ewallet,5
2590,WALM005,45-54,Non-Binary,"Hartford, CT",Fashion accessories,85,8/22/20,Ewallet,4
2591,WALM001,45-54,Female,"Indianapolis, IN",Home and lifestyle,32,10/16/22,Ewallet,9
2592,WALM011,25-34,Male,"Sioux Falls, SD",Fashion accessories,88,4/3/19,Ewallet,9
2593,WALM048,45-54,Non-Binary,"Fargo, ND",Home and lifestyle,51,4/12/23,Ewallet,4
2594,WALM013,35-44,Non-Binary,"Milwaukee, WI",Fashion accessories,135,7/4/23,Ewallet,9
2595,WALM030,35-44,Male,"Anchorage, AK",Home and lifestyle,24,1/3/20,Ewallet,4
2596,WALM026,45-54,Non-Binary,"Albuquerque, NM",Fashion accessories,60,1/3/21,Ewallet,7
2597,WALM088,45-54,Non-Binary,"Detroit, MI",Home and lifestyle,144,8/10/22,Ewallet,7
2598,WALM094,35-44,Non-Binary,"Portland, ME",Fashion accessories,82,11/22/23,Ewallet,9
2599,WALM052,18-24,Male,"Albuquerque, NM",Home and lifestyle,79,6/7/23,Ewallet,9
2600,WALM043,45-54,Male,"Las Vegas, NV",Fashion accessories,74,5/12/21,Ewallet,4
2601,WALM097,18-24,Non-Binary,"Philadelphia, PA",Home and lifestyle,74,10/5/21,Ewallet,4
2602,WALM015,55+,Non-Binary,"Houston, TX",Fashion accessories,25,8/25/20,Ewallet,4
2603,WALM024,45-54,Non-Binary,"Salt Lake City, UT",Home and lifestyle,99,10/17/19,Ewallet,5
2604,WALM066,25-34,Female,"Denver, CO",Fashion accessories,100,8/29/22,Ewallet,5
2605,WALM016,18-24,Female,"Oklahoma City, OK",Home and lifestyle,240,11/7/21,Ewallet,8
2606,WALM085,18-24,Male,"Indianapolis, IN",Fashion accessories,46,10/23/19,Ewallet,8
2607,WALM020,45-54,Prefer Not to Say,"Seattle, WA",Home and lifestyle,99,1/7/20,Ewallet,6
2608,WALM085,45-54,Female,"Seattle, WA",Fashion accessories,82,4/8/23,Ewallet,9
2609,WALM093,55+,Male,"Chicago, IL",Home and lifestyle,160,8/28/21,Ewallet,6
2610,WALM027,45-54,Prefer Not to Say,"Omaha, NE",Fashion accessories,94,5/6/22,Ewallet,6
2611,WALM028,18-24,Non-Binary,"Boise, ID",Home and lifestyle,32,5/22/23,Ewallet,8
2612,WALM019,18-24,Non-Binary,"Manchester, NH",Fashion accessories,46,10/11/21,Ewallet,5
2613,WALM006,25-34,Female,"Portland, OR",Home and lifestyle,73,7/21/23,Ewallet,6
2614,WALM059,45-54,Non-Binary,"Orlando, FL",Fashion accessories,132,3/3/20,Ewallet,9
2615,WALM064,35-44,Female,"St. Louis, MO",Home and lifestyle,63,5/15/21,Ewallet,6
2616,WALM006,55+,Female,"Burlington, VT",Fashion accessories,46,8/29/21,Ewallet,5
2617,WALM081,18-24,Female,"Orlando, FL",Home and lifestyle,86,1/14/23,Ewallet,6
2618,WALM018,55+,Female,"Seattle, WA",Fashion accessories,53,11/8/23,Ewallet,9
2619,WALM094,55+,Prefer Not to Say,"Baltimore, MD",Home and lifestyle,72,2/22/23,Ewallet,4
2620,WALM057,45-54,Female,"Salt Lake City, UT",Fashion accessories,100,8/11/20,Ewallet,5
2621,WALM091,25-34,Prefer Not to Say,"Salt Lake City, UT",Home and lifestyle,255,6/2/23,Ewallet,6
2622,WALM007,35-44,Male,"Boise, ID",Fashion accessories,123,11/3/21,Ewallet,7
2623,WALM034,18-24,Prefer Not to Say,"Portland, ME",Home and lifestyle,138,3/19/20,Ewallet,7
2624,WALM095,18-24,Non-Binary,"Billings, MT",Fashion accessories,177,6/3/21,Ewallet,6
2625,WALM081,55+,Prefer Not to Say,"Sioux Falls, SD",Home and lifestyle,76,10/28/19,Ewallet,9
2626,WALM033,35-44,Female,"Jackson, MS",Fashion accessories,90,1/12/20,Ewallet,9
2627,WALM049,18-24,Non-Binary,"Salt Lake City, UT",Home and lifestyle,126,2/16/22,Ewallet,4
2628,WALM083,55+,Male,"Portland, OR",Fashion accessories,104,3/16/21,Ewallet,5
2629,WALM016,35-44,Non-Binary,"Little Rock, AR",Home and lifestyle,148,5/5/20,Ewallet,8
2630,WALM043,55+,Non-Binary,"Albuquerque, NM",Fashion accessories,186,10/6/21,Ewallet,4
2631,WALM017,18-24,Non-Binary,"Charleston, WV",Home and lifestyle,144,4/27/22,Ewallet,6
2632,WALM039,45-54,Prefer Not to Say,"Philadelphia, PA",Fashion accessories,117,11/26/22,Ewallet,4
2633,WALM036,55+,Male,"Burlington, VT",Home and lifestyle,55,7/9/22,Ewallet,4
2634,WALM057,25-34,Non-Binary,"Birmingham, AL",Fashion accessories,165,12/27/23,Ewallet,4
2635,WALM062,35-44,Prefer Not to Say,"Oklahoma City, OK",Home and lifestyle,105,3/8/21,Ewallet,5
2636,WALM034,55+,Male,"Newark, NJ",Fashion accessories,152,11/3/19,Ewallet,7
2637,WALM018,25-34,Prefer Not to Say,"Cheyenne, WY",Home and lifestyle,117,12/19/20,Ewallet,8
2638,WALM070,55+,Male,"Oklahoma City, OK",Fashion accessories,100,4/21/22,Ewallet,8
2639,WALM042,45-54,Prefer Not to Say,"Birmingham, AL",Home and lifestyle,132,10/24/20,Ewallet,4
2640,WALM066,18-24,Female,"Jackson, MS",Fashion accessories,165,7/30/22,Ewallet,8
2641,WALM096,55+,Prefer Not to Say,"Houston, TX",Home and lifestyle,93,12/6/23,Ewallet,7
2642,WALM070,55+,Male,"Jackson, MS",Fashion accessories,22,3/2/22,Ewallet,4
2643,WALM064,55+,Male,"Boise, ID",Home and lifestyle,62,7/3/22,Ewallet,5
2644,WALM006,55+,Non-Binary,"Providence, RI",Fashion accessories,108,7/7/21,Ewallet,9
2645,WALM016,18-24,Prefer Not to Say,"Omaha, NE",Home and lifestyle,32,8/9/21,Ewallet,5
2646,WALM010,18-24,Female,"Columbus, OH",Fashion accessories,76,3/22/23,Ewallet,7
2647,WALM047,55+,Male,"Providence, RI",Home and lifestyle,76,12/5/20,Ewallet,5
2648,WALM030,35-44,Prefer Not to Say,"Nashville, TN",Fashion accessories,32,3/21/23,Ewallet,5
2649,WALM006,55+,Non-Binary,"Los Angeles, CA",Home and lifestyle,85,11/11/23,Ewallet,8
2650,WALM068,45-54,Non-Binary,"Sioux Falls, SD",Fashion accessories,32,6/17/19,Ewallet,6
2651,WALM010,45-54,Male,"Wilmington, DE",Home and lifestyle,33,2/3/22,Ewallet,5
2652,WALM097,18-24,Male,"Manchester, NH",Fashion accessories,99,6/17/21,Ewallet,6
2653,WALM016,55+,Non-Binary,"Birmingham, AL",Home and lifestyle,237,11/7/19,Ewallet,8
2654,WALM005,18-24,Non-Binary,"Boise, ID",Fashion accessories,160,9/11/20,Ewallet,9
2655,WALM048,55+,Non-Binary,"New York City, NY",Home and lifestyle,46,10/7/20,Ewallet,7
2656,WALM058,35-44,Female,"Little Rock, AR",Fashion accessories,54,3/17/19,Ewallet,5
2657,WALM083,45-54,Prefer Not to Say,"Louisville, KY",Home and lifestyle,213,7/8/22,Ewallet,6
2658,WALM080,45-54,Female,"Chicago, IL",Fashion accessories,39,12/10/22,Ewallet,4
2659,WALM061,25-34,Female,"Billings, MT",Home and lifestyle,46,8/23/21,Ewallet,7
2660,WALM014,18-24,Male,"Minneapolis, MN",Fashion accessories,174,2/2/21,Ewallet,9
2661,WALM001,18-24,Non-Binary,"Orlando, FL",Home and lifestyle,39,3/18/19,Ewallet,6
2662,WALM079,35-44,Female,"Des Moines, IA",Fashion accessories,74,6/19/22,Ewallet,5
2663,WALM042,45-54,Male,"Portland, OR",Home and lifestyle,153,9/28/23,Ewallet,7
2664,WALM063,45-54,Female,"Indianapolis, IN",Fashion accessories,47,8/25/19,Ewallet,8
2665,WALM067,45-54,Male,"New York City, NY",Home and lifestyle,93,11/5/19,Ewallet,4
2666,WALM027,18-24,Female,"Louisville, KY",Fashion accessories,116,10/24/20,Ewallet,9
2667,WALM040,55+,Prefer Not to Say,"Boston, MA",Home and lifestyle,156,2/15/22,Ewallet,6
2668,WALM011,55+,Male,"St. Louis, MO",Fashion accessories,50,5/16/20,Ewallet,5
2669,WALM063,18-24,Female,"Orlando, FL",Home and lifestyle,84,12/4/20,Ewallet,6
2670,WALM039,25-34,Male,"Little Rock, AR",Fashion accessories,46,12/20/21,Ewallet,9
2671,WALM096,25-34,Male,"Boston, MA",Home and lifestyle,146,6/16/21,Ewallet,8
2672,WALM012,25-34,Non-Binary,"Cheyenne, WY",Fashion accessories,82,1/2/21,Ewallet,6
2673,WALM066,55+,Female,"St. Louis, MO",Home and lifestyle,156,4/4/21,Ewallet,7
2674,WALM095,55+,Non-Binary,"Portland, ME",Fashion accessories,44,2/26/19,Ewallet,9
2675,WALM098,25-34,Prefer Not to Say,"New York City, NY",Home and lifestyle,180,6/30/23,Ewallet,5
2676,WALM037,25-34,Female,"Chicago, IL",Fashion accessories,120,10/20/20,Ewallet,5
2677,WALM092,55+,Non-Binary,"Los Angeles, CA",Home and lifestyle,63,4/23/20,Ewallet,4
2678,WALM020,25-34,Female,"Manchester, NH",Fashion accessories,51,6/22/20,Ewallet,4
2679,WALM076,18-24,Prefer Not to Say,"Portland, ME",Home and lifestyle,112,8/25/22,Ewallet,4
2680,WALM036,45-54,Non-Binary,"Birmingham, AL",Fashion accessories,42,6/27/23,Ewallet,9
2681,WALM059,35-44,Non-Binary,"Albuquerque, NM",Home and lifestyle,38,10/31/23,Ewallet,9
2682,WALM062,45-54,Male,"Honolulu, HI",Fashion accessories,54,9/4/23,Ewallet,6
2683,WALM042,35-44,Prefer Not to Say,"Houston, TX",Home and lifestyle,128,12/9/23,Ewallet,5
2684,WALM066,25-34,Prefer Not to Say,"Atlanta, GA",Fashion accessories,154,12/4/20,Ewallet,9
2685,WALM080,45-54,Non-Binary,"Charleston, SC",Home and lifestyle,33,12/30/20,Ewallet,8
2686,WALM017,35-44,Prefer Not to Say,"Columbus, OH",Fashion accessories,31,3/21/19,Ewallet,9
2687,WALM098,35-44,Prefer Not to Say,"New Orleans, LA",Home and lifestyle,225,12/6/19,Ewallet,4
2688,WALM020,45-54,Non-Binary,"Providence, RI",Fashion accessories,160,3/12/23,Ewallet,5
2689,WALM064,35-44,Prefer Not to Say,"Charleston, SC",Home and lifestyle,60,5/4/20,Ewallet,9
2690,WALM088,35-44,Male,"Omaha, NE",Fashion accessories,168,11/27/21,Ewallet,4
2691,WALM041,45-54,Prefer Not to Say,"Boise, ID",Home and lifestyle,108,4/16/20,Ewallet,8
2692,WALM027,45-54,Prefer Not to Say,"Cheyenne, WY",Fashion accessories,88,12/25/20,Ewallet,4
2693,WALM017,25-34,Female,"Houston, TX",Home and lifestyle,117,1/12/22,Ewallet,8
2694,WALM080,18-24,Male,"Phoenix, AZ",Fashion accessories,105,9/29/21,Ewallet,6
2695,WALM007,35-44,Prefer Not to Say,"Honolulu, HI",Home and lifestyle,111,9/2/20,Ewallet,9
2696,WALM034,55+,Female,"Indianapolis, IN",Fashion accessories,39,12/26/20,Ewallet,4
2697,WALM030,45-54,Non-Binary,"Portland, ME",Home and lifestyle,198,6/4/20,Ewallet,6
2698,WALM072,18-24,Male,"Portland, OR",Fashion accessories,164,10/13/21,Ewallet,4
2699,WALM090,35-44,Prefer Not to Say,"Louisville, KY",Home and lifestyle,243,12/17/19,Ewallet,6
2700,WALM060,45-54,Prefer Not to Say,"Newark, NJ",Fashion accessories,123,6/18/20,Ewallet,5
2701,WALM026,35-44,Prefer Not to Say,"Atlanta, GA",Home and lifestyle,51,5/12/19,Ewallet,7
2702,WALM015,18-24,Male,"Wichita, KS",Fashion accessories,210,6/26/21,Ewallet,4
2703,WALM080,55+,Non-Binary,"Las Vegas, NV",Home and lifestyle,53,4/24/21,Ewallet,4
2704,WALM006,25-34,Prefer Not to Say,"New York City, NY",Fashion accessories,228,2/26/19,Ewallet,9
2705,WALM010,35-44,Prefer Not to Say,"New Orleans, LA",Home and lifestyle,61,8/22/22,Ewallet,7
2706,WALM100,55+,Prefer Not to Say,"Las Vegas, NV",Fashion accessories,164,12/22/22,Ewallet,4
2707,WALM085,18-24,Prefer Not to Say,"Newark, NJ",Home and lifestyle,61,2/6/22,Ewallet,9
2708,WALM072,18-24,Prefer Not to Say,"Charleston, WV",Fashion accessories,90,11/27/23,Ewallet,6
2709,WALM041,45-54,Non-Binary,"Philadelphia, PA",Home and lifestyle,201,3/21/20,Ewallet,6
2710,WALM097,45-54,Prefer Not to Say,"Sioux Falls, SD",Fashion accessories,156,7/22/20,Ewallet,5
2711,WALM048,25-34,Non-Binary,"St. Louis, MO",Home and lifestyle,50,6/16/21,Ewallet,6
2712,WALM079,55+,Female,"Sioux Falls, SD",Fashion accessories,76,5/24/23,Ewallet,8
2713,WALM057,35-44,Prefer Not to Say,"Burlington, VT",Home and lifestyle,66,11/15/21,Ewallet,7
2714,WALM033,45-54,Female,"Chicago, IL",Fashion accessories,117,1/6/19,Ewallet,5
2715,WALM009,45-54,Non-Binary,"Las Vegas, NV",Home and lifestyle,135,11/24/20,Ewallet,8
2716,WALM068,35-44,Prefer Not to Say,"Burlington, VT",Fashion accessories,41,12/17/22,Ewallet,8
2717,WALM088,45-54,Non-Binary,"Fargo, ND",Home and lifestyle,102,5/22/20,Ewallet,9
2718,WALM080,45-54,Female,"Portland, OR",Fashion accessories,150,1/22/20,Ewallet,7
2719,WALM014,25-34,Female,"Salt Lake City, UT",Home and lifestyle,42,5/30/22,Ewallet,7
2720,WALM010,45-54,Male,"Indianapolis, IN",Fashion accessories,102,7/2/19,Ewallet,7
2721,WALM081,25-34,Male,"Anchorage, AK",Home and lifestyle,138,10/15/21,Ewallet,8
2722,WALM022,35-44,Female,"Wichita, KS",Fashion accessories,120,1/17/19,Ewallet,7
2723,WALM053,25-34,Prefer Not to Say,"Omaha, NE",Home and lifestyle,90,8/28/21,Ewallet,7
2724,WALM063,18-24,Male,"Newark, NJ",Fashion accessories,42,4/21/19,Ewallet,4
2725,WALM024,35-44,Female,"Little Rock, AR",Home and lifestyle,60,5/3/21,Ewallet,8
2726,WALM036,18-24,Female,"Manchester, NH",Fashion accessories,66,11/15/21,Ewallet,8
2727,WALM006,35-44,Prefer Not to Say,"Sioux Falls, SD",Home and lifestyle,30,3/5/20,Ewallet,5
2728,WALM030,35-44,Non-Binary,"Boise, ID",Fashion accessories,114,8/6/21,Ewallet,6
2729,WALM076,45-54,Prefer Not to Say,"Providence, RI",Home and lifestyle,77,4/2/23,Ewallet,8
2730,WALM085,45-54,Prefer Not to Say,"Chicago, IL",Fashion accessories,225,11/3/20,Ewallet,8
2731,WALM062,45-54,Male,"Nashville, TN",Home and lifestyle,64,11/24/19,Ewallet,9
2732,WALM040,45-54,Non-Binary,"Seattle, WA",Fashion accessories,132,10/24/21,Ewallet,7
2733,WALM023,55+,Prefer Not to Say,"Boston, MA",Home and lifestyle,32,10/4/20,Ewallet,8
2734,WALM016,18-24,Prefer Not to Say,"Honolulu, HI",Fashion accessories,138,11/2/19,Ewallet,9
2735,WALM005,35-44,Male,"Sioux Falls, SD",Home and lifestyle,255,10/20/21,Ewallet,7
2736,WALM004,18-24,Female,"Seattle, WA",Fashion accessories,48,6/6/21,Ewallet,7
2737,WALM006,55+,Male,"Wilmington, DE",Home and lifestyle,134,10/5/22,Ewallet,4
2738,WALM052,25-34,Prefer Not to Say,"Omaha, NE",Fashion accessories,166,12/7/19,Ewallet,5
2739,WALM076,18-24,Female,"Detroit, MI",Home and lifestyle,60,11/3/21,Ewallet,9
2740,WALM018,18-24,Prefer Not to Say,"Portland, OR",Fashion accessories,213,6/13/19,Ewallet,4
2741,WALM005,35-44,Male,"New York City, NY",Home and lifestyle,94,9/28/23,Ewallet,5
2742,WALM015,35-44,Female,"Albuquerque, NM",Fashion accessories,52,3/28/20,Ewallet,9
2743,WALM037,35-44,Female,"Des Moines, IA",Home and lifestyle,60,3/22/20,Ewallet,7
2744,WALM007,45-54,Prefer Not to Say,"Manchester, NH",Fashion accessories,50,5/5/22,Ewallet,6
2745,WALM051,35-44,Male,"Philadelphia, PA",Home and lifestyle,84,3/7/19,Ewallet,6
2746,WALM006,45-54,Female,"Virginia Beach, VA",Fashion accessories,56,5/18/20,Ewallet,5
2747,WALM016,18-24,Prefer Not to Say,"Jackson, MS",Home and lifestyle,62,3/25/19,Ewallet,6
2748,WALM090,18-24,Male,"Minneapolis, MN",Fashion accessories,50,12/18/19,Ewallet,4
2749,WALM016,18-24,Non-Binary,"Wichita, KS",Home and lifestyle,82,11/15/22,Ewallet,7
2750,WALM042,18-24,Female,"Hartford, CT",Fashion accessories,106,12/16/19,Ewallet,7
2751,WALM091,18-24,Female,"Boston, MA",Home and lifestyle,68,4/1/22,Ewallet,7
2752,WALM044,25-34,Prefer Not to Say,"Virginia Beach, VA",Fashion accessories,53,3/9/22,Ewallet,4
2753,WALM066,35-44,Non-Binary,"Fargo, ND",Home and lifestyle,152,9/27/23,Ewallet,4
2754,WALM007,45-54,Non-Binary,"Manchester, NH",Fashion accessories,110,4/6/21,Ewallet,5
2755,WALM064,25-34,Female,"Los Angeles, CA",Home and lifestyle,123,5/16/21,Ewallet,9
2756,WALM080,18-24,Female,"Burlington, VT",Fashion accessories,126,10/18/19,Ewallet,9
2757,WALM072,35-44,Male,"Minneapolis, MN",Home and lifestyle,222,3/18/21,Ewallet,9
2758,WALM044,35-44,Prefer Not to Say,"St. Louis, MO",Fashion accessories,192,12/29/23,Ewallet,7
2759,WALM096,18-24,Non-Binary,"Chicago, IL",Home and lifestyle,40,6/22/19,Ewallet,7
2760,WALM004,55+,Male,"Nashville, TN",Fashion accessories,164,10/20/19,Ewallet,9
2761,WALM069,35-44,Prefer Not to Say,"Honolulu, HI",Home and lifestyle,50,3/23/23,Ewallet,7
2762,WALM048,45-54,Female,"Wilmington, DE",Fashion accessories,66,1/19/21,Ewallet,6
2763,WALM095,55+,Male,"Nashville, TN",Home and lifestyle,110,10/13/23,Ewallet,4
2764,WALM078,18-24,Prefer Not to Say,"Billings, MT",Fashion accessories,249,1/31/20,Ewallet,5
2765,WALM085,18-24,Non-Binary,"Louisville, KY",Home and lifestyle,183,2/7/20,Ewallet,5
2766,WALM063,55+,Female,"Fargo, ND",Fashion accessories,164,7/29/22,Ewallet,9
2767,WALM009,35-44,Female,"Honolulu, HI",Home and lifestyle,141,4/25/21,Ewallet,4
2768,WALM002,45-54,Female,"St. Louis, MO",Fashion accessories,58,2/17/23,Ewallet,4
2769,WALM083,35-44,Female,"Birmingham, AL",Home and lifestyle,138,7/30/20,Ewallet,4
2770,WALM096,18-24,Non-Binary,"Charleston, WV",Fashion accessories,246,10/29/21,Ewallet,6
2771,WALM013,25-34,Prefer Not to Say,"Boston, MA",Home and lifestyle,34,1/15/19,Ewallet,6
2772,WALM063,55+,Male,"Atlanta, GA",Fashion accessories,67,6/11/19,Ewallet,5
2773,WALM081,25-34,Female,"Jackson, MS",Home and lifestyle,80,7/5/23,Ewallet,5
2774,WALM043,35-44,Non-Binary,"Orlando, FL",Fashion accessories,72,12/10/20,Ewallet,9
2775,WALM044,35-44,Prefer Not to Say,"Little Rock, AR",Home and lifestyle,30,7/9/22,Ewallet,8
2776,WALM009,45-54,Prefer Not to Say,"Denver, CO",Fashion accessories,40,4/15/19,Ewallet,6
2777,WALM066,55+,Female,"Billings, MT",Home and lifestyle,213,1/20/19,Ewallet,8
2778,WALM044,35-44,Male,"Denver, CO",Fashion accessories,195,8/14/23,Ewallet,7
2779,WALM078,45-54,Non-Binary,"Las Vegas, NV",Home and lifestyle,73,3/3/22,Ewallet,8
2780,WALM071,35-44,Female,"Portland, ME",Fashion accessories,148,2/3/21,Ewallet,5
2781,WALM028,18-24,Non-Binary,"Salt Lake City, UT",Home and lifestyle,124,5/28/22,Ewallet,6
2782,WALM021,25-34,Non-Binary,"Baltimore, MD",Fashion accessories,69,5/5/22,Ewallet,9
2783,WALM022,45-54,Male,"St. Louis, MO",Home and lifestyle,102,3/14/23,Ewallet,5
2784,WALM064,45-54,Prefer Not to Say,"Nashville, TN",Fashion accessories,57,8/21/20,Ewallet,7
2785,WALM072,35-44,Non-Binary,"Manchester, NH",Home and lifestyle,27,3/5/20,Ewallet,6
2786,WALM088,45-54,Female,"Jackson, MS",Fashion accessories,72,3/31/22,Ewallet,9
2787,WALM078,18-24,Female,"Salt Lake City, UT",Home and lifestyle,153,10/24/20,Ewallet,6
2788,WALM094,35-44,Prefer Not to Say,"Portland, OR",Fashion accessories,19,3/8/20,Ewallet,8
2789,WALM097,18-24,Non-Binary,"Charleston, WV",Home and lifestyle,204,8/23/19,Ewallet,7
2790,WALM090,25-34,Male,"Orlando, FL",Fashion accessories,57,1/4/19,Ewallet,7
2791,WALM012,45-54,Prefer Not to Say,"Boise, ID",Home and lifestyle,210,5/1/23,Ewallet,4
2792,WALM014,45-54,Prefer Not to Say,"Milwaukee, WI",Fashion accessories,52,11/27/21,Ewallet,5
2793,WALM008,45-54,Female,"St. Louis, MO",Home and lifestyle,45,11/5/21,Ewallet,5
2794,WALM041,25-34,Female,"Indianapolis, IN",Fashion accessories,22,7/14/22,Ewallet,7
2795,WALM010,45-54,Non-Binary,"Albuquerque, NM",Home and lifestyle,50,8/18/22,Ewallet,4
2796,WALM080,35-44,Male,"Las Vegas, NV",Fashion accessories,68,1/6/21,Ewallet,7
2797,WALM027,45-54,Prefer Not to Say,"Billings, MT",Home and lifestyle,252,6/22/19,Ewallet,8
2798,WALM066,35-44,Prefer Not to Say,"St. Louis, MO",Fashion accessories,128,1/16/20,Ewallet,5
2799,WALM062,45-54,Non-Binary,"Houston, TX",Home and lifestyle,156,6/16/19,Ewallet,8
2800,WALM067,18-24,Male,"Portland, OR",Fashion accessories,46,12/16/22,Ewallet,8
2801,WALM058,18-24,Non-Binary,"Las Vegas, NV",Home and lifestyle,243,10/19/21,Ewallet,4
2802,WALM080,45-54,Female,"Omaha, NE",Fashion accessories,148,4/18/20,Ewallet,5
2803,WALM067,18-24,Female,"Newark, NJ",Home and lifestyle,231,8/1/22,Ewallet,7
2804,WALM043,35-44,Female,"Detroit, MI",Fashion accessories,45,11/10/20,Ewallet,6
2805,WALM100,35-44,Non-Binary,"Manchester, NH",Home and lifestyle,71,6/28/19,Ewallet,4
2806,WALM017,45-54,Female,"Phoenix, AZ",Fashion accessories,132,7/7/20,Ewallet,5
2807,WALM076,18-24,Prefer Not to Say,"Seattle, WA",Home and lifestyle,18,3/10/22,Ewallet,8
2808,WALM026,25-34,Non-Binary,"Detroit, MI",Fashion accessories,237,8/27/22,Ewallet,8
2809,WALM026,25-34,Male,"Wilmington, DE",Home and lifestyle,61,3/25/23,Ewallet,6
2810,WALM078,18-24,Female,"Columbus, OH",Fashion accessories,70,4/8/23,Ewallet,4
2811,WALM059,25-34,Male,"Oklahoma City, OK",Home and lifestyle,114,6/3/22,Ewallet,9
2812,WALM070,25-34,Female,"St. Louis, MO",Fashion accessories,60,5/24/23,Ewallet,6
2813,WALM090,45-54,Female,"Providence, RI",Home and lifestyle,77,7/17/21,Ewallet,6
2814,WALM085,18-24,Male,"Anchorage, AK",Fashion accessories,146,11/18/20,Ewallet,6
2815,WALM097,45-54,Non-Binary,"Milwaukee, WI",Home and lifestyle,57,1/4/21,Ewallet,4
2816,WALM015,18-24,Female,"Wilmington, DE",Fashion accessories,56,8/19/21,Ewallet,4
2817,WALM030,35-44,Male,"Des Moines, IA",Home and lifestyle,114,2/14/23,Ewallet,7
2818,WALM066,45-54,Non-Binary,"Columbus, OH",Fashion accessories,29,11/9/22,Ewallet,6
2819,WALM079,55+,Prefer Not to Say,"Birmingham, AL",Home and lifestyle,82,3/15/21,Ewallet,4
2820,WALM023,18-24,Non-Binary,"Sioux Falls, SD",Electronic accessories,17,1/7/19,Ewallet,6
2821,WALM013,25-34,Female,"Portland, OR",Electronic accessories,16,1/22/19,Ewallet,5
2822,WALM100,35-44,Female,"Orlando, FL",Electronic accessories,104,5/28/22,Ewallet,5
2823,WALM098,25-34,Prefer Not to Say,"Houston, TX",Electronic accessories,51,9/9/21,Ewallet,8
2824,WALM061,45-54,Non-Binary,"St. Louis, MO",Electronic accessories,189,5/2/19,Ewallet,8
2825,WALM030,25-34,Male,"Providence, RI",Electronic accessories,174,12/16/21,Ewallet,7
2826,WALM016,25-34,Non-Binary,"Seattle, WA",Electronic accessories,141,9/15/23,Ewallet,6
2827,WALM095,25-34,Female,"Portland, ME",Electronic accessories,150,11/29/23,Ewallet,8
2828,WALM026,25-34,Female,"Burlington, VT",Electronic accessories,30,12/11/21,Ewallet,9
2829,WALM019,55+,Female,"Honolulu, HI",Electronic accessories,42,8/30/21,Ewallet,8
2830,WALM061,18-24,Non-Binary,"Columbus, OH",Electronic accessories,150,6/1/22,Ewallet,5
2831,WALM013,25-34,Male,"Billings, MT",Electronic accessories,70,9/12/20,Ewallet,8
2832,WALM080,55+,Female,"Salt Lake City, UT",Electronic accessories,72,12/15/20,Ewallet,8
2833,WALM022,45-54,Non-Binary,"Chicago, IL",Electronic accessories,140,11/24/19,Ewallet,7
2834,WALM016,45-54,Female,"Little Rock, AR",Electronic accessories,158,8/3/21,Ewallet,5
2835,WALM070,18-24,Male,"Providence, RI",Electronic accessories,158,6/12/23,Ewallet,5
2836,WALM072,18-24,Female,"Minneapolis, MN",Electronic accessories,42,4/6/19,Ewallet,9
2837,WALM030,45-54,Non-Binary,"Houston, TX",Electronic accessories,120,7/23/20,Ewallet,6
2838,WALM057,55+,Male,"Manchester, NH",Electronic accessories,99,11/6/20,Ewallet,5
2839,WALM058,18-24,Non-Binary,"Honolulu, HI",Home and lifestyle,102,11/5/19,Ewallet,8
2840,WALM041,45-54,Non-Binary,"Baltimore, MD",Fashion accessories,54,5/29/19,Ewallet,7
2841,WALM057,55+,Male,"New Orleans, LA",Home and lifestyle,204,12/30/20,Ewallet,5
2842,WALM040,35-44,Non-Binary,"Boston, MA",Fashion accessories,48,12/6/19,Ewallet,9
2843,WALM053,18-24,Non-Binary,"Minneapolis, MN",Home and lifestyle,25,11/22/21,Ewallet,5
2844,WALM037,18-24,Male,"Detroit, MI",Fashion accessories,183,1/8/21,Ewallet,5
2845,WALM030,18-24,Non-Binary,"Boston, MA",Home and lifestyle,72,5/1/22,Ewallet,7
2846,WALM061,35-44,Male,"Newark, NJ",Fashion accessories,140,1/5/19,Ewallet,4
2847,WALM036,18-24,Non-Binary,"Phoenix, AZ",Home and lifestyle,207,4/15/21,Ewallet,9
2848,WALM044,45-54,Female,"Seattle, WA",Fashion accessories,63,4/12/22,Ewallet,5
2849,WALM078,18-24,Prefer Not to Say,"Charleston, WV",Home and lifestyle,174,7/13/23,Ewallet,4
2850,WALM088,55+,Non-Binary,"Newark, NJ",Fashion accessories,85,11/1/22,Ewallet,9
2851,WALM047,18-24,Prefer Not to Say,"Providence, RI",Home and lifestyle,114,7/12/20,Ewallet,5
2852,WALM020,18-24,Male,"Des Moines, IA",Fashion accessories,44,5/10/22,Ewallet,6
2853,WALM066,25-34,Male,"Wilmington, DE",Home and lifestyle,198,6/12/23,Ewallet,7
2854,WALM022,25-34,Male,"Charlotte, NC",Fashion accessories,35,8/23/22,Ewallet,8
2855,WALM043,45-54,Prefer Not to Say,"Seattle, WA",Home and lifestyle,43,12/24/20,Ewallet,9
2856,WALM097,45-54,Prefer Not to Say,"Jackson, MS",Fashion accessories,30,9/5/22,Ewallet,5
2857,WALM024,18-24,Female,"Newark, NJ",Home and lifestyle,31,4/6/20,Ewallet,4
2858,WALM022,18-24,Non-Binary,"Charleston, SC",Fashion accessories,87,5/12/23,Ewallet,5
2859,WALM008,35-44,Non-Binary,"Portland, ME",Home and lifestyle,130,2/15/21,Ewallet,8
2860,WALM094,45-54,Non-Binary,"Hartford, CT",Fashion accessories,66,12/31/21,Ewallet,9
2861,WALM092,18-24,Female,"Indianapolis, IN",Home and lifestyle,28,8/23/19,Ewallet,8
2862,WALM009,55+,Prefer Not to Say,"Detroit, MI",Fashion accessories,51,10/15/22,Ewallet,9
2863,WALM028,55+,Non-Binary,"Charleston, WV",Home and lifestyle,56,9/20/19,Ewallet,5
2864,WALM023,18-24,Male,"Minneapolis, MN",Fashion accessories,192,1/30/22,Ewallet,9
2865,WALM039,18-24,Non-Binary,"Phoenix, AZ",Home and lifestyle,252,1/11/21,Ewallet,6
2866,WALM053,45-54,Prefer Not to Say,"Louisville, KY",Fashion accessories,75,6/1/22,Ewallet,7
2867,WALM095,45-54,Non-Binary,"Wichita, KS",Home and lifestyle,57,11/25/21,Ewallet,6
2868,WALM048,35-44,Female,"Burlington, VT",Fashion accessories,228,3/28/21,Ewallet,8
2869,WALM061,18-24,Prefer Not to Say,"Fargo, ND",Home and lifestyle,53,7/14/23,Ewallet,5
2870,WALM005,45-54,Prefer Not to Say,"Indianapolis, IN",Fashion accessories,80,11/16/23,Ewallet,6
2871,WALM015,25-34,Non-Binary,"Charleston, SC",Home and lifestyle,72,7/6/20,Ewallet,9
2872,WALM085,35-44,Male,"Wilmington, DE",Fashion accessories,207,3/27/20,Ewallet,9
2873,WALM049,35-44,Male,"Anchorage, AK",Home and lifestyle,17,9/15/19,Ewallet,7
2874,WALM063,18-24,Prefer Not to Say,"Cheyenne, WY",Fashion accessories,27,6/29/20,Ewallet,8
2875,WALM010,25-34,Female,"Seattle, WA",Home and lifestyle,93,12/3/21,Ewallet,9
2876,WALM095,45-54,Prefer Not to Say,"New York City, NY",Fashion accessories,246,2/10/20,Ewallet,5
2877,WALM018,25-34,Prefer Not to Say,"Charleston, WV",Home and lifestyle,111,5/11/19,Ewallet,7
2878,WALM007,55+,Female,"Denver, CO",Fashion accessories,69,9/1/19,Ewallet,6
2879,WALM030,25-34,Non-Binary,"Oklahoma City, OK",Home and lifestyle,108,9/22/19,Ewallet,4
2880,WALM045,18-24,Prefer Not to Say,"Charlotte, NC",Fashion accessories,33,9/19/23,Credit card,5
2881,WALM004,25-34,Female,"New Orleans, LA",Home and lifestyle,73,5/21/19,Ewallet,7
2882,WALM017,55+,Female,"Oklahoma City, OK",Fashion accessories,32,1/26/21,Ewallet,4
2883,WALM078,35-44,Non-Binary,"Albuquerque, NM",Home and lifestyle,38,1/15/21,Ewallet,5
2884,WALM016,18-24,Prefer Not to Say,"Atlanta, GA",Fashion accessories,231,2/25/23,Ewallet,6
2885,WALM033,55+,Male,"Charlotte, NC",Home and lifestyle,78,12/7/21,Ewallet,7
2886,WALM091,55+,Female,"New York City, NY",Fashion accessories,186,1/11/22,Ewallet,5
2887,WALM028,18-24,Male,"Las Vegas, NV",Home and lifestyle,170,7/3/20,Ewallet,9
2888,WALM051,18-24,Male,"Des Moines, IA",Fashion accessories,29,12/13/20,Ewallet,5
2889,WALM090,35-44,Prefer Not to Say,"Omaha, NE",Home and lifestyle,240,11/9/19,Ewallet,8
2890,WALM049,45-54,Non-Binary,"Minneapolis, MN",Fashion accessories,51,3/24/23,Ewallet,5
2891,WALM096,25-34,Non-Binary,"New York City, NY",Home and lifestyle,249,3/24/20,Ewallet,5
2892,WALM047,55+,Female,"New York City, NY",Fashion accessories,37,4/6/19,Ewallet,7
2893,WALM058,55+,Prefer Not to Say,"Minneapolis, MN",Home and lifestyle,68,2/13/21,Ewallet,7
2894,WALM078,55+,Male,"Charleston, WV",Fashion accessories,207,11/19/20,Ewallet,5
2895,WALM092,25-34,Male,"Omaha, NE",Home and lifestyle,32,2/8/21,Ewallet,8
2896,WALM022,18-24,Male,"Charlotte, NC",Fashion accessories,52,2/10/21,Ewallet,4
2897,WALM097,55+,Prefer Not to Say,"Birmingham, AL",Home and lifestyle,16,12/8/19,Ewallet,8
2898,WALM019,35-44,Non-Binary,"Manchester, NH",Fashion accessories,243,2/2/22,Ewallet,6
2899,WALM042,55+,Male,"Virginia Beach, VA",Home and lifestyle,30,8/2/19,Ewallet,6
2900,WALM083,18-24,Female,"Wichita, KS",Fashion accessories,120,11/13/23,Ewallet,9
2901,WALM092,25-34,Prefer Not to Say,"Providence, RI",Home and lifestyle,51,10/4/23,Ewallet,8
2902,WALM019,55+,Male,"Virginia Beach, VA",Fashion accessories,90,7/28/22,Ewallet,5
2903,WALM052,18-24,Male,"Philadelphia, PA",Home and lifestyle,144,12/6/19,Ewallet,6
2904,WALM098,18-24,Non-Binary,"Philadelphia, PA",Fashion accessories,108,11/16/21,Ewallet,6
2905,WALM001,18-24,Prefer Not to Say,"Chicago, IL",Home and lifestyle,26,5/3/22,Ewallet,4
2906,WALM080,35-44,Male,"Wilmington, DE",Fashion accessories,78,6/30/20,Ewallet,6
2907,WALM047,35-44,Non-Binary,"Jackson, MS",Home and lifestyle,96,12/31/19,Ewallet,5
2908,WALM027,25-34,Male,"Fargo, ND",Fashion accessories,69,4/24/20,Ewallet,4
2909,WALM052,35-44,Non-Binary,"New Orleans, LA",Home and lifestyle,255,6/25/21,Ewallet,8
2910,WALM053,35-44,Non-Binary,"New Orleans, LA",Fashion accessories,96,11/23/21,Ewallet,8
2911,WALM070,45-54,Prefer Not to Say,"Charleston, SC",Home and lifestyle,90,10/6/20,Ewallet,8
2912,WALM049,35-44,Male,"Little Rock, AR",Fashion accessories,146,7/19/21,Ewallet,9
2913,WALM049,45-54,Female,"Detroit, MI",Home and lifestyle,146,10/3/20,Ewallet,6
2914,WALM071,18-24,Prefer Not to Say,"Las Vegas, NV",Fashion accessories,44,8/24/19,Ewallet,8
2915,WALM007,25-34,Prefer Not to Say,"Salt Lake City, UT",Home and lifestyle,66,1/7/22,Ewallet,4
2916,WALM096,18-24,Male,"Little Rock, AR",Fashion accessories,81,6/11/20,Ewallet,4
2917,WALM002,55+,Non-Binary,"Seattle, WA",Home and lifestyle,63,8/7/23,Ewallet,7
2918,WALM067,55+,Female,"Indianapolis, IN",Fashion accessories,21,7/24/21,Ewallet,4
2919,WALM067,55+,Non-Binary,"Salt Lake City, UT",Home and lifestyle,240,3/18/20,Ewallet,4
2920,WALM098,45-54,Non-Binary,"Providence, RI",Fashion accessories,134,1/29/23,Ewallet,8
2921,WALM026,55+,Female,"Portland, OR",Home and lifestyle,18,6/18/20,Ewallet,8
2922,WALM015,45-54,Male,"Hartford, CT",Fashion accessories,166,2/7/21,Ewallet,4
2923,WALM013,35-44,Female,"Salt Lake City, UT",Home and lifestyle,192,1/11/19,Ewallet,5
2924,WALM045,55+,Non-Binary,"Oklahoma City, OK",Fashion accessories,52,11/27/23,Credit card,5
2925,WALM083,25-34,Prefer Not to Say,"Omaha, NE",Home and lifestyle,252,10/30/23,Ewallet,9
2926,WALM033,25-34,Prefer Not to Say,"Jackson, MS",Fashion accessories,40,9/4/20,Ewallet,5
2927,WALM100,18-24,Non-Binary,"Anchorage, AK",Home and lifestyle,153,12/26/21,Ewallet,7
2928,WALM004,45-54,Non-Binary,"Indianapolis, IN",Fashion accessories,186,11/14/19,Ewallet,7
2929,WALM022,18-24,Female,"Honolulu, HI",Home and lifestyle,114,11/30/19,Ewallet,8
2930,WALM047,25-34,Non-Binary,"Portland, ME",Fashion accessories,198,3/20/21,Ewallet,5
2931,WALM076,35-44,Prefer Not to Say,"New York City, NY",Home and lifestyle,142,2/12/20,Ewallet,6
2932,WALM010,35-44,Male,"Atlanta, GA",Fashion accessories,24,11/13/20,Ewallet,5
2933,WALM027,55+,Non-Binary,"Salt Lake City, UT",Home and lifestyle,83,4/11/20,Ewallet,9
2934,WALM016,18-24,Prefer Not to Say,"Anchorage, AK",Fashion accessories,45,1/12/23,Ewallet,7
2935,WALM062,55+,Non-Binary,"Honolulu, HI",Home and lifestyle,201,2/18/20,Ewallet,4
2936,WALM048,35-44,Prefer Not to Say,"Baltimore, MD",Fashion accessories,243,11/13/22,Ewallet,8
2937,WALM012,55+,Non-Binary,"New York City, NY",Home and lifestyle,183,5/4/22,Ewallet,5
2938,WALM059,18-24,Male,"Seattle, WA",Fashion accessories,154,4/13/21,Ewallet,4
2939,WALM093,45-54,Male,"Detroit, MI",Home and lifestyle,30,3/24/21,Ewallet,6
2940,WALM022,55+,Non-Binary,"Los Angeles, CA",Fashion accessories,154,4/11/20,Ewallet,6
2941,WALM033,45-54,Non-Binary,"New York City, NY",Home and lifestyle,42,6/18/22,Ewallet,9
2942,WALM034,25-34,Prefer Not to Say,"Portland, ME",Fashion accessories,51,2/9/22,Ewallet,5
2943,WALM004,55+,Non-Binary,"Milwaukee, WI",Home and lifestyle,166,12/16/22,Ewallet,9
2944,WALM100,35-44,Female,"Omaha, NE",Fashion accessories,96,3/15/20,Ewallet,4
2945,WALM072,18-24,Female,"Nashville, TN",Home and lifestyle,26,5/7/23,Ewallet,5
2946,WALM024,25-34,Male,"Orlando, FL",Fashion accessories,23,9/23/20,Ewallet,6
2947,WALM040,25-34,Prefer Not to Say,"Philadelphia, PA",Home and lifestyle,84,11/12/21,Ewallet,8
2948,WALM091,35-44,Female,"Houston, TX",Fashion accessories,84,11/11/21,Ewallet,8
2949,WALM095,25-34,Male,"Indianapolis, IN",Home and lifestyle,99,6/28/22,Ewallet,8
2950,WALM006,18-24,Non-Binary,"Oklahoma City, OK",Fashion accessories,168,9/22/23,Ewallet,9
2951,WALM007,55+,Male,"Columbus, OH",Home and lifestyle,207,6/11/22,Ewallet,6
2952,WALM011,25-34,Non-Binary,"Little Rock, AR",Fashion accessories,108,11/18/21,Ewallet,5
2953,WALM010,45-54,Non-Binary,"Houston, TX",Home and lifestyle,15,8/21/19,Ewallet,8
2954,WALM081,25-34,Non-Binary,"Las Vegas, NV",Fashion accessories,207,7/4/19,Ewallet,7
2955,WALM048,18-24,Prefer Not to Say,"Seattle, WA",Home and lifestyle,90,10/11/19,Ewallet,9
2956,WALM045,55+,Male,"Billings, MT",Fashion accessories,48,8/28/20,Credit card,7
2957,WALM077,55+,Prefer Not to Say,"Chicago, IL",Home and lifestyle,70,4/23/23,Ewallet,5
2958,WALM023,35-44,Male,"Birmingham, AL",Fashion accessories,46,6/24/20,Ewallet,8
2959,WALM096,45-54,Prefer Not to Say,"Charleston, SC",Home and lifestyle,192,12/18/21,Ewallet,5
2960,WALM079,25-34,Female,"Baltimore, MD",Fashion accessories,124,12/20/19,Ewallet,5
2961,WALM034,55+,Male,"Providence, RI",Home and lifestyle,129,6/11/21,Ewallet,4
2962,WALM049,55+,Female,"Boston, MA",Fashion accessories,64,10/22/21,Ewallet,7
2963,WALM083,25-34,Non-Binary,"Virginia Beach, VA",Home and lifestyle,158,5/11/22,Ewallet,7
2964,WALM005,25-34,Female,"Little Rock, AR",Fashion accessories,50,12/27/23,Ewallet,6
2965,WALM018,25-34,Non-Binary,"Charleston, SC",Home and lifestyle,58,12/8/23,Ewallet,7
2966,WALM011,55+,Female,"Charleston, SC",Fashion accessories,123,10/31/19,Ewallet,5
2967,WALM020,18-24,Female,"Boise, ID",Home and lifestyle,45,2/26/19,Ewallet,5
2968,WALM047,18-24,Non-Binary,"Wichita, KS",Fashion accessories,72,1/20/19,Ewallet,8
2969,WALM062,55+,Non-Binary,"Anchorage, AK",Home and lifestyle,210,7/4/21,Ewallet,8
2970,WALM079,18-24,Female,"Louisville, KY",Fashion accessories,126,4/23/19,Ewallet,4
2971,WALM028,35-44,Female,"Houston, TX",Home and lifestyle,82,2/4/19,Ewallet,7
2972,WALM085,45-54,Female,"Honolulu, HI",Fashion accessories,18,5/7/22,Ewallet,6
2973,WALM020,45-54,Prefer Not to Say,"Omaha, NE",Home and lifestyle,40,6/18/19,Ewallet,5
2974,WALM009,25-34,Prefer Not to Say,"Des Moines, IA",Fashion accessories,114,10/31/21,Ewallet,5
2975,WALM009,35-44,Prefer Not to Say,"Portland, OR",Home and lifestyle,108,4/23/21,Ewallet,4
2976,WALM005,18-24,Female,"Portland, ME",Fashion accessories,90,5/4/22,Ewallet,4
2977,WALM015,45-54,Non-Binary,"Atlanta, GA",Home and lifestyle,105,2/21/23,Ewallet,9
2978,WALM010,25-34,Female,"Indianapolis, IN",Fashion accessories,126,1/11/22,Ewallet,7
2979,WALM017,55+,Non-Binary,"Little Rock, AR",Home and lifestyle,164,1/25/21,Ewallet,7
2980,WALM063,25-34,Female,"Virginia Beach, VA",Fashion accessories,93,10/22/23,Ewallet,8
2981,WALM059,35-44,Female,"Fargo, ND",Home and lifestyle,177,7/17/21,Ewallet,8
2982,WALM063,25-34,Non-Binary,"Columbus, OH",Fashion accessories,81,11/17/21,Ewallet,5
2983,WALM041,18-24,Prefer Not to Say,"Phoenix, AZ",Home and lifestyle,69,4/6/22,Ewallet,8
2984,WALM004,55+,Female,"Seattle, WA",Fashion accessories,135,10/15/22,Ewallet,9
2985,WALM088,55+,Female,"Jackson, MS",Home and lifestyle,150,6/2/22,Ewallet,8
2986,WALM060,18-24,Male,"Chicago, IL",Fashion accessories,87,9/14/21,Ewallet,6
2987,WALM064,55+,Non-Binary,"Jackson, MS",Home and lifestyle,96,7/8/21,Ewallet,8
2988,WALM078,55+,Prefer Not to Say,"Sioux Falls, SD",Fashion accessories,82,9/26/22,Ewallet,6
2989,WALM062,35-44,Male,"Little Rock, AR",Home and lifestyle,152,2/14/20,Ewallet,8
2990,WALM090,35-44,Prefer Not to Say,"Birmingham, AL",Fashion accessories,174,4/29/19,Ewallet,4
2991,WALM021,55+,Male,"St. Louis, MO",Home and lifestyle,84,3/9/22,Ewallet,8
2992,WALM016,35-44,Male,"Houston, TX",Fashion accessories,165,9/30/21,Ewallet,6
2993,WALM042,18-24,Male,"Detroit, MI",Home and lifestyle,84,3/5/21,Ewallet,6
2994,WALM006,18-24,Female,"Anchorage, AK",Fashion accessories,69,6/10/23,Ewallet,4
2995,WALM028,35-44,Male,"Atlanta, GA",Home and lifestyle,150,12/25/21,Ewallet,7
2996,WALM031,45-54,Female,"Nashville, TN",Fashion accessories,34,1/10/20,Ewallet,5
2997,WALM061,18-24,Female,"Wichita, KS",Home and lifestyle,86,8/9/22,Ewallet,9
2998,WALM095,35-44,Prefer Not to Say,"Jackson, MS",Fashion accessories,84,5/4/22,Ewallet,5
2999,WALM051,18-24,Female,"Providence, RI",Home and lifestyle,219,5/29/20,Ewallet,9
3000,WALM022,18-24,Female,"Sioux Falls, SD",Fashion accessories,120,6/25/20,Ewallet,8
3001,WALM061,25-34,Prefer Not to Say,"Honolulu, HI",Home and lifestyle,237,2/25/21,Ewallet,9
3002,WALM072,18-24,Non-Binary,"Louisville, KY",Fashion accessories,158,10/4/19,Ewallet,4
3003,WALM098,18-24,Female,"Louisville, KY",Home and lifestyle,87,6/24/19,Ewallet,6
3004,WALM088,18-24,Male,"Albuquerque, NM",Fashion accessories,99,9/16/20,Ewallet,8
3005,WALM094,25-34,Non-Binary,"Billings, MT",Home and lifestyle,34,4/22/21,Ewallet,5
3006,WALM076,45-54,Non-Binary,"Boston, MA",Fashion accessories,249,12/4/23,Ewallet,8
3007,WALM008,35-44,Male,"Fargo, ND",Home and lifestyle,64,4/18/22,Ewallet,9
3008,WALM070,25-34,Male,"Omaha, NE",Fashion accessories,207,11/20/20,Ewallet,4
3009,WALM009,18-24,Prefer Not to Say,"Milwaukee, WI",Home and lifestyle,73,12/31/20,Ewallet,9
3010,WALM016,18-24,Non-Binary,"Wilmington, DE",Fashion accessories,174,4/23/23,Ewallet,6
3011,WALM085,18-24,Prefer Not to Say,"Newark, NJ",Home and lifestyle,67,4/12/19,Ewallet,9
3012,WALM019,45-54,Male,"Philadelphia, PA",Fashion accessories,152,8/13/20,Ewallet,7
3013,WALM060,55+,Male,"Atlanta, GA",Home and lifestyle,58,12/2/21,Ewallet,6
3014,WALM061,25-34,Male,"Nashville, TN",Fashion accessories,198,3/26/23,Ewallet,6
3015,WALM001,45-54,Male,"Seattle, WA",Home and lifestyle,180,1/16/20,Ewallet,7
3016,WALM077,25-34,Non-Binary,"Columbus, OH",Fashion accessories,42,8/11/21,Ewallet,4
3017,WALM043,35-44,Prefer Not to Say,"Little Rock, AR",Home and lifestyle,35,11/30/22,Ewallet,6
3018,WALM076,55+,Male,"Birmingham, AL",Fashion accessories,134,6/2/22,Ewallet,6
3019,WALM067,35-44,Prefer Not to Say,"Los Angeles, CA",Home and lifestyle,225,6/1/20,Ewallet,5
3020,WALM066,55+,Prefer Not to Say,"Wilmington, DE",Fashion accessories,85,4/6/21,Ewallet,7
3021,WALM079,18-24,Female,"Fargo, ND",Home and lifestyle,64,9/8/20,Ewallet,5
3022,WALM058,35-44,Prefer Not to Say,"Burlington, VT",Fashion accessories,81,1/3/19,Ewallet,4
3023,WALM011,45-54,Non-Binary,"Baltimore, MD",Home and lifestyle,136,11/12/22,Ewallet,5
3024,WALM059,45-54,Prefer Not to Say,"Fargo, ND",Fashion accessories,84,12/19/20,Ewallet,9
3025,WALM017,45-54,Non-Binary,"Minneapolis, MN",Home and lifestyle,105,3/28/19,Ewallet,8
3026,WALM079,55+,Male,"Newark, NJ",Fashion accessories,105,3/8/20,Ewallet,7
3027,WALM036,35-44,Female,"Omaha, NE",Home and lifestyle,255,2/8/21,Ewallet,6
3028,WALM018,45-54,Female,"Wilmington, DE",Fashion accessories,82,2/23/20,Ewallet,5
3029,WALM001,55+,Non-Binary,"Portland, ME",Home and lifestyle,177,4/26/22,Ewallet,7
3030,WALM044,25-34,Male,"Charleston, SC",Fashion accessories,129,1/26/23,Ewallet,6
3031,WALM004,45-54,Female,"Milwaukee, WI",Home and lifestyle,46,1/8/21,Ewallet,6
3032,WALM023,45-54,Prefer Not to Say,"Hartford, CT",Fashion accessories,142,3/25/19,Ewallet,6
3033,WALM053,35-44,Non-Binary,"Orlando, FL",Home and lifestyle,85,5/9/23,Ewallet,8
3034,WALM002,18-24,Male,"Des Moines, IA",Fashion accessories,108,5/17/22,Ewallet,7
3035,WALM026,35-44,Female,"Oklahoma City, OK",Home and lifestyle,168,9/13/21,Ewallet,9
3036,WALM064,35-44,Prefer Not to Say,"Omaha, NE",Fashion accessories,57,7/15/20,Ewallet,5
3037,WALM042,35-44,Male,"Wilmington, DE",Home and lifestyle,108,3/4/20,Ewallet,9
3038,WALM080,55+,Male,"Sioux Falls, SD",Fashion accessories,123,2/1/23,Ewallet,9
3039,WALM020,45-54,Prefer Not to Say,"Columbus, OH",Home and lifestyle,32,8/3/23,Ewallet,9
3040,WALM095,55+,Male,"Louisville, KY",Fashion accessories,100,6/7/20,Ewallet,8
3041,WALM037,55+,Prefer Not to Say,"Atlanta, GA",Home and lifestyle,57,4/17/21,Ewallet,4
3042,WALM069,45-54,Prefer Not to Say,"Fargo, ND",Fashion accessories,20,6/15/19,Ewallet,9
3043,WALM085,18-24,Non-Binary,"Fargo, ND",Home and lifestyle,83,11/29/21,Ewallet,9
3044,WALM048,35-44,Male,"Cheyenne, WY",Fashion accessories,54,3/20/23,Ewallet,4
3045,WALM024,25-34,Non-Binary,"Charlotte, NC",Home and lifestyle,129,3/15/21,Ewallet,4
3046,WALM018,18-24,Non-Binary,"Virginia Beach, VA",Fashion accessories,105,7/8/21,Ewallet,9
3047,WALM061,45-54,Female,"Oklahoma City, OK",Home and lifestyle,177,11/25/23,Ewallet,7
3048,WALM063,55+,Prefer Not to Say,"Baltimore, MD",Fashion accessories,126,11/21/20,Ewallet,6
3049,WALM096,25-34,Female,"Virginia Beach, VA",Home and lifestyle,201,7/27/22,Ewallet,5
3050,WALM004,25-34,Female,"Portland, OR",Fashion accessories,216,11/29/20,Ewallet,4
3051,WALM093,35-44,Male,"Salt Lake City, UT",Home and lifestyle,40,5/29/23,Ewallet,8
3052,WALM091,55+,Male,"Billings, MT",Fashion accessories,81,11/15/22,Ewallet,4
3053,WALM016,55+,Non-Binary,"Newark, NJ",Home and lifestyle,186,11/20/23,Ewallet,5
3054,WALM069,25-34,Prefer Not to Say,"New Orleans, LA",Fashion accessories,56,3/8/21,Ewallet,7
3055,WALM006,35-44,Prefer Not to Say,"Honolulu, HI",Home and lifestyle,48,7/22/22,Ewallet,9
3056,WALM023,45-54,Prefer Not to Say,"Charlotte, NC",Fashion accessories,66,7/18/22,Ewallet,5
3057,WALM013,35-44,Prefer Not to Say,"Minneapolis, MN",Home and lifestyle,36,9/1/21,Ewallet,6
3058,WALM036,18-24,Male,"Nashville, TN",Fashion accessories,22,10/10/19,Ewallet,9
3059,WALM052,18-24,Non-Binary,"Hartford, CT",Home and lifestyle,186,12/9/21,Ewallet,8
3060,WALM052,55+,Female,"St. Louis, MO",Fashion accessories,21,9/13/21,Ewallet,6
3061,WALM005,45-54,Prefer Not to Say,"Orlando, FL",Home and lifestyle,129,6/14/19,Ewallet,6
3062,WALM078,45-54,Non-Binary,"Providence, RI",Fashion accessories,15,10/12/22,Ewallet,9
3063,WALM049,45-54,Prefer Not to Say,"Orlando, FL",Home and lifestyle,216,5/14/19,Ewallet,9
3064,WALM063,25-34,Non-Binary,"Philadelphia, PA",Fashion accessories,92,11/10/19,Ewallet,9
3065,WALM030,55+,Non-Binary,"Billings, MT",Home and lifestyle,34,2/21/21,Ewallet,9
3066,WALM076,25-34,Prefer Not to Say,"St. Louis, MO",Fashion accessories,122,7/5/20,Ewallet,9
3067,WALM047,18-24,Male,"Chicago, IL",Home and lifestyle,45,12/14/21,Ewallet,8
3068,WALM026,55+,Male,"Oklahoma City, OK",Fashion accessories,24,5/28/21,Ewallet,8
3069,WALM015,55+,Prefer Not to Say,"Orlando, FL",Home and lifestyle,164,12/30/20,Ewallet,7
3070,WALM027,55+,Prefer Not to Say,"Albuquerque, NM",Fashion accessories,82,9/6/20,Ewallet,8
3071,WALM020,18-24,Female,"Detroit, MI",Home and lifestyle,33,9/25/19,Ewallet,6
3072,WALM058,35-44,Male,"Indianapolis, IN",Fashion accessories,160,11/3/19,Ewallet,9
3073,WALM031,18-24,Prefer Not to Say,"Providence, RI",Home and lifestyle,17,2/27/21,Ewallet,4
3074,WALM048,18-24,Female,"Charleston, SC",Fashion accessories,15,11/30/21,Ewallet,7
3075,WALM044,25-34,Non-Binary,"Fargo, ND",Home and lifestyle,19,7/4/19,Ewallet,6
3076,WALM012,25-34,Prefer Not to Say,"Burlington, VT",Fashion accessories,234,6/23/19,Ewallet,7
3077,WALM060,45-54,Female,"Las Vegas, NV",Home and lifestyle,136,10/15/20,Ewallet,5
3078,WALM047,45-54,Female,"Billings, MT",Fashion accessories,114,11/7/19,Ewallet,6
3079,WALM076,45-54,Female,"Charleston, SC",Home and lifestyle,219,1/27/23,Ewallet,7
3080,WALM098,35-44,Male,"Chicago, IL",Fashion accessories,74,1/10/23,Ewallet,5
3081,WALM007,55+,Prefer Not to Say,"Newark, NJ",Home and lifestyle,40,2/29/20,Ewallet,5
3082,WALM059,55+,Prefer Not to Say,"Charlotte, NC",Fashion accessories,54,11/21/21,Ewallet,7
3083,WALM078,45-54,Prefer Not to Say,"Billings, MT",Home and lifestyle,60,2/9/23,Ewallet,9
3084,WALM083,45-54,Prefer Not to Say,"Detroit, MI",Fashion accessories,99,9/24/22,Ewallet,5
3085,WALM017,55+,Non-Binary,"Detroit, MI",Home and lifestyle,51,3/22/23,Ewallet,6
3086,WALM011,25-34,Prefer Not to Say,"Columbus, OH",Fashion accessories,73,8/27/22,Ewallet,9
3087,WALM077,18-24,Prefer Not to Say,"Boston, MA",Home and lifestyle,63,5/25/22,Ewallet,9
3088,WALM041,35-44,Male,"Fargo, ND",Fashion accessories,54,1/12/19,Ewallet,9
3089,WALM022,45-54,Female,"Little Rock, AR",Home and lifestyle,81,3/21/22,Ewallet,5
3090,WALM039,45-54,Male,"Cheyenne, WY",Fashion accessories,36,5/27/23,Ewallet,9
3091,WALM001,35-44,Male,"Omaha, NE",Home and lifestyle,47,2/17/22,Ewallet,4
3092,WALM085,55+,Male,"Providence, RI",Fashion accessories,204,9/23/22,Ewallet,9
3093,WALM067,45-54,Female,"Portland, ME",Home and lifestyle,192,1/6/21,Ewallet,6
3094,WALM002,45-54,Female,"Omaha, NE",Fashion accessories,213,3/21/23,Ewallet,6
3095,WALM093,45-54,Non-Binary,"Houston, TX",Home and lifestyle,252,1/21/21,Ewallet,7
3096,WALM001,35-44,Non-Binary,"Baltimore, MD",Fashion accessories,87,9/2/23,Ewallet,4
3097,WALM060,18-24,Prefer Not to Say,"Burlington, VT",Home and lifestyle,60,3/13/19,Ewallet,8
3098,WALM024,18-24,Female,"Detroit, MI",Fashion accessories,56,2/13/20,Ewallet,5
3099,WALM026,55+,Female,"Atlanta, GA",Home and lifestyle,94,2/28/22,Ewallet,5
3100,WALM083,55+,Male,"Fargo, ND",Fashion accessories,124,1/11/20,Ewallet,7
3101,WALM093,18-24,Female,"Oklahoma City, OK",Home and lifestyle,63,7/11/23,Ewallet,9
3102,WALM042,35-44,Prefer Not to Say,"Billings, MT",Fashion accessories,81,4/14/21,Ewallet,8
3103,WALM002,18-24,Female,"Denver, CO",Home and lifestyle,83,6/4/22,Ewallet,8
3104,WALM057,45-54,Female,"Houston, TX",Fashion accessories,138,10/23/21,Ewallet,4
3105,WALM033,25-34,Male,"Orlando, FL",Home and lifestyle,54,2/5/22,Ewallet,9
3106,WALM066,18-24,Female,"Little Rock, AR",Fashion accessories,32,5/24/23,Ewallet,7
3107,WALM092,18-24,Non-Binary,"Columbus, OH",Home and lifestyle,18,9/19/22,Ewallet,8
3108,WALM022,35-44,Male,"Cheyenne, WY",Fashion accessories,234,8/30/23,Ewallet,5
3109,WALM005,25-34,Female,"Sioux Falls, SD",Home and lifestyle,62,9/18/19,Ewallet,5
3110,WALM039,35-44,Female,"Los Angeles, CA",Fashion accessories,15,1/17/20,Ewallet,9
3111,WALM004,35-44,Male,"Chicago, IL",Home and lifestyle,64,5/17/23,Ewallet,6
3112,WALM079,25-34,Non-Binary,"Cheyenne, WY",Fashion accessories,111,11/24/22,Ewallet,5
3113,WALM085,55+,Non-Binary,"Seattle, WA",Home and lifestyle,54,4/23/20,Ewallet,4
3114,WALM021,45-54,Female,"Orlando, FL",Fashion accessories,74,7/18/19,Ewallet,6
3115,WALM001,18-24,Non-Binary,"Sioux Falls, SD",Home and lifestyle,35,9/3/19,Ewallet,4
3116,WALM010,18-24,Female,"Los Angeles, CA",Fashion accessories,204,4/14/20,Ewallet,7
3117,WALM037,35-44,Non-Binary,"Sioux Falls, SD",Home and lifestyle,28,10/4/20,Ewallet,7
3118,WALM062,45-54,Female,"Seattle, WA",Fashion accessories,189,7/22/23,Ewallet,8
3119,WALM047,55+,Male,"Atlanta, GA",Home and lifestyle,148,7/16/20,Ewallet,4
3120,WALM093,55+,Male,"Columbus, OH",Fashion accessories,110,5/16/19,Ewallet,7
3121,WALM005,45-54,Female,"Milwaukee, WI",Home and lifestyle,54,4/15/20,Ewallet,9
3122,WALM045,18-24,Female,"Portland, ME",Fashion accessories,168,7/11/23,Credit card,8
3123,WALM048,35-44,Prefer Not to Say,"Charleston, SC",Home and lifestyle,30,9/2/21,Ewallet,8
3124,WALM098,25-34,Prefer Not to Say,"Oklahoma City, OK",Fashion accessories,98,2/21/21,Ewallet,6
3125,WALM068,55+,Non-Binary,"New York City, NY",Home and lifestyle,100,12/31/20,Ewallet,4
3126,WALM011,25-34,Prefer Not to Say,"Milwaukee, WI",Fashion accessories,156,12/25/23,Ewallet,8
3127,WALM008,35-44,Female,"Las Vegas, NV",Home and lifestyle,171,6/13/21,Ewallet,8
3128,WALM033,55+,Non-Binary,"Wilmington, DE",Fashion accessories,21,3/1/23,Ewallet,8
3129,WALM007,25-34,Non-Binary,"Louisville, KY",Home and lifestyle,40,5/6/23,Ewallet,8
3130,WALM079,25-34,Female,"Minneapolis, MN",Fashion accessories,63,1/11/22,Ewallet,5
3131,WALM034,45-54,Male,"Newark, NJ",Home and lifestyle,27,5/8/23,Ewallet,4
3132,WALM005,55+,Female,"Atlanta, GA",Fashion accessories,171,10/18/20,Ewallet,7
3133,WALM004,35-44,Female,"Little Rock, AR",Home and lifestyle,246,12/21/20,Ewallet,6
3134,WALM040,35-44,Male,"Omaha, NE",Fashion accessories,170,11/21/21,Ewallet,4
3135,WALM096,18-24,Female,"Birmingham, AL",Home and lifestyle,85,8/4/20,Ewallet,8
3136,WALM088,18-24,Prefer Not to Say,"Boise, ID",Fashion accessories,116,9/12/22,Ewallet,4
3137,WALM071,18-24,Male,"Jackson, MS",Home and lifestyle,108,12/3/20,Ewallet,6
3138,WALM060,18-24,Male,"Anchorage, AK",Fashion accessories,86,3/19/22,Ewallet,6
3139,WALM017,55+,Non-Binary,"Sioux Falls, SD",Home and lifestyle,135,11/20/22,Ewallet,6
3140,WALM053,25-34,Female,"St. Louis, MO",Fashion accessories,40,4/11/21,Ewallet,4
3141,WALM091,25-34,Prefer Not to Say,"Boise, ID",Home and lifestyle,98,3/16/20,Ewallet,6
3142,WALM004,18-24,Male,"Billings, MT",Fashion accessories,134,3/2/21,Ewallet,6
3143,WALM042,25-34,Male,"Virginia Beach, VA",Home and lifestyle,75,9/5/23,Ewallet,6
3144,WALM092,25-34,Non-Binary,"Newark, NJ",Fashion accessories,183,8/11/19,Ewallet,6
3145,WALM045,25-34,Female,"Wichita, KS",Home and lifestyle,192,3/20/21,Credit card,8
3146,WALM053,35-44,Male,"Cheyenne, WY",Fashion accessories,77,2/10/19,Ewallet,7
3147,WALM083,18-24,Prefer Not to Say,"Denver, CO",Home and lifestyle,170,9/29/20,Ewallet,8
3148,WALM001,35-44,Male,"Indianapolis, IN",Fashion accessories,54,8/16/19,Ewallet,5
3149,WALM094,55+,Prefer Not to Say,"Virginia Beach, VA",Home and lifestyle,60,9/10/20,Ewallet,6
3150,WALM023,35-44,Male,"Billings, MT",Fashion accessories,234,3/22/19,Ewallet,9
3151,WALM051,45-54,Female,"Nashville, TN",Home and lifestyle,64,6/19/22,Ewallet,8
3152,WALM019,55+,Prefer Not to Say,"Chicago, IL",Fashion accessories,126,9/3/21,Ewallet,7
3153,WALM011,35-44,Female,"Providence, RI",Home and lifestyle,174,8/19/20,Ewallet,8
3154,WALM015,55+,Female,"Charleston, SC",Fashion accessories,124,12/22/22,Ewallet,5
3155,WALM008,25-34,Female,"Atlanta, GA",Home and lifestyle,156,2/22/22,Ewallet,6
3156,WALM049,55+,Non-Binary,"Hartford, CT",Fashion accessories,129,6/1/21,Ewallet,5
3157,WALM040,35-44,Prefer Not to Say,"Baltimore, MD",Home and lifestyle,21,4/8/22,Ewallet,4
3158,WALM057,25-34,Non-Binary,"Cheyenne, WY",Fashion accessories,90,10/20/23,Ewallet,4
3159,WALM076,55+,Prefer Not to Say,"Philadelphia, PA",Home and lifestyle,141,4/24/20,Ewallet,8
3160,WALM053,55+,Prefer Not to Say,"Chicago, IL",Fashion accessories,42,12/1/22,Ewallet,9
3161,WALM064,55+,Male,"Orlando, FL",Home and lifestyle,63,9/6/22,Ewallet,9
3162,WALM007,18-24,Prefer Not to Say,"Los Angeles, CA",Fashion accessories,102,2/28/19,Ewallet,8
3163,WALM061,25-34,Non-Binary,"Sioux Falls, SD",Home and lifestyle,162,5/17/23,Ewallet,5
3164,WALM100,55+,Prefer Not to Say,"Philadelphia, PA",Fashion accessories,51,11/18/19,Ewallet,6
3165,WALM080,35-44,Male,"Charleston, WV",Home and lifestyle,102,12/16/19,Ewallet,6
3166,WALM071,55+,Female,"Manchester, NH",Fashion accessories,60,4/25/21,Ewallet,8
3167,WALM047,35-44,Non-Binary,"Charleston, WV",Home and lifestyle,66,11/29/20,Ewallet,7
3168,WALM052,35-44,Non-Binary,"Las Vegas, NV",Fashion accessories,43,7/31/21,Ewallet,7
3169,WALM015,55+,Female,"Des Moines, IA",Home and lifestyle,126,7/17/21,Ewallet,5
3170,WALM063,25-34,Female,"Boise, ID",Fashion accessories,159,11/11/22,Ewallet,4
3171,WALM047,35-44,Prefer Not to Say,"Phoenix, AZ",Home and lifestyle,213,6/9/21,Ewallet,6
3172,WALM076,55+,Female,"Phoenix, AZ",Fashion accessories,24,6/30/19,Ewallet,8
3173,WALM012,25-34,Female,"Las Vegas, NV",Home and lifestyle,216,5/24/23,Ewallet,4
3174,WALM071,25-34,Male,"Minneapolis, MN",Fashion accessories,74,12/5/22,Ewallet,4
3175,WALM059,25-34,Male,"Chicago, IL",Home and lifestyle,132,5/18/20,Ewallet,6
3176,WALM026,45-54,Prefer Not to Say,"Houston, TX",Fashion accessories,123,2/7/21,Ewallet,5
3177,WALM018,18-24,Prefer Not to Say,"Milwaukee, WI",Home and lifestyle,36,1/28/20,Ewallet,6
3178,WALM096,45-54,Female,"Portland, ME",Fashion accessories,106,4/17/22,Ewallet,9
3179,WALM062,25-34,Male,"New York City, NY",Home and lifestyle,80,10/14/22,Ewallet,6
3180,WALM049,55+,Female,"Billings, MT",Fashion accessories,36,1/27/19,Ewallet,6
3181,WALM027,35-44,Non-Binary,"Orlando, FL",Home and lifestyle,82,10/31/21,Ewallet,4
3182,WALM057,55+,Male,"Houston, TX",Fashion accessories,138,8/7/19,Ewallet,6
3183,WALM039,25-34,Prefer Not to Say,"Portland, OR",Home and lifestyle,52,3/8/19,Ewallet,8
3184,WALM014,55+,Male,"Portland, ME",Fashion accessories,144,10/16/21,Ewallet,7
3185,WALM058,35-44,Female,"Oklahoma City, OK",Home and lifestyle,160,3/9/21,Ewallet,9
3186,WALM009,35-44,Non-Binary,"Anchorage, AK",Fashion accessories,75,12/13/21,Ewallet,6
3187,WALM096,18-24,Non-Binary,"Billings, MT",Home and lifestyle,50,3/5/22,Ewallet,6
3188,WALM081,35-44,Female,"Billings, MT",Fashion accessories,111,1/21/23,Ewallet,9
3189,WALM004,55+,Male,"Providence, RI",Home and lifestyle,72,1/15/21,Ewallet,6
3190,WALM085,18-24,Female,"Chicago, IL",Fashion accessories,42,4/15/23,Ewallet,6
3191,WALM016,35-44,Female,"Billings, MT",Home and lifestyle,60,8/8/19,Ewallet,5
3192,WALM057,45-54,Male,"Los Angeles, CA",Fashion accessories,69,10/16/20,Ewallet,5
3193,WALM005,18-24,Male,"Philadelphia, PA",Home and lifestyle,105,2/17/19,Ewallet,9
3194,WALM022,18-24,Female,"Minneapolis, MN",Fashion accessories,144,7/3/21,Ewallet,4
3195,WALM028,25-34,Prefer Not to Say,"Philadelphia, PA",Home and lifestyle,112,6/16/23,Ewallet,6
3196,WALM015,25-34,Female,"New York City, NY",Fashion accessories,40,11/13/20,Ewallet,5
3197,WALM085,25-34,Female,"Denver, CO",Home and lifestyle,153,1/6/20,Ewallet,7
3198,WALM063,55+,Non-Binary,"Charleston, WV",Fashion accessories,47,1/11/22,Ewallet,9
3199,WALM022,45-54,Non-Binary,"Fargo, ND",Home and lifestyle,123,1/4/22,Ewallet,5
3200,WALM096,45-54,Non-Binary,"Fargo, ND",Fashion accessories,82,1/27/19,Ewallet,9
3201,WALM017,18-24,Prefer Not to Say,"Minneapolis, MN",Home and lifestyle,90,12/27/23,Ewallet,5
3202,WALM019,18-24,Female,"Charleston, SC",Fashion accessories,67,6/12/19,Ewallet,9
3203,WALM097,35-44,Female,"Newark, NJ",Home and lifestyle,34,1/3/22,Ewallet,8
3204,WALM021,45-54,Male,"Denver, CO",Fashion accessories,80,9/1/19,Ewallet,8
3205,WALM043,45-54,Non-Binary,"Cheyenne, WY",Home and lifestyle,22,2/4/21,Ewallet,4
3206,WALM053,55+,Non-Binary,"Fargo, ND",Fashion accessories,141,1/4/20,Ewallet,6
3207,WALM018,25-34,Male,"Charlotte, NC",Home and lifestyle,51,9/21/21,Ewallet,7
3208,WALM030,35-44,Male,"Cheyenne, WY",Fashion accessories,58,3/20/22,Ewallet,4
3209,WALM063,18-24,Female,"Salt Lake City, UT",Home and lifestyle,64,1/28/19,Ewallet,6
3210,WALM043,18-24,Female,"Birmingham, AL",Fashion accessories,30,8/18/22,Ewallet,6
3211,WALM097,45-54,Female,"Cheyenne, WY",Home and lifestyle,37,11/25/21,Ewallet,4
3212,WALM078,45-54,Prefer Not to Say,"Orlando, FL",Fashion accessories,159,5/10/23,Ewallet,7
3213,WALM043,18-24,Non-Binary,"Baltimore, MD",Home and lifestyle,112,9/17/19,Ewallet,8
3214,WALM077,55+,Female,"Charleston, SC",Fashion accessories,144,10/5/19,Ewallet,6
3215,WALM100,45-54,Non-Binary,"Wichita, KS",Home and lifestyle,60,8/21/20,Ewallet,4
3216,WALM018,25-34,Prefer Not to Say,"Boston, MA",Fashion accessories,40,12/15/23,Ewallet,6
3217,WALM012,35-44,Prefer Not to Say,"Columbus, OH",Home and lifestyle,57,11/10/22,Ewallet,4
3218,WALM095,55+,Male,"Orlando, FL",Fashion accessories,132,9/27/21,Ewallet,6
3219,WALM028,45-54,Prefer Not to Say,"Columbus, OH",Home and lifestyle,54,5/19/22,Ewallet,5
3220,WALM066,35-44,Prefer Not to Say,"New York City, NY",Fashion accessories,240,1/17/21,Ewallet,7
3221,WALM070,18-24,Prefer Not to Say,"Phoenix, AZ",Home and lifestyle,50,4/8/23,Ewallet,7
3222,WALM062,55+,Non-Binary,"Cheyenne, WY",Fashion accessories,174,4/26/23,Ewallet,7
3223,WALM036,25-34,Female,"Jackson, MS",Home and lifestyle,31,10/14/23,Ewallet,5
3224,WALM083,25-34,Prefer Not to Say,"Phoenix, AZ",Fashion accessories,29,4/10/20,Ewallet,7
3225,WALM001,45-54,Prefer Not to Say,"Portland, OR",Home and lifestyle,93,10/14/22,Ewallet,6
3226,WALM017,45-54,Non-Binary,"Minneapolis, MN",Fashion accessories,255,8/12/20,Ewallet,5
3227,WALM037,25-34,Prefer Not to Say,"Detroit, MI",Home and lifestyle,166,6/17/21,Ewallet,4
3228,WALM005,45-54,Female,"Indianapolis, IN",Fashion accessories,25,10/15/22,Ewallet,5
3229,WALM044,35-44,Male,"Oklahoma City, OK",Home and lifestyle,120,1/11/19,Ewallet,7
3230,WALM068,25-34,Prefer Not to Say,"Louisville, KY",Fashion accessories,228,6/24/19,Ewallet,7
3231,WALM008,35-44,Prefer Not to Say,"Boise, ID",Home and lifestyle,114,11/16/23,Ewallet,8
3232,WALM010,55+,Non-Binary,"Des Moines, IA",Fashion accessories,222,6/11/23,Ewallet,6
3233,WALM094,45-54,Female,"Chicago, IL",Home and lifestyle,153,8/24/21,Ewallet,4
3234,WALM013,35-44,Female,"Omaha, NE",Fashion accessories,105,6/1/21,Ewallet,5
3235,WALM077,35-44,Male,"Oklahoma City, OK",Home and lifestyle,40,5/27/20,Ewallet,7
3236,WALM088,55+,Prefer Not to Say,"Wichita, KS",Fashion accessories,65,11/28/23,Ewallet,5
3237,WALM020,18-24,Non-Binary,"Birmingham, AL",Home and lifestyle,192,12/17/23,Ewallet,8
3238,WALM062,18-24,Prefer Not to Say,"Manchester, NH",Fashion accessories,61,3/31/22,Ewallet,4
3239,WALM004,18-24,Prefer Not to Say,"Virginia Beach, VA",Home and lifestyle,16,2/11/21,Ewallet,6
3240,WALM063,25-34,Female,"Virginia Beach, VA",Fashion accessories,68,11/11/20,Ewallet,7
3241,WALM080,35-44,Female,"Providence, RI",Home and lifestyle,210,1/7/23,Ewallet,8
3242,WALM042,25-34,Female,"Portland, OR",Fashion accessories,76,6/5/19,Ewallet,4
3243,WALM061,35-44,Male,"Honolulu, HI",Home and lifestyle,168,9/2/22,Ewallet,8
3244,WALM066,55+,Non-Binary,"Boise, ID",Fashion accessories,36,1/8/21,Ewallet,7
3245,WALM044,45-54,Non-Binary,"Louisville, KY",Home and lifestyle,71,4/12/23,Ewallet,5
3246,WALM076,25-34,Female,"Houston, TX",Fashion accessories,132,2/26/20,Ewallet,6
3247,WALM093,35-44,Male,"Portland, OR",Home and lifestyle,27,9/17/19,Ewallet,7
3248,WALM031,35-44,Female,"Little Rock, AR",Fashion accessories,52,5/17/22,Ewallet,7
3249,WALM071,35-44,Female,"Wichita, KS",Home and lifestyle,69,2/15/21,Ewallet,5
3250,WALM027,35-44,Prefer Not to Say,"Los Angeles, CA",Fashion accessories,102,4/26/23,Ewallet,9
3251,WALM041,18-24,Female,"Orlando, FL",Home and lifestyle,71,8/8/23,Ewallet,6
3252,WALM030,35-44,Female,"Virginia Beach, VA",Fashion accessories,30,6/26/19,Ewallet,7
3253,WALM024,18-24,Male,"Burlington, VT",Home and lifestyle,240,9/2/22,Ewallet,4
3254,WALM071,25-34,Male,"Billings, MT",Fashion accessories,54,8/28/22,Ewallet,5
3255,WALM004,25-34,Male,"St. Louis, MO",Home and lifestyle,30,10/7/23,Ewallet,6
3256,WALM072,25-34,Prefer Not to Say,"Minneapolis, MN",Fashion accessories,16,12/20/19,Ewallet,7
3257,WALM067,45-54,Non-Binary,"Jackson, MS",Home and lifestyle,108,12/14/20,Ewallet,6
3258,WALM077,45-54,Male,"Orlando, FL",Fashion accessories,116,2/5/21,Ewallet,8
3259,WALM070,18-24,Prefer Not to Say,"Baltimore, MD",Home and lifestyle,63,8/12/20,Ewallet,5
3260,WALM058,45-54,Non-Binary,"Salt Lake City, UT",Fashion accessories,87,6/4/21,Ewallet,8
3261,WALM067,35-44,Non-Binary,"Seattle, WA",Home and lifestyle,62,7/28/20,Ewallet,9
3262,WALM009,35-44,Prefer Not to Say,"New Orleans, LA",Fashion accessories,66,12/23/21,Ewallet,8
3263,WALM060,25-34,Non-Binary,"Albuquerque, NM",Home and lifestyle,45,6/21/23,Ewallet,8
3264,WALM098,25-34,Non-Binary,"Houston, TX",Fashion accessories,72,8/20/22,Ewallet,6
3265,WALM022,18-24,Female,"Little Rock, AR",Home and lifestyle,204,9/22/20,Ewallet,6
3266,WALM093,35-44,Non-Binary,"Charleston, SC",Fashion accessories,52,9/28/19,Ewallet,8
3267,WALM094,55+,Prefer Not to Say,"Charleston, SC",Home and lifestyle,44,1/1/22,Ewallet,9
3268,WALM059,55+,Prefer Not to Say,"Anchorage, AK",Fashion accessories,52,11/14/21,Ewallet,5
3269,WALM080,25-34,Female,"Providence, RI",Home and lifestyle,90,4/5/20,Ewallet,5
3270,WALM066,55+,Non-Binary,"Portland, OR",Fashion accessories,204,1/27/19,Ewallet,8
3271,WALM094,18-24,Male,"Milwaukee, WI",Home and lifestyle,198,8/14/23,Ewallet,5
3272,WALM017,45-54,Female,"Newark, NJ",Fashion accessories,222,1/24/20,Ewallet,8
3273,WALM028,35-44,Prefer Not to Say,"Philadelphia, PA",Home and lifestyle,45,6/11/23,Ewallet,6
3274,WALM096,35-44,Prefer Not to Say,"Billings, MT",Fashion accessories,186,5/15/21,Ewallet,5
3275,WALM096,45-54,Non-Binary,"Philadelphia, PA",Home and lifestyle,164,1/20/21,Ewallet,8
3276,WALM012,45-54,Male,"Wilmington, DE",Fashion accessories,68,2/28/20,Ewallet,4
3277,WALM095,35-44,Prefer Not to Say,"Louisville, KY",Home and lifestyle,60,1/27/19,Ewallet,6
3278,WALM011,35-44,Female,"Orlando, FL",Fashion accessories,46,8/10/22,Ewallet,7
3279,WALM064,25-34,Prefer Not to Say,"Manchester, NH",Home and lifestyle,219,10/1/22,Ewallet,5
3280,WALM045,55+,Prefer Not to Say,"Baltimore, MD",Fashion accessories,80,12/25/20,Credit card,6
3281,WALM047,55+,Female,"Orlando, FL",Home and lifestyle,25,10/20/23,Ewallet,7
3282,WALM037,35-44,Prefer Not to Say,"Atlanta, GA",Fashion accessories,255,8/26/21,Ewallet,8
3283,WALM098,18-24,Non-Binary,"Portland, ME",Home and lifestyle,66,8/6/21,Ewallet,8
3284,WALM078,55+,Male,"Fargo, ND",Fashion accessories,82,9/7/19,Ewallet,6
3285,WALM077,35-44,Male,"Anchorage, AK",Home and lifestyle,16,7/8/22,Ewallet,4
3286,WALM064,25-34,Female,"Charlotte, NC",Fashion accessories,150,3/2/23,Ewallet,9
3287,WALM044,25-34,Non-Binary,"Des Moines, IA",Home and lifestyle,69,7/28/23,Ewallet,6
3288,WALM016,45-54,Prefer Not to Say,"Jackson, MS",Fashion accessories,102,2/6/20,Ewallet,8
3289,WALM071,25-34,Female,"Sioux Falls, SD",Home and lifestyle,57,6/6/19,Ewallet,7
3290,WALM079,55+,Non-Binary,"Charlotte, NC",Fashion accessories,21,12/18/20,Ewallet,9
3291,WALM026,18-24,Non-Binary,"New Orleans, LA",Home and lifestyle,92,4/22/20,Ewallet,6
3292,WALM006,35-44,Prefer Not to Say,"Wilmington, DE",Fashion accessories,78,11/7/22,Ewallet,8
3293,WALM018,55+,Female,"Denver, CO",Home and lifestyle,66,2/27/21,Ewallet,7
3294,WALM015,35-44,Prefer Not to Say,"Anchorage, AK",Fashion accessories,51,1/6/19,Ewallet,4
3295,WALM053,55+,Prefer Not to Say,"Wichita, KS",Home and lifestyle,102,10/14/22,Ewallet,7
3296,WALM014,18-24,Female,"Cheyenne, WY",Fashion accessories,222,11/28/21,Ewallet,8
3297,WALM080,35-44,Prefer Not to Say,"Nashville, TN",Home and lifestyle,85,5/30/22,Ewallet,7
3298,WALM093,25-34,Non-Binary,"Chicago, IL",Fashion accessories,222,1/25/19,Ewallet,5
3299,WALM012,55+,Female,"Salt Lake City, UT",Home and lifestyle,165,7/24/23,Ewallet,6
3300,WALM081,25-34,Prefer Not to Say,"Atlanta, GA",Fashion accessories,116,4/24/23,Ewallet,4
3301,WALM028,18-24,Male,"Columbus, OH",Home and lifestyle,45,10/3/22,Ewallet,5
3302,WALM096,45-54,Prefer Not to Say,"Omaha, NE",Fashion accessories,84,4/2/21,Ewallet,5
3303,WALM091,45-54,Male,"Hartford, CT",Home and lifestyle,82,9/3/23,Ewallet,8
3304,WALM030,25-34,Prefer Not to Say,"Providence, RI",Fashion accessories,57,2/22/20,Ewallet,4
3305,WALM051,45-54,Male,"Oklahoma City, OK",Home and lifestyle,60,11/22/23,Ewallet,5
3306,WALM030,35-44,Prefer Not to Say,"Detroit, MI",Fashion accessories,228,4/27/19,Ewallet,4
3307,WALM041,35-44,Prefer Not to Say,"Houston, TX",Home and lifestyle,124,12/17/22,Ewallet,6
3308,WALM002,25-34,Non-Binary,"Salt Lake City, UT",Fashion accessories,27,3/22/19,Ewallet,7
3309,WALM017,45-54,Non-Binary,"Wilmington, DE",Home and lifestyle,192,10/1/23,Ewallet,7
3310,WALM072,55+,Prefer Not to Say,"Newark, NJ",Fashion accessories,21,7/8/21,Ewallet,9
3311,WALM015,55+,Non-Binary,"Portland, OR",Home and lifestyle,30,7/14/23,Ewallet,9
3312,WALM021,35-44,Male,"Louisville, KY",Fashion accessories,174,3/14/19,Ewallet,8
3313,WALM004,35-44,Male,"St. Louis, MO",Home and lifestyle,148,11/7/23,Ewallet,8
3314,WALM083,25-34,Non-Binary,"Newark, NJ",Fashion accessories,43,12/21/22,Ewallet,4
3315,WALM047,25-34,Non-Binary,"Cheyenne, WY",Home and lifestyle,75,4/6/23,Ewallet,5
3316,WALM037,45-54,Female,"Orlando, FL",Fashion accessories,96,3/12/22,Ewallet,9
3317,WALM052,18-24,Non-Binary,"Portland, OR",Home and lifestyle,162,10/1/21,Ewallet,4
3318,WALM033,55+,Non-Binary,"Wichita, KS",Fashion accessories,82,9/25/22,Ewallet,4
3319,WALM012,45-54,Prefer Not to Say,"Oklahoma City, OK",Home and lifestyle,83,11/22/20,Ewallet,9
3320,WALM041,45-54,Male,"Las Vegas, NV",Fashion accessories,80,4/20/21,Ewallet,4
3321,WALM019,45-54,Male,"Burlington, VT",Home and lifestyle,84,6/7/19,Ewallet,9
3322,WALM053,35-44,Non-Binary,"Houston, TX",Fashion accessories,34,11/14/20,Ewallet,6
3323,WALM015,25-34,Prefer Not to Say,"Hartford, CT",Home and lifestyle,168,1/20/23,Ewallet,5
3324,WALM036,18-24,Non-Binary,"Cheyenne, WY",Fashion accessories,100,4/13/22,Ewallet,5
3325,WALM009,55+,Male,"Billings, MT",Home and lifestyle,180,8/17/23,Ewallet,7
3326,WALM058,55+,Prefer Not to Say,"Providence, RI",Fashion accessories,36,3/22/22,Ewallet,8
3327,WALM039,35-44,Female,"Phoenix, AZ",Home and lifestyle,56,3/8/22,Ewallet,4
3328,WALM006,35-44,Prefer Not to Say,"Des Moines, IA",Fashion accessories,164,8/8/20,Ewallet,7
3329,WALM048,35-44,Prefer Not to Say,"Boise, ID",Home and lifestyle,67,10/18/22,Ewallet,6
3330,WALM093,35-44,Female,"Chicago, IL",Fashion accessories,24,10/30/21,Ewallet,4
3331,WALM053,45-54,Non-Binary,"Los Angeles, CA",Home and lifestyle,34,4/22/21,Ewallet,8
3332,WALM067,35-44,Female,"Houston, TX",Fashion accessories,135,5/19/19,Ewallet,8
3333,WALM044,18-24,Female,"Newark, NJ",Home and lifestyle,76,2/3/19,Ewallet,8
3334,WALM002,55+,Male,"Omaha, NE",Fashion accessories,68,7/7/22,Ewallet,6
3335,WALM007,45-54,Female,"Wilmington, DE",Home and lifestyle,57,11/15/19,Ewallet,5
3336,WALM085,45-54,Prefer Not to Say,"Providence, RI",Fashion accessories,98,5/27/22,Ewallet,6
3337,WALM071,18-24,Non-Binary,"Providence, RI",Home and lifestyle,128,4/22/23,Ewallet,5
3338,WALM067,45-54,Prefer Not to Say,"Wichita, KS",Fashion accessories,171,10/11/19,Ewallet,6
3339,WALM008,45-54,Prefer Not to Say,"Atlanta, GA",Home and lifestyle,83,12/9/19,Ewallet,6
3340,WALM085,55+,Male,"Seattle, WA",Fashion accessories,66,5/4/22,Ewallet,9
3341,WALM040,35-44,Non-Binary,"Seattle, WA",Home and lifestyle,46,5/14/20,Ewallet,4
3342,WALM096,45-54,Female,"Anchorage, AK",Fashion accessories,83,9/5/23,Ewallet,6
3343,WALM062,18-24,Non-Binary,"Providence, RI",Home and lifestyle,66,4/4/20,Ewallet,8
3344,WALM081,35-44,Female,"St. Louis, MO",Fashion accessories,31,9/18/20,Ewallet,7
3345,WALM058,18-24,Male,"Boise, ID",Home and lifestyle,92,3/18/22,Ewallet,6
3346,WALM058,35-44,Prefer Not to Say,"Honolulu, HI",Fashion accessories,74,5/23/23,Ewallet,4
3347,WALM009,25-34,Non-Binary,"Charlotte, NC",Home and lifestyle,111,7/4/22,Ewallet,4
3348,WALM059,18-24,Non-Binary,"Providence, RI",Fashion accessories,69,5/17/21,Ewallet,5
3349,WALM036,55+,Female,"Chicago, IL",Home and lifestyle,30,6/24/21,Ewallet,7
3350,WALM096,35-44,Female,"Baltimore, MD",Fashion accessories,138,2/18/23,Ewallet,5
3351,WALM008,25-34,Prefer Not to Say,"Denver, CO",Home and lifestyle,66,12/29/22,Ewallet,6
3352,WALM059,45-54,Male,"Los Angeles, CA",Fashion accessories,168,7/26/21,Ewallet,9
3353,WALM096,18-24,Female,"Portland, OR",Home and lifestyle,87,11/3/23,Ewallet,9
3354,WALM094,55+,Male,"Honolulu, HI",Fashion accessories,24,11/23/22,Ewallet,8
3355,WALM094,55+,Female,"Houston, TX",Home and lifestyle,21,11/20/23,Ewallet,4
3356,WALM007,25-34,Male,"Billings, MT",Fashion accessories,92,2/12/20,Ewallet,7
3357,WALM005,45-54,Female,"Milwaukee, WI",Home and lifestyle,222,10/17/21,Ewallet,6
3358,WALM053,45-54,Male,"Portland, ME",Fashion accessories,140,8/29/19,Ewallet,6
3359,WALM024,35-44,Non-Binary,"Orlando, FL",Home and lifestyle,63,11/9/22,Ewallet,7
3360,WALM059,55+,Prefer Not to Say,"Albuquerque, NM",Fashion accessories,222,2/18/23,Ewallet,6
3361,WALM039,55+,Prefer Not to Say,"Fargo, ND",Home and lifestyle,102,11/14/21,Ewallet,7
3362,WALM085,45-54,Male,"Los Angeles, CA",Fashion accessories,50,10/27/23,Ewallet,6
3363,WALM057,35-44,Prefer Not to Say,"Jackson, MS",Home and lifestyle,64,9/17/23,Ewallet,9
3364,WALM030,25-34,Prefer Not to Say,"Houston, TX",Fashion accessories,45,7/4/21,Ewallet,6
3365,WALM007,45-54,Non-Binary,"New Orleans, LA",Home and lifestyle,222,2/8/23,Ewallet,9
3366,WALM045,18-24,Non-Binary,"Houston, TX",Fashion accessories,24,3/3/23,Credit card,7
3367,WALM095,25-34,Prefer Not to Say,"Virginia Beach, VA",Home and lifestyle,128,3/11/22,Ewallet,4
3368,WALM067,18-24,Female,"St. Louis, MO",Fashion accessories,80,6/3/20,Ewallet,8
3369,WALM094,25-34,Male,"Orlando, FL",Home and lifestyle,65,7/9/22,Ewallet,4
3370,WALM015,18-24,Female,"Hartford, CT",Fashion accessories,63,6/8/20,Ewallet,8
3371,WALM076,35-44,Female,"Atlanta, GA",Home and lifestyle,25,5/29/22,Ewallet,7
3372,WALM090,55+,Non-Binary,"Portland, OR",Fashion accessories,68,4/22/19,Ewallet,8
3373,WALM014,55+,Male,"Portland, ME",Home and lifestyle,75,9/7/23,Ewallet,5
3374,WALM076,25-34,Male,"Boise, ID",Fashion accessories,80,10/25/23,Ewallet,6
3375,WALM095,25-34,Prefer Not to Say,"Charleston, WV",Home and lifestyle,67,5/9/19,Ewallet,4
3376,WALM088,55+,Female,"Charlotte, NC",Fashion accessories,69,8/10/21,Ewallet,5
3377,WALM039,18-24,Female,"Denver, CO",Home and lifestyle,168,6/12/21,Ewallet,5
3378,WALM098,45-54,Non-Binary,"Billings, MT",Fashion accessories,66,10/31/23,Ewallet,7
3379,WALM076,45-54,Male,"Fargo, ND",Home and lifestyle,210,12/27/23,Ewallet,7
3380,WALM088,35-44,Male,"Baltimore, MD",Fashion accessories,240,1/23/23,Ewallet,4
3381,WALM069,55+,Prefer Not to Say,"Oklahoma City, OK",Home and lifestyle,74,5/18/23,Ewallet,4
3382,WALM022,45-54,Female,"Birmingham, AL",Fashion accessories,26,12/22/19,Ewallet,6
3383,WALM005,25-34,Female,"Birmingham, AL",Home and lifestyle,82,5/14/21,Ewallet,4
3384,WALM052,55+,Female,"Sioux Falls, SD",Fashion accessories,136,3/26/21,Ewallet,6
3385,WALM063,25-34,Prefer Not to Say,"Wichita, KS",Home and lifestyle,120,2/12/20,Ewallet,6
3386,WALM043,55+,Female,"Sioux Falls, SD",Fashion accessories,243,2/3/22,Ewallet,9
3387,WALM062,35-44,Prefer Not to Say,"Charlotte, NC",Home and lifestyle,255,2/7/20,Ewallet,9
3388,WALM001,35-44,Non-Binary,"Los Angeles, CA",Fashion accessories,138,3/25/21,Ewallet,5
3389,WALM068,18-24,Female,"St. Louis, MO",Home and lifestyle,37,4/25/22,Ewallet,7
3390,WALM094,25-34,Non-Binary,"Sioux Falls, SD",Fashion accessories,62,1/15/20,Ewallet,7
3391,WALM077,45-54,Male,"Portland, OR",Home and lifestyle,76,8/3/20,Ewallet,9
3392,WALM057,45-54,Prefer Not to Say,"Fargo, ND",Fashion accessories,126,11/30/21,Ewallet,7
3393,WALM067,45-54,Female,"Des Moines, IA",Home and lifestyle,38,2/18/20,Ewallet,7
3394,WALM031,25-34,Male,"Boston, MA",Fashion accessories,120,3/27/22,Ewallet,8
3395,WALM024,45-54,Male,"Albuquerque, NM",Home and lifestyle,80,2/11/20,Ewallet,5
3396,WALM091,35-44,Female,"Newark, NJ",Fashion accessories,15,1/23/21,Ewallet,8
3397,WALM021,45-54,Male,"Indianapolis, IN",Home and lifestyle,70,12/20/23,Ewallet,5
3398,WALM008,25-34,Prefer Not to Say,"Wilmington, DE",Fashion accessories,78,5/19/20,Ewallet,7
3399,WALM018,45-54,Male,"Oklahoma City, OK",Home and lifestyle,44,6/4/22,Ewallet,7
3400,WALM100,35-44,Female,"Charleston, SC",Fashion accessories,78,5/14/20,Ewallet,6
3401,WALM078,45-54,Male,"Orlando, FL",Home and lifestyle,61,8/25/20,Ewallet,6
3402,WALM061,35-44,Male,"Portland, OR",Fashion accessories,192,12/12/20,Ewallet,8
3403,WALM028,45-54,Prefer Not to Say,"Virginia Beach, VA",Home and lifestyle,124,10/20/22,Ewallet,4
3404,WALM045,25-34,Female,"Billings, MT",Fashion accessories,81,1/20/21,Credit card,9
3405,WALM008,35-44,Male,"Atlanta, GA",Home and lifestyle,152,6/13/23,Ewallet,9
3406,WALM064,18-24,Non-Binary,"Virginia Beach, VA",Fashion accessories,88,8/13/22,Ewallet,4
3407,WALM028,35-44,Female,"Denver, CO",Home and lifestyle,39,11/18/20,Ewallet,6
3408,WALM088,35-44,Male,"Charleston, WV",Fashion accessories,216,8/2/22,Ewallet,5
3409,WALM016,25-34,Male,"Columbus, OH",Home and lifestyle,30,11/4/22,Ewallet,4
3410,WALM037,25-34,Male,"Salt Lake City, UT",Fashion accessories,99,10/18/23,Ewallet,5
3411,WALM019,55+,Male,"Albuquerque, NM",Home and lifestyle,78,5/4/21,Ewallet,5
3412,WALM026,55+,Non-Binary,"Anchorage, AK",Fashion accessories,44,4/25/19,Ewallet,4
3413,WALM069,35-44,Male,"Minneapolis, MN",Home and lifestyle,79,12/1/19,Ewallet,9
3414,WALM064,55+,Female,"New York City, NY",Fashion accessories,170,11/28/21,Ewallet,9
3415,WALM047,55+,Non-Binary,"Portland, ME",Home and lifestyle,64,7/11/19,Ewallet,9
3416,WALM019,35-44,Non-Binary,"Chicago, IL",Fashion accessories,81,2/11/19,Ewallet,5
3417,WALM061,45-54,Female,"Boise, ID",Home and lifestyle,44,7/8/21,Ewallet,5
3418,WALM040,25-34,Non-Binary,"Fargo, ND",Fashion accessories,16,3/11/21,Ewallet,7
3419,WALM063,55+,Male,"Omaha, NE",Home and lifestyle,154,4/30/22,Ewallet,7
3420,WALM079,55+,Male,"Sioux Falls, SD",Fashion accessories,111,3/11/19,Ewallet,6
3421,WALM030,18-24,Prefer Not to Say,"Atlanta, GA",Home and lifestyle,126,9/8/20,Ewallet,7
3422,WALM010,55+,Prefer Not to Say,"Phoenix, AZ",Fashion accessories,43,9/19/20,Ewallet,8
3423,WALM024,25-34,Male,"Milwaukee, WI",Home and lifestyle,118,10/31/20,Ewallet,4
3424,WALM077,35-44,Prefer Not to Say,"Detroit, MI",Fashion accessories,240,11/26/19,Ewallet,4
3425,WALM096,45-54,Non-Binary,"Burlington, VT",Home and lifestyle,94,5/21/19,Ewallet,9
3426,WALM045,25-34,Female,"Portland, ME",Fashion accessories,148,11/28/21,Credit card,4
3427,WALM011,18-24,Female,"Salt Lake City, UT",Home and lifestyle,141,2/21/22,Ewallet,5
3428,WALM052,35-44,Male,"Charlotte, NC",Fashion accessories,82,1/10/22,Ewallet,9
3429,WALM061,55+,Male,"Providence, RI",Home and lifestyle,58,5/7/20,Ewallet,5
3430,WALM093,35-44,Female,"Wichita, KS",Fashion accessories,69,10/19/22,Ewallet,4
3431,WALM021,18-24,Female,"Honolulu, HI",Home and lifestyle,102,9/3/22,Ewallet,9
3432,WALM093,25-34,Female,"Des Moines, IA",Fashion accessories,201,1/15/19,Ewallet,8
3433,WALM070,35-44,Male,"Milwaukee, WI",Home and lifestyle,216,6/11/22,Ewallet,6
3434,WALM015,45-54,Non-Binary,"Denver, CO",Fashion accessories,79,3/30/21,Ewallet,7
3435,WALM051,55+,Non-Binary,"New Orleans, LA",Home and lifestyle,38,5/3/20,Ewallet,8
3436,WALM081,45-54,Non-Binary,"Louisville, KY",Fashion accessories,128,10/28/21,Ewallet,9
3437,WALM021,45-54,Non-Binary,"Little Rock, AR",Home and lifestyle,106,1/7/23,Ewallet,5
3438,WALM011,55+,Male,"Manchester, NH",Fashion accessories,162,7/1/20,Ewallet,6
3439,WALM045,45-54,Non-Binary,"Little Rock, AR",Home and lifestyle,84,1/27/23,Credit card,6
3440,WALM021,45-54,Female,"Minneapolis, MN",Fashion accessories,42,7/29/19,Ewallet,8
3441,WALM042,55+,Non-Binary,"Des Moines, IA",Home and lifestyle,35,8/10/20,Ewallet,7
3442,WALM078,55+,Female,"Boise, ID",Fashion accessories,46,3/26/21,Ewallet,9
3443,WALM007,18-24,Male,"Des Moines, IA",Home and lifestyle,142,1/1/22,Ewallet,4
3444,WALM061,45-54,Female,"St. Louis, MO",Fashion accessories,73,10/4/20,Ewallet,8
3445,WALM005,35-44,Non-Binary,"Hartford, CT",Home and lifestyle,108,5/23/19,Ewallet,7
3446,WALM094,18-24,Female,"Charleston, WV",Fashion accessories,138,6/30/21,Ewallet,8
3447,WALM043,18-24,Prefer Not to Say,"Fargo, ND",Home and lifestyle,90,12/13/21,Ewallet,9
3448,WALM057,45-54,Prefer Not to Say,"New Orleans, LA",Fashion accessories,67,10/16/21,Ewallet,6
3449,WALM060,25-34,Non-Binary,"Honolulu, HI",Home and lifestyle,225,4/28/19,Ewallet,6
3450,WALM040,45-54,Non-Binary,"Honolulu, HI",Fashion accessories,160,7/26/23,Ewallet,7
3451,WALM049,55+,Male,"Louisville, KY",Home and lifestyle,94,10/28/21,Ewallet,8
3452,WALM100,55+,Female,"Burlington, VT",Fashion accessories,18,3/27/21,Ewallet,5
3453,WALM002,45-54,Female,"Virginia Beach, VA",Home and lifestyle,82,10/13/23,Ewallet,8
3454,WALM023,45-54,Non-Binary,"Louisville, KY",Fashion accessories,90,3/14/20,Ewallet,8
3455,WALM047,55+,Prefer Not to Say,"Birmingham, AL",Home and lifestyle,219,12/8/22,Ewallet,4
3456,WALM009,18-24,Male,"Honolulu, HI",Fashion accessories,92,12/2/23,Ewallet,7
3457,WALM016,25-34,Non-Binary,"Birmingham, AL",Home and lifestyle,186,5/9/21,Ewallet,5
3458,WALM095,18-24,Non-Binary,"Little Rock, AR",Fashion accessories,78,12/31/20,Ewallet,6
3459,WALM044,35-44,Prefer Not to Say,"Philadelphia, PA",Home and lifestyle,240,5/3/22,Ewallet,8
3460,WALM085,25-34,Female,"Providence, RI",Fashion accessories,29,7/26/20,Ewallet,6
3461,WALM016,55+,Female,"Las Vegas, NV",Home and lifestyle,106,8/18/22,Ewallet,8
3462,WALM051,55+,Female,"Seattle, WA",Fashion accessories,84,4/13/21,Ewallet,5
3463,WALM037,55+,Prefer Not to Say,"New Orleans, LA",Home and lifestyle,246,7/9/20,Ewallet,4
3464,WALM041,55+,Male,"Sioux Falls, SD",Fashion accessories,57,3/1/22,Ewallet,4
3465,WALM057,25-34,Prefer Not to Say,"Providence, RI",Home and lifestyle,120,9/8/23,Ewallet,9
3466,WALM071,45-54,Male,"Charleston, WV",Fashion accessories,147,4/1/23,Ewallet,5
3467,WALM013,25-34,Female,"Hartford, CT",Home and lifestyle,174,12/3/20,Ewallet,8
3468,WALM017,55+,Non-Binary,"Boston, MA",Fashion accessories,228,2/24/19,Ewallet,9
3469,WALM021,45-54,Non-Binary,"Burlington, VT",Home and lifestyle,74,11/10/19,Ewallet,9
3470,WALM071,18-24,Male,"Indianapolis, IN",Fashion accessories,144,10/24/22,Ewallet,4
3471,WALM041,25-34,Male,"Jackson, MS",Home and lifestyle,72,4/16/19,Ewallet,6
3472,WALM005,18-24,Prefer Not to Say,"Cheyenne, WY",Fashion accessories,60,6/14/22,Ewallet,4
3473,WALM030,18-24,Male,"Charlotte, NC",Home and lifestyle,69,6/5/21,Ewallet,6
3474,WALM017,35-44,Non-Binary,"Seattle, WA",Fashion accessories,174,5/29/19,Ewallet,5
3475,WALM094,35-44,Non-Binary,"Hartford, CT",Home and lifestyle,225,5/3/19,Ewallet,6
3476,WALM062,45-54,Female,"Providence, RI",Fashion accessories,41,5/5/19,Ewallet,6
3477,WALM036,18-24,Prefer Not to Say,"Birmingham, AL",Home and lifestyle,84,12/23/22,Ewallet,8
3478,WALM090,35-44,Female,"Charlotte, NC",Fashion accessories,15,1/17/23,Ewallet,7
3479,WALM096,45-54,Female,"Billings, MT",Home and lifestyle,55,1/15/20,Ewallet,7
3480,WALM092,18-24,Non-Binary,"Detroit, MI",Fashion accessories,17,4/8/19,Ewallet,9
3481,WALM008,18-24,Female,"Atlanta, GA",Home and lifestyle,77,7/17/19,Ewallet,8
3482,WALM079,45-54,Male,"Portland, ME",Fashion accessories,140,6/25/22,Ewallet,4
3483,WALM027,18-24,Non-Binary,"Detroit, MI",Home and lifestyle,54,8/5/19,Ewallet,7
3484,WALM044,25-34,Prefer Not to Say,"Nashville, TN",Fashion accessories,237,9/30/19,Ewallet,7
3485,WALM051,45-54,Prefer Not to Say,"Albuquerque, NM",Home and lifestyle,132,8/21/23,Ewallet,5
3486,WALM047,18-24,Non-Binary,"Omaha, NE",Fashion accessories,33,10/24/23,Ewallet,8
3487,WALM060,25-34,Prefer Not to Say,"Anchorage, AK",Home and lifestyle,34,4/4/21,Ewallet,7
3488,WALM014,25-34,Non-Binary,"Charleston, SC",Fashion accessories,23,11/9/19,Ewallet,7
3489,WALM100,55+,Male,"Las Vegas, NV",Home and lifestyle,171,5/13/22,Ewallet,5
3490,WALM062,45-54,Non-Binary,"Cheyenne, WY",Fashion accessories,40,3/22/23,Ewallet,8
3491,WALM012,45-54,Female,"Charlotte, NC",Home and lifestyle,60,1/5/23,Ewallet,8
3492,WALM066,55+,Prefer Not to Say,"Oklahoma City, OK",Fashion accessories,255,11/12/23,Ewallet,4
3493,WALM094,25-34,Female,"Wilmington, DE",Home and lifestyle,68,5/26/22,Ewallet,9
3494,WALM051,18-24,Female,"Providence, RI",Fashion accessories,57,9/3/22,Ewallet,8
3495,WALM047,35-44,Male,"Denver, CO",Home and lifestyle,44,12/24/19,Ewallet,5
3496,WALM021,55+,Non-Binary,"Sioux Falls, SD",Fashion accessories,54,1/8/22,Ewallet,4
3497,WALM057,45-54,Prefer Not to Say,"Manchester, NH",Home and lifestyle,153,9/4/21,Ewallet,9
3498,WALM045,55+,Prefer Not to Say,"Houston, TX",Fashion accessories,60,3/25/22,Credit card,5
3499,WALM008,25-34,Prefer Not to Say,"Charleston, WV",Home and lifestyle,72,6/6/22,Ewallet,9
3500,WALM060,45-54,Non-Binary,"Burlington, VT",Fashion accessories,195,10/13/21,Ewallet,4
3501,WALM015,25-34,Male,"Albuquerque, NM",Home and lifestyle,86,12/31/20,Ewallet,4
3502,WALM100,55+,Prefer Not to Say,"Columbus, OH",Fashion accessories,104,12/10/21,Ewallet,5
3503,WALM008,25-34,Prefer Not to Say,"Detroit, MI",Home and lifestyle,69,6/9/20,Ewallet,9
3504,WALM052,18-24,Male,"Newark, NJ",Fashion accessories,128,6/2/21,Ewallet,8
3505,WALM066,55+,Male,"Portland, ME",Home and lifestyle,124,6/19/20,Ewallet,8
3506,WALM076,45-54,Prefer Not to Say,"Detroit, MI",Fashion accessories,62,6/1/19,Ewallet,5
3507,WALM012,35-44,Non-Binary,"Seattle, WA",Home and lifestyle,116,6/4/19,Ewallet,5
3508,WALM043,35-44,Prefer Not to Say,"Seattle, WA",Fashion accessories,25,9/22/23,Ewallet,5
3509,WALM069,35-44,Prefer Not to Say,"New Orleans, LA",Home and lifestyle,60,1/15/21,Ewallet,7
3510,WALM066,18-24,Prefer Not to Say,"Philadelphia, PA",Fashion accessories,58,4/21/20,Ewallet,9
3511,WALM011,35-44,Female,"Providence, RI",Home and lifestyle,76,5/5/23,Ewallet,4
3512,WALM024,18-24,Male,"Anchorage, AK",Fashion accessories,83,11/7/21,Ewallet,5
3513,WALM039,45-54,Male,"Phoenix, AZ",Home and lifestyle,162,7/28/23,Ewallet,8
3514,WALM016,35-44,Prefer Not to Say,"Birmingham, AL",Fashion accessories,132,4/21/23,Ewallet,7
3515,WALM048,25-34,Female,"Newark, NJ",Home and lifestyle,78,3/18/22,Ewallet,4
3516,WALM071,25-34,Prefer Not to Say,"Las Vegas, NV",Fashion accessories,71,1/4/20,Ewallet,8
3517,WALM021,55+,Prefer Not to Say,"New York City, NY",Home and lifestyle,32,9/1/21,Ewallet,8
3518,WALM044,35-44,Non-Binary,"Omaha, NE",Fashion accessories,54,12/31/23,Ewallet,6
3519,WALM026,35-44,Non-Binary,"Los Angeles, CA",Home and lifestyle,228,12/9/21,Ewallet,8
3520,WALM033,18-24,Female,"Denver, CO",Fashion accessories,76,10/22/19,Ewallet,4
3521,WALM022,45-54,Female,"Phoenix, AZ",Home and lifestyle,122,2/2/19,Ewallet,8
3522,WALM018,25-34,Prefer Not to Say,"Boise, ID",Fashion accessories,114,2/7/23,Ewallet,6
3523,WALM028,45-54,Prefer Not to Say,"Jackson, MS",Home and lifestyle,76,4/21/20,Ewallet,7
3524,WALM048,55+,Prefer Not to Say,"Charleston, SC",Fashion accessories,120,9/26/20,Ewallet,7
3525,WALM069,18-24,Non-Binary,"New Orleans, LA",Home and lifestyle,76,10/9/20,Ewallet,7
3526,WALM024,18-24,Prefer Not to Say,"Denver, CO",Fashion accessories,79,4/15/23,Ewallet,7
3527,WALM021,18-24,Female,"Billings, MT",Home and lifestyle,33,6/19/23,Ewallet,4
3528,WALM048,55+,Non-Binary,"Portland, OR",Fashion accessories,49,6/27/19,Ewallet,4
3529,WALM083,35-44,Non-Binary,"New York City, NY",Home and lifestyle,252,2/16/23,Ewallet,9
3530,WALM051,55+,Prefer Not to Say,"Birmingham, AL",Fashion accessories,65,1/4/23,Ewallet,9
3531,WALM053,25-34,Male,"Phoenix, AZ",Home and lifestyle,120,11/3/19,Ewallet,6
3532,WALM085,25-34,Prefer Not to Say,"Newark, NJ",Fashion accessories,120,1/27/21,Ewallet,4
3533,WALM068,45-54,Female,"Des Moines, IA",Home and lifestyle,50,9/21/20,Ewallet,5
3534,WALM080,45-54,Non-Binary,"Minneapolis, MN",Fashion accessories,195,12/31/22,Ewallet,4
3535,WALM063,18-24,Prefer Not to Say,"Virginia Beach, VA",Home and lifestyle,162,8/19/23,Ewallet,4
3536,WALM027,25-34,Female,"Birmingham, AL",Fashion accessories,201,10/9/20,Ewallet,5
3537,WALM070,25-34,Prefer Not to Say,"Los Angeles, CA",Home and lifestyle,90,5/26/20,Ewallet,8
3538,WALM043,55+,Non-Binary,"Portland, OR",Fashion accessories,207,11/26/20,Ewallet,5
3539,WALM062,45-54,Male,"Denver, CO",Home and lifestyle,177,10/7/21,Ewallet,5
3540,WALM001,25-34,Prefer Not to Say,"Seattle, WA",Fashion accessories,37,12/18/23,Ewallet,5
3541,WALM008,55+,Female,"Birmingham, AL",Home and lifestyle,154,2/26/21,Ewallet,9
3542,WALM014,55+,Prefer Not to Say,"Salt Lake City, UT",Fashion accessories,27,6/15/19,Ewallet,8
3543,WALM018,35-44,Prefer Not to Say,"St. Louis, MO",Home and lifestyle,84,6/9/22,Ewallet,9
3544,WALM009,45-54,Prefer Not to Say,"Portland, OR",Fashion accessories,60,6/3/20,Ewallet,6
3545,WALM037,18-24,Male,"Billings, MT",Home and lifestyle,51,7/5/21,Ewallet,9
3546,WALM026,45-54,Prefer Not to Say,"Manchester, NH",Fashion accessories,64,7/16/19,Ewallet,7
3547,WALM005,55+,Male,"Billings, MT",Home and lifestyle,140,6/14/22,Ewallet,9
3548,WALM049,45-54,Female,"Sioux Falls, SD",Fashion accessories,50,4/14/19,Ewallet,4
3549,WALM012,55+,Prefer Not to Say,"Hartford, CT",Home and lifestyle,34,11/25/22,Ewallet,6
3550,WALM042,35-44,Male,"Providence, RI",Fashion accessories,17,10/26/22,Ewallet,4
3551,WALM022,55+,Non-Binary,"Charlotte, NC",Home and lifestyle,68,11/29/23,Ewallet,7
3552,WALM088,18-24,Male,"Wilmington, DE",Fashion accessories,219,7/21/22,Ewallet,5
3553,WALM004,35-44,Female,"Birmingham, AL",Home and lifestyle,116,6/12/21,Ewallet,9
3554,WALM044,55+,Male,"Chicago, IL",Fashion accessories,92,3/27/19,Ewallet,5
3555,WALM045,55+,Female,"Atlanta, GA",Home and lifestyle,174,7/21/20,Credit card,8
3556,WALM030,18-24,Male,"Honolulu, HI",Fashion accessories,44,9/8/23,Ewallet,9
3557,WALM028,18-24,Prefer Not to Say,"Little Rock, AR",Home and lifestyle,33,4/25/21,Ewallet,5
3558,WALM060,35-44,Non-Binary,"Honolulu, HI",Fashion accessories,47,7/25/22,Ewallet,7
3559,WALM028,55+,Male,"Los Angeles, CA",Home and lifestyle,40,8/5/21,Ewallet,6
3560,WALM013,45-54,Prefer Not to Say,"Boise, ID",Fashion accessories,80,9/13/21,Ewallet,7
3561,WALM059,45-54,Non-Binary,"Chicago, IL",Home and lifestyle,108,6/7/19,Ewallet,8
3562,WALM091,35-44,Non-Binary,"Sioux Falls, SD",Fashion accessories,228,6/1/21,Ewallet,8
3563,WALM098,35-44,Female,"Charleston, WV",Home and lifestyle,162,7/29/21,Ewallet,8
3564,WALM063,18-24,Female,"Boise, ID",Fashion accessories,38,11/24/21,Ewallet,7
3565,WALM005,55+,Male,"Orlando, FL",Home and lifestyle,51,4/19/20,Ewallet,6
3566,WALM030,18-24,Male,"New Orleans, LA",Fashion accessories,80,7/29/20,Ewallet,6
3567,WALM059,25-34,Male,"Atlanta, GA",Home and lifestyle,130,6/22/19,Ewallet,9
3568,WALM039,35-44,Female,"Little Rock, AR",Fashion accessories,80,6/6/23,Ewallet,7
3569,WALM001,25-34,Non-Binary,"Philadelphia, PA",Home and lifestyle,210,12/7/20,Ewallet,6
3570,WALM049,35-44,Male,"Manchester, NH",Fashion accessories,86,3/3/20,Ewallet,4
3571,WALM080,45-54,Non-Binary,"Anchorage, AK",Home and lifestyle,159,7/4/23,Ewallet,8
3572,WALM010,25-34,Non-Binary,"Virginia Beach, VA",Fashion accessories,160,9/27/22,Ewallet,8
3573,WALM014,35-44,Non-Binary,"Anchorage, AK",Home and lifestyle,126,5/31/21,Ewallet,8
3574,WALM045,45-54,Non-Binary,"Orlando, FL",Fashion accessories,56,12/27/22,Credit card,5
3575,WALM018,45-54,Male,"Hartford, CT",Home and lifestyle,154,4/13/22,Ewallet,9
3576,WALM070,55+,Male,"Billings, MT",Fashion accessories,24,1/22/22,Ewallet,7
3577,WALM066,25-34,Female,"Salt Lake City, UT",Home and lifestyle,33,11/21/21,Ewallet,4
3578,WALM012,45-54,Prefer Not to Say,"Indianapolis, IN",Fashion accessories,48,6/15/20,Ewallet,5
3579,WALM033,18-24,Non-Binary,"Nashville, TN",Home and lifestyle,30,2/7/21,Ewallet,5
3580,WALM063,25-34,Non-Binary,"Boston, MA",Fashion accessories,112,12/27/23,Ewallet,6
3581,WALM024,18-24,Female,"Denver, CO",Home and lifestyle,46,5/23/21,Ewallet,5
3582,WALM045,25-34,Non-Binary,"Boston, MA",Fashion accessories,51,9/20/23,Credit card,9
3583,WALM041,18-24,Non-Binary,"Milwaukee, WI",Home and lifestyle,162,12/17/23,Ewallet,6
3584,WALM012,18-24,Female,"Anchorage, AK",Fashion accessories,120,7/13/21,Ewallet,4
3585,WALM079,18-24,Female,"Billings, MT",Home and lifestyle,237,6/6/21,Ewallet,4
3586,WALM067,45-54,Female,"Boston, MA",Fashion accessories,69,9/5/23,Ewallet,5
3587,WALM083,35-44,Female,"Indianapolis, IN",Home and lifestyle,92,10/23/19,Ewallet,6
3588,WALM005,18-24,Non-Binary,"Virginia Beach, VA",Fashion accessories,90,7/17/22,Ewallet,5
3589,WALM010,45-54,Prefer Not to Say,"Seattle, WA",Home and lifestyle,84,2/27/22,Ewallet,9
3590,WALM077,25-34,Female,"New York City, NY",Fashion accessories,56,10/8/22,Ewallet,6
3591,WALM002,35-44,Male,"Minneapolis, MN",Home and lifestyle,51,5/21/21,Ewallet,6
3592,WALM026,35-44,Non-Binary,"Phoenix, AZ",Fashion accessories,255,8/9/23,Ewallet,5
3593,WALM027,25-34,Male,"Seattle, WA",Home and lifestyle,85,2/23/20,Ewallet,7
3594,WALM036,55+,Prefer Not to Say,"Little Rock, AR",Fashion accessories,42,7/22/19,Ewallet,7
3595,WALM037,35-44,Non-Binary,"Nashville, TN",Home and lifestyle,156,1/18/21,Ewallet,8
3596,WALM059,25-34,Prefer Not to Say,"Atlanta, GA",Fashion accessories,20,10/21/19,Ewallet,8
3597,WALM078,55+,Prefer Not to Say,"Philadelphia, PA",Home and lifestyle,18,2/18/23,Ewallet,9
3598,WALM018,45-54,Male,"Portland, ME",Fashion accessories,130,8/30/22,Ewallet,9
3599,WALM033,18-24,Non-Binary,"Chicago, IL",Home and lifestyle,67,12/31/20,Ewallet,4
3600,WALM062,35-44,Non-Binary,"Hartford, CT",Fashion accessories,222,2/27/22,Ewallet,4
3601,WALM034,25-34,Prefer Not to Say,"Atlanta, GA",Home and lifestyle,148,5/22/20,Ewallet,6
3602,WALM083,18-24,Non-Binary,"Birmingham, AL",Fashion accessories,84,12/16/22,Ewallet,4
3603,WALM040,45-54,Female,"Boise, ID",Home and lifestyle,34,10/30/21,Ewallet,9
3604,WALM090,55+,Male,"Cheyenne, WY",Fashion accessories,34,1/12/22,Ewallet,8
3605,WALM043,25-34,Male,"St. Louis, MO",Home and lifestyle,52,12/1/23,Ewallet,6
3606,WALM018,45-54,Prefer Not to Say,"Burlington, VT",Fashion accessories,160,1/6/20,Ewallet,9
3607,WALM062,45-54,Male,"Wilmington, DE",Home and lifestyle,46,4/9/23,Ewallet,7
3608,WALM057,18-24,Male,"Sioux Falls, SD",Fashion accessories,219,2/20/19,Ewallet,4
3609,WALM028,45-54,Female,"Milwaukee, WI",Home and lifestyle,82,9/16/20,Ewallet,7
3610,WALM088,45-54,Prefer Not to Say,"Wilmington, DE",Fashion accessories,243,10/19/20,Ewallet,9
3611,WALM081,45-54,Male,"Albuquerque, NM",Home and lifestyle,171,7/21/20,Ewallet,6
3612,WALM057,45-54,Prefer Not to Say,"Philadelphia, PA",Fashion accessories,96,12/25/21,Ewallet,7
3613,WALM058,55+,Prefer Not to Say,"St. Louis, MO",Home and lifestyle,75,9/27/20,Ewallet,7
3614,WALM047,35-44,Prefer Not to Say,"Birmingham, AL",Fashion accessories,49,7/5/23,Ewallet,6
3615,WALM085,18-24,Female,"Wichita, KS",Home and lifestyle,96,6/21/23,Ewallet,4
3616,WALM092,45-54,Female,"Hartford, CT",Fashion accessories,37,7/21/20,Ewallet,8
3617,WALM037,18-24,Prefer Not to Say,"Phoenix, AZ",Home and lifestyle,96,12/8/19,Ewallet,9
3618,WALM021,45-54,Male,"Newark, NJ",Fashion accessories,41,10/17/19,Ewallet,5
3619,WALM028,45-54,Non-Binary,"Las Vegas, NV",Home and lifestyle,87,2/1/19,Ewallet,7
3620,WALM020,45-54,Prefer Not to Say,"Charleston, SC",Fashion accessories,36,8/13/21,Ewallet,4
3621,WALM078,25-34,Non-Binary,"Philadelphia, PA",Home and lifestyle,105,8/8/19,Ewallet,5
3622,WALM079,35-44,Prefer Not to Say,"Little Rock, AR",Fashion accessories,201,10/11/19,Ewallet,6
3623,WALM045,35-44,Female,"Columbus, OH",Home and lifestyle,45,11/7/20,Credit card,8
3624,WALM078,55+,Prefer Not to Say,"Providence, RI",Fashion accessories,79,3/25/21,Ewallet,8
3625,WALM028,45-54,Female,"Baltimore, MD",Home and lifestyle,126,11/23/22,Ewallet,8
3626,WALM030,18-24,Non-Binary,"Billings, MT",Fashion accessories,46,8/15/20,Ewallet,6
3627,WALM012,55+,Prefer Not to Say,"Omaha, NE",Home and lifestyle,69,1/14/23,Ewallet,4
3628,WALM068,18-24,Female,"Boise, ID",Fashion accessories,64,6/16/19,Ewallet,8
3629,WALM064,55+,Non-Binary,"Albuquerque, NM",Home and lifestyle,15,2/28/21,Ewallet,6
3630,WALM093,35-44,Non-Binary,"St. Louis, MO",Fashion accessories,68,2/19/23,Ewallet,8
3631,WALM068,45-54,Male,"Louisville, KY",Home and lifestyle,162,6/23/21,Ewallet,6
3632,WALM094,55+,Prefer Not to Say,"Milwaukee, WI",Fashion accessories,86,6/22/20,Ewallet,9
3633,WALM009,35-44,Non-Binary,"Detroit, MI",Home and lifestyle,73,9/30/22,Ewallet,8
3634,WALM012,35-44,Prefer Not to Say,"Wilmington, DE",Fashion accessories,123,11/17/23,Ewallet,6
3635,WALM051,35-44,Male,"Burlington, VT",Home and lifestyle,42,5/3/19,Ewallet,5
3636,WALM027,18-24,Female,"Nashville, TN",Fashion accessories,135,12/15/21,Ewallet,5
3637,WALM091,45-54,Prefer Not to Say,"Wilmington, DE",Home and lifestyle,105,2/11/22,Ewallet,4
3638,WALM081,18-24,Male,"Chicago, IL",Fashion accessories,32,10/24/22,Ewallet,5
3639,WALM017,35-44,Female,"Burlington, VT",Home and lifestyle,44,9/1/19,Ewallet,5
3640,WALM052,35-44,Female,"Boston, MA",Fashion accessories,198,12/19/23,Ewallet,4
3641,WALM007,25-34,Female,"Salt Lake City, UT",Home and lifestyle,30,2/3/22,Ewallet,6
3642,WALM088,55+,Prefer Not to Say,"Los Angeles, CA",Fashion accessories,110,8/3/21,Ewallet,8
3643,WALM092,55+,Non-Binary,"Baltimore, MD",Home and lifestyle,64,10/7/22,Ewallet,5
3644,WALM043,25-34,Non-Binary,"Birmingham, AL",Fashion accessories,90,6/5/22,Ewallet,9
3645,WALM053,35-44,Non-Binary,"Wichita, KS",Home and lifestyle,48,5/27/23,Ewallet,7
3646,WALM069,35-44,Non-Binary,"Sioux Falls, SD",Fashion accessories,108,10/31/22,Ewallet,5
3647,WALM093,18-24,Male,"Columbus, OH",Home and lifestyle,165,1/17/19,Ewallet,6
3648,WALM094,45-54,Male,"Boise, ID",Fashion accessories,170,7/17/22,Ewallet,7
3649,WALM047,18-24,Male,"Portland, OR",Home and lifestyle,105,1/25/20,Ewallet,5
3650,WALM067,55+,Non-Binary,"Philadelphia, PA",Fashion accessories,140,6/19/20,Ewallet,7
3651,WALM091,45-54,Non-Binary,"Seattle, WA",Home and lifestyle,46,12/2/23,Ewallet,6
3652,WALM093,55+,Prefer Not to Say,"Salt Lake City, UT",Fashion accessories,219,9/9/21,Ewallet,7
3653,WALM053,18-24,Female,"Boston, MA",Home and lifestyle,170,4/30/19,Ewallet,5
3654,WALM093,55+,Prefer Not to Say,"Des Moines, IA",Fashion accessories,45,11/15/19,Ewallet,6
3655,WALM057,35-44,Non-Binary,"Charleston, WV",Home and lifestyle,165,3/25/20,Ewallet,6
3656,WALM002,35-44,Female,"St. Louis, MO",Fashion accessories,147,1/22/19,Ewallet,9
3657,WALM059,45-54,Female,"Jackson, MS",Home and lifestyle,90,5/25/20,Ewallet,9
3658,WALM044,55+,Male,"Phoenix, AZ",Fashion accessories,110,3/27/21,Ewallet,7
3659,WALM051,18-24,Non-Binary,"Virginia Beach, VA",Home and lifestyle,237,4/25/23,Ewallet,7
3660,WALM001,35-44,Female,"Minneapolis, MN",Fashion accessories,141,6/16/20,Ewallet,7
3661,WALM021,18-24,Non-Binary,"Fargo, ND",Home and lifestyle,76,5/3/22,Ewallet,5
3662,WALM018,55+,Prefer Not to Say,"Wichita, KS",Fashion accessories,72,4/12/19,Ewallet,9
3663,WALM078,35-44,Female,"New York City, NY",Home and lifestyle,118,7/25/21,Ewallet,8
3664,WALM051,25-34,Non-Binary,"New York City, NY",Fashion accessories,120,8/20/22,Ewallet,6
3665,WALM015,18-24,Male,"Hartford, CT",Home and lifestyle,96,1/2/23,Ewallet,7
3666,WALM072,45-54,Male,"Albuquerque, NM",Fashion accessories,58,1/25/21,Ewallet,8
3667,WALM005,35-44,Prefer Not to Say,"Atlanta, GA",Home and lifestyle,36,12/8/19,Ewallet,9
3668,WALM004,35-44,Non-Binary,"Columbus, OH",Fashion accessories,36,11/6/20,Ewallet,4
3669,WALM059,25-34,Female,"Orlando, FL",Home and lifestyle,80,6/8/23,Ewallet,4
3670,WALM019,55+,Non-Binary,"Houston, TX",Fashion accessories,124,3/17/20,Ewallet,8
3671,WALM047,45-54,Prefer Not to Say,"Portland, ME",Home and lifestyle,50,11/2/23,Ewallet,4
3672,WALM100,25-34,Female,"Des Moines, IA",Fashion accessories,38,10/1/19,Ewallet,5
3673,WALM042,25-34,Prefer Not to Say,"Atlanta, GA",Home and lifestyle,81,12/3/20,Ewallet,5
3674,WALM096,25-34,Male,"Albuquerque, NM",Fashion accessories,144,9/30/23,Ewallet,7
3675,WALM015,45-54,Prefer Not to Say,"Omaha, NE",Home and lifestyle,99,4/15/19,Ewallet,7
3676,WALM081,25-34,Non-Binary,"Philadelphia, PA",Fashion accessories,80,3/4/21,Ewallet,9
3677,WALM057,55+,Female,"Oklahoma City, OK",Home and lifestyle,111,3/22/20,Ewallet,7
3678,WALM079,45-54,Non-Binary,"Minneapolis, MN",Fashion accessories,132,8/11/20,Ewallet,9
3679,WALM022,55+,Non-Binary,"Wichita, KS",Home and lifestyle,144,8/17/23,Ewallet,8
3680,WALM043,55+,Prefer Not to Say,"Des Moines, IA",Fashion accessories,75,1/3/20,Ewallet,7
3681,WALM095,55+,Non-Binary,"Newark, NJ",Home and lifestyle,72,3/24/22,Ewallet,8
3682,WALM053,45-54,Male,"Boston, MA",Fashion accessories,168,10/22/23,Ewallet,6
3683,WALM053,25-34,Female,"Charleston, SC",Home and lifestyle,61,11/8/22,Ewallet,7
3684,WALM070,25-34,Prefer Not to Say,"Newark, NJ",Fashion accessories,44,3/6/22,Ewallet,4
3685,WALM070,55+,Non-Binary,"Manchester, NH",Home and lifestyle,180,5/28/19,Ewallet,5
3686,WALM094,18-24,Female,"Chicago, IL",Fashion accessories,50,12/9/22,Ewallet,4
3687,WALM041,25-34,Female,"Indianapolis, IN",Home and lifestyle,210,8/8/19,Ewallet,9
3688,WALM014,35-44,Male,"Fargo, ND",Fashion accessories,124,1/23/22,Ewallet,6
3689,WALM079,45-54,Non-Binary,"Virginia Beach, VA",Home and lifestyle,228,1/27/21,Ewallet,7
3690,WALM037,45-54,Non-Binary,"Philadelphia, PA",Fashion accessories,38,6/16/23,Ewallet,4
3691,WALM083,45-54,Non-Binary,"Detroit, MI",Home and lifestyle,50,4/1/19,Ewallet,6
3692,WALM068,35-44,Female,"Wilmington, DE",Fashion accessories,19,5/30/20,Ewallet,7
3693,WALM040,35-44,Male,"Nashville, TN",Home and lifestyle,90,11/26/22,Ewallet,5
3694,WALM005,35-44,Female,"Portland, ME",Fashion accessories,46,3/8/22,Ewallet,6
3695,WALM085,45-54,Non-Binary,"Seattle, WA",Home and lifestyle,46,2/1/20,Ewallet,8
3696,WALM091,25-34,Female,"Charleston, WV",Fashion accessories,16,5/5/20,Ewallet,7
3697,WALM053,18-24,Non-Binary,"Hartford, CT",Home and lifestyle,53,1/19/20,Ewallet,8
3698,WALM028,25-34,Prefer Not to Say,"Louisville, KY",Fashion accessories,105,3/10/23,Ewallet,6
3699,WALM049,45-54,Male,"Anchorage, AK",Home and lifestyle,80,2/27/23,Ewallet,4
3700,WALM095,18-24,Non-Binary,"Wichita, KS",Fashion accessories,82,4/30/23,Ewallet,5
3701,WALM017,55+,Male,"Las Vegas, NV",Home and lifestyle,112,4/6/19,Ewallet,4
3702,WALM030,55+,Male,"Columbus, OH",Fashion accessories,162,11/9/20,Ewallet,5
3703,WALM042,18-24,Prefer Not to Say,"Houston, TX",Home and lifestyle,96,11/1/21,Ewallet,6
3704,WALM078,18-24,Prefer Not to Say,"Billings, MT",Fashion accessories,240,10/4/23,Ewallet,6
3705,WALM041,55+,Prefer Not to Say,"Los Angeles, CA",Home and lifestyle,53,4/5/21,Ewallet,6
3706,WALM071,18-24,Non-Binary,"Little Rock, AR",Fashion accessories,142,4/23/19,Ewallet,6
3707,WALM091,18-24,Male,"Portland, OR",Home and lifestyle,67,4/27/19,Ewallet,4
3708,WALM063,55+,Prefer Not to Say,"Charleston, WV",Fashion accessories,183,3/27/23,Ewallet,7
3709,WALM001,25-34,Non-Binary,"Baltimore, MD",Home and lifestyle,82,3/25/21,Ewallet,5
3710,WALM066,25-34,Non-Binary,"Cheyenne, WY",Fashion accessories,231,7/20/20,Ewallet,8
3711,WALM007,35-44,Prefer Not to Say,"Baltimore, MD",Home and lifestyle,78,8/1/22,Ewallet,4
3712,WALM091,55+,Male,"Baltimore, MD",Fashion accessories,28,10/10/22,Ewallet,5
3713,WALM034,55+,Prefer Not to Say,"Manchester, NH",Home and lifestyle,168,6/4/23,Ewallet,7
3714,WALM076,18-24,Female,"Jackson, MS",Fashion accessories,136,4/26/20,Ewallet,5
3715,WALM012,25-34,Prefer Not to Say,"Boise, ID",Home and lifestyle,62,2/22/20,Ewallet,7
3716,WALM052,45-54,Female,"Portland, ME",Fashion accessories,45,11/11/21,Ewallet,4
3717,WALM071,18-24,Female,"Phoenix, AZ",Home and lifestyle,28,11/19/21,Ewallet,9
3718,WALM051,35-44,Female,"Wilmington, DE",Fashion accessories,136,12/18/21,Ewallet,6
3719,WALM066,55+,Male,"Philadelphia, PA",Home and lifestyle,84,5/21/20,Ewallet,5
3720,WALM091,25-34,Prefer Not to Say,"Orlando, FL",Fashion accessories,112,2/13/19,Ewallet,9
3721,WALM059,55+,Prefer Not to Say,"Billings, MT",Home and lifestyle,72,10/4/21,Ewallet,7
3722,WALM042,55+,Male,"Virginia Beach, VA",Fashion accessories,72,4/18/23,Ewallet,6
3723,WALM034,55+,Non-Binary,"Jackson, MS",Home and lifestyle,93,9/17/22,Ewallet,8
3724,WALM092,45-54,Female,"Little Rock, AR",Fashion accessories,45,7/15/23,Ewallet,5
3725,WALM061,35-44,Prefer Not to Say,"Charleston, SC",Home and lifestyle,249,11/11/22,Ewallet,5
3726,WALM022,55+,Non-Binary,"Orlando, FL",Fashion accessories,62,10/7/22,Ewallet,4
3727,WALM091,35-44,Prefer Not to Say,"Little Rock, AR",Home and lifestyle,62,1/29/19,Ewallet,5
3728,WALM033,25-34,Female,"Milwaukee, WI",Fashion accessories,116,11/28/21,Ewallet,8
3729,WALM061,55+,Non-Binary,"Minneapolis, MN",Home and lifestyle,37,9/3/22,Ewallet,7
3730,WALM023,35-44,Male,"Wichita, KS",Fashion accessories,81,2/3/21,Ewallet,7
3731,WALM071,25-34,Prefer Not to Say,"Baltimore, MD",Home and lifestyle,51,5/10/19,Ewallet,7
3732,WALM085,55+,Prefer Not to Say,"Hartford, CT",Fashion accessories,21,5/12/19,Ewallet,5
3733,WALM018,18-24,Non-Binary,"Charleston, SC",Home and lifestyle,160,11/23/22,Ewallet,9
3734,WALM005,45-54,Male,"Portland, ME",Fashion accessories,129,11/22/23,Ewallet,8
3735,WALM062,35-44,Female,"Portland, OR",Home and lifestyle,52,10/10/19,Ewallet,6
3736,WALM098,25-34,Male,"Baltimore, MD",Fashion accessories,186,11/17/23,Ewallet,9
3737,WALM009,18-24,Male,"Charleston, SC",Home and lifestyle,76,1/26/20,Ewallet,4
3738,WALM048,55+,Non-Binary,"New Orleans, LA",Fashion accessories,201,1/17/19,Ewallet,8
3739,WALM069,45-54,Prefer Not to Say,"Virginia Beach, VA",Home and lifestyle,66,11/18/21,Ewallet,6
3740,WALM081,35-44,Male,"Philadelphia, PA",Fashion accessories,69,11/24/23,Ewallet,4
3741,WALM010,25-34,Female,"Orlando, FL",Home and lifestyle,93,11/7/19,Ewallet,8
3742,WALM053,25-34,Male,"Newark, NJ",Fashion accessories,49,1/13/22,Ewallet,8
3743,WALM019,35-44,Female,"Philadelphia, PA",Home and lifestyle,50,8/21/21,Ewallet,8
3744,WALM077,55+,Prefer Not to Say,"Baltimore, MD",Fashion accessories,132,4/20/23,Ewallet,6
3745,WALM093,25-34,Female,"Jackson, MS",Home and lifestyle,246,2/24/23,Ewallet,9
3746,WALM098,55+,Prefer Not to Say,"Charleston, WV",Fashion accessories,26,6/14/21,Ewallet,8
3747,WALM053,35-44,Non-Binary,"Oklahoma City, OK",Home and lifestyle,210,3/6/20,Ewallet,7
3748,WALM004,35-44,Male,"Philadelphia, PA",Fashion accessories,189,7/24/23,Ewallet,7
3749,WALM018,25-34,Prefer Not to Say,"Charlotte, NC",Home and lifestyle,52,7/1/19,Ewallet,4
3750,WALM014,25-34,Male,"Milwaukee, WI",Fashion accessories,87,3/2/19,Ewallet,8
3751,WALM020,35-44,Prefer Not to Say,"Hartford, CT",Home and lifestyle,55,1/12/19,Ewallet,6
3752,WALM030,18-24,Prefer Not to Say,"Salt Lake City, UT",Fashion accessories,150,5/20/22,Ewallet,6
3753,WALM077,25-34,Male,"Sioux Falls, SD",Home and lifestyle,158,6/24/19,Ewallet,6
3754,WALM069,25-34,Prefer Not to Say,"Columbus, OH",Fashion accessories,38,7/30/21,Ewallet,9
3755,WALM093,45-54,Female,"Indianapolis, IN",Home and lifestyle,64,1/17/20,Ewallet,4
3756,WALM061,35-44,Non-Binary,"New York City, NY",Fashion accessories,192,8/28/21,Ewallet,8
3757,WALM063,55+,Prefer Not to Say,"Anchorage, AK",Home and lifestyle,114,7/10/21,Ewallet,7
3758,WALM098,45-54,Male,"Manchester, NH",Fashion accessories,255,10/22/21,Ewallet,9
3759,WALM060,18-24,Male,"Fargo, ND",Home and lifestyle,60,9/28/22,Ewallet,6
3760,WALM052,45-54,Prefer Not to Say,"Minneapolis, MN",Fashion accessories,38,10/8/19,Ewallet,7
3761,WALM058,45-54,Female,"Houston, TX",Home and lifestyle,78,10/20/20,Ewallet,4
3762,WALM051,45-54,Female,"Jackson, MS",Fashion accessories,174,4/2/23,Ewallet,9
3763,WALM009,45-54,Prefer Not to Say,"Portland, OR",Home and lifestyle,70,8/2/19,Ewallet,5
3764,WALM007,35-44,Prefer Not to Say,"Billings, MT",Fashion accessories,111,10/3/21,Ewallet,6
3765,WALM006,35-44,Non-Binary,"Fargo, ND",Home and lifestyle,90,11/23/20,Ewallet,7
3766,WALM070,18-24,Non-Binary,"Virginia Beach, VA",Fashion accessories,96,6/17/23,Ewallet,4
3767,WALM014,25-34,Female,"Detroit, MI",Home and lifestyle,36,8/22/21,Ewallet,9
3768,WALM053,25-34,Female,"Minneapolis, MN",Fashion accessories,69,12/19/23,Ewallet,5
3769,WALM081,18-24,Female,"Philadelphia, PA",Home and lifestyle,174,5/10/23,Ewallet,5
3770,WALM020,35-44,Prefer Not to Say,"Salt Lake City, UT",Fashion accessories,36,4/28/21,Ewallet,6
3771,WALM006,18-24,Female,"Wilmington, DE",Home and lifestyle,21,6/10/23,Ewallet,8
3772,WALM004,45-54,Prefer Not to Say,"Albuquerque, NM",Fashion accessories,59,8/15/19,Ewallet,8
3773,WALM064,45-54,Female,"Portland, ME",Home and lifestyle,44,7/2/23,Ewallet,5
3774,WALM010,18-24,Male,"Louisville, KY",Fashion accessories,16,8/27/19,Ewallet,4
3775,WALM010,55+,Prefer Not to Say,"Sioux Falls, SD",Home and lifestyle,146,7/8/22,Ewallet,6
3776,WALM093,35-44,Male,"Houston, TX",Fashion accessories,66,12/1/20,Ewallet,7
3777,WALM048,55+,Male,"Las Vegas, NV",Home and lifestyle,78,2/21/19,Ewallet,8
3778,WALM062,45-54,Non-Binary,"New York City, NY",Fashion accessories,122,9/26/21,Ewallet,6
3779,WALM090,35-44,Male,"Cheyenne, WY",Home and lifestyle,152,10/5/19,Ewallet,4
3780,WALM091,45-54,Non-Binary,"Hartford, CT",Fashion accessories,118,6/8/20,Ewallet,5
3781,WALM091,35-44,Non-Binary,"St. Louis, MO",Home and lifestyle,84,2/11/20,Ewallet,5
3782,WALM040,25-34,Prefer Not to Say,"Manchester, NH",Fashion accessories,82,9/27/19,Ewallet,8
3783,WALM088,45-54,Non-Binary,"New York City, NY",Home and lifestyle,80,8/13/22,Ewallet,7
3784,WALM014,18-24,Prefer Not to Say,"Minneapolis, MN",Fashion accessories,54,6/17/19,Ewallet,6
3785,WALM076,35-44,Male,"Houston, TX",Home and lifestyle,45,9/22/20,Ewallet,5
3786,WALM083,18-24,Prefer Not to Say,"Portland, ME",Fashion accessories,66,1/21/22,Ewallet,9
3787,WALM068,18-24,Male,"Boise, ID",Home and lifestyle,92,2/26/22,Ewallet,6
3788,WALM034,18-24,Non-Binary,"Hartford, CT",Fashion accessories,129,4/14/20,Ewallet,5
3789,WALM066,35-44,Prefer Not to Say,"Detroit, MI",Home and lifestyle,78,6/28/20,Ewallet,8
3790,WALM068,45-54,Female,"Wilmington, DE",Fashion accessories,74,7/11/19,Ewallet,6
3791,WALM027,18-24,Female,"Newark, NJ",Home and lifestyle,53,8/24/19,Ewallet,9
3792,WALM100,35-44,Non-Binary,"Portland, ME",Fashion accessories,72,8/2/20,Ewallet,4
3793,WALM063,35-44,Female,"Denver, CO",Home and lifestyle,126,6/7/20,Ewallet,9
3794,WALM049,25-34,Prefer Not to Say,"Fargo, ND",Fashion accessories,69,1/6/19,Ewallet,9
3795,WALM077,45-54,Female,"Charleston, SC",Home and lifestyle,48,2/5/20,Ewallet,9
3796,WALM072,25-34,Non-Binary,"Virginia Beach, VA",Fashion accessories,118,5/3/20,Ewallet,4
3797,WALM017,35-44,Male,"Fargo, ND",Home and lifestyle,219,10/14/23,Ewallet,9
3798,WALM006,35-44,Male,"Charleston, SC",Fashion accessories,44,7/15/19,Ewallet,9
3799,WALM100,55+,Prefer Not to Say,"Columbus, OH",Home and lifestyle,84,5/23/21,Ewallet,4
3800,WALM034,35-44,Male,"Los Angeles, CA",Fashion accessories,198,5/20/19,Ewallet,7
3801,WALM017,18-24,Non-Binary,"Portland, OR",Home and lifestyle,57,11/16/23,Ewallet,4
3802,WALM041,25-34,Male,"Milwaukee, WI",Fashion accessories,142,4/30/19,Ewallet,5
3803,WALM091,25-34,Non-Binary,"Hartford, CT",Home and lifestyle,146,2/22/23,Ewallet,6
3804,WALM009,18-24,Male,"Baltimore, MD",Fashion accessories,58,3/5/22,Ewallet,6
3805,WALM021,55+,Prefer Not to Say,"Houston, TX",Home and lifestyle,207,5/20/20,Ewallet,8
3806,WALM061,18-24,Prefer Not to Say,"Omaha, NE",Fashion accessories,73,10/15/23,Ewallet,9
3807,WALM083,45-54,Female,"St. Louis, MO",Home and lifestyle,71,2/19/19,Ewallet,7
3808,WALM043,25-34,Male,"Portland, OR",Fashion accessories,237,8/5/20,Ewallet,6
3809,WALM005,35-44,Non-Binary,"Chicago, IL",Home and lifestyle,79,8/10/22,Ewallet,4
3810,WALM033,55+,Non-Binary,"New York City, NY",Fashion accessories,42,11/24/22,Ewallet,9
3811,WALM021,55+,Prefer Not to Say,"Wichita, KS",Home and lifestyle,34,6/22/20,Ewallet,6
3812,WALM053,45-54,Prefer Not to Say,"Boston, MA",Fashion accessories,166,1/16/22,Ewallet,9
3813,WALM069,45-54,Male,"Charleston, WV",Home and lifestyle,60,11/22/22,Ewallet,8
3814,WALM043,45-54,Non-Binary,"Jackson, MS",Fashion accessories,68,2/7/23,Ewallet,5
3815,WALM058,35-44,Male,"Little Rock, AR",Home and lifestyle,117,2/6/21,Ewallet,5
3816,WALM057,55+,Prefer Not to Say,"Las Vegas, NV",Fashion accessories,60,11/20/23,Ewallet,9
3817,WALM009,18-24,Prefer Not to Say,"Portland, ME",Home and lifestyle,75,9/2/23,Ewallet,7
3818,WALM027,25-34,Female,"Honolulu, HI",Fashion accessories,255,4/21/21,Ewallet,7
3819,WALM063,55+,Male,"Las Vegas, NV",Home and lifestyle,47,9/3/23,Ewallet,4
3820,WALM080,45-54,Male,"Phoenix, AZ",Fashion accessories,106,12/31/23,Ewallet,8
3821,WALM011,25-34,Prefer Not to Say,"Portland, ME",Home and lifestyle,122,8/28/20,Ewallet,6
3822,WALM095,35-44,Male,"Cheyenne, WY",Fashion accessories,74,1/30/21,Ewallet,8
3823,WALM058,18-24,Male,"Los Angeles, CA",Home and lifestyle,57,10/28/22,Ewallet,5
3824,WALM049,25-34,Female,"Birmingham, AL",Fashion accessories,162,1/9/22,Ewallet,4
3825,WALM066,45-54,Female,"Virginia Beach, VA",Home and lifestyle,81,5/21/19,Ewallet,4
3826,WALM016,35-44,Non-Binary,"Manchester, NH",Fashion accessories,117,5/31/19,Ewallet,9
3827,WALM067,45-54,Non-Binary,"Baltimore, MD",Home and lifestyle,30,1/5/21,Ewallet,4
3828,WALM092,45-54,Male,"Manchester, NH",Fashion accessories,30,6/11/23,Ewallet,9
3829,WALM066,18-24,Non-Binary,"Boston, MA",Home and lifestyle,198,6/28/19,Ewallet,7
3830,WALM059,18-24,Male,"Boston, MA",Fashion accessories,106,7/16/23,Ewallet,4
3831,WALM023,45-54,Male,"Omaha, NE",Home and lifestyle,122,10/7/19,Ewallet,5
3832,WALM059,55+,Female,"Detroit, MI",Fashion accessories,142,3/12/20,Ewallet,6
3833,WALM088,35-44,Female,"Minneapolis, MN",Home and lifestyle,88,3/21/22,Ewallet,7
3834,WALM019,25-34,Male,"Fargo, ND",Fashion accessories,38,5/2/21,Ewallet,8
3835,WALM080,55+,Female,"Sioux Falls, SD",Home and lifestyle,72,9/26/19,Ewallet,8
3836,WALM030,35-44,Female,"New York City, NY",Fashion accessories,48,1/22/19,Ewallet,4
3837,WALM020,25-34,Male,"Des Moines, IA",Home and lifestyle,68,11/8/22,Ewallet,4
3838,WALM009,35-44,Male,"Atlanta, GA",Fashion accessories,50,10/19/19,Ewallet,4
3839,WALM088,18-24,Prefer Not to Say,"Anchorage, AK",Home and lifestyle,122,11/15/20,Ewallet,8
3840,WALM088,55+,Male,"Des Moines, IA",Fashion accessories,31,4/10/21,Ewallet,9
3841,WALM039,55+,Prefer Not to Say,"Oklahoma City, OK",Home and lifestyle,19,11/9/23,Ewallet,8
3842,WALM039,55+,Male,"Portland, ME",Fashion accessories,90,12/11/23,Ewallet,5
3843,WALM085,18-24,Male,"Salt Lake City, UT",Home and lifestyle,153,11/4/22,Ewallet,7
3844,WALM006,55+,Prefer Not to Say,"Billings, MT",Fashion accessories,34,4/11/20,Ewallet,6
3845,WALM097,25-34,Prefer Not to Say,"New York City, NY",Home and lifestyle,116,7/31/22,Ewallet,4
3846,WALM053,45-54,Male,"Los Angeles, CA",Fashion accessories,120,1/1/20,Ewallet,9
3847,WALM034,18-24,Prefer Not to Say,"Columbus, OH",Home and lifestyle,84,6/20/23,Ewallet,5
3848,WALM044,35-44,Non-Binary,"Billings, MT",Fashion accessories,123,3/23/19,Ewallet,9
3849,WALM010,55+,Non-Binary,"Orlando, FL",Home and lifestyle,183,10/25/22,Ewallet,5
3850,WALM081,35-44,Prefer Not to Say,"Boise, ID",Fashion accessories,15,9/10/20,Ewallet,8
3851,WALM023,45-54,Prefer Not to Say,"Salt Lake City, UT",Home and lifestyle,26,8/28/22,Ewallet,9
3852,WALM018,18-24,Non-Binary,"Houston, TX",Fashion accessories,83,4/6/22,Ewallet,6
3853,WALM083,45-54,Non-Binary,"Columbus, OH",Home and lifestyle,23,9/26/20,Ewallet,5
3854,WALM011,18-24,Male,"Boise, ID",Fashion accessories,118,7/22/23,Ewallet,8
3855,WALM013,18-24,Male,"Boston, MA",Home and lifestyle,198,2/25/23,Ewallet,8
3856,WALM060,45-54,Male,"Atlanta, GA",Fashion accessories,37,6/26/22,Ewallet,9
3857,WALM036,18-24,Non-Binary,"Wilmington, DE",Home and lifestyle,80,12/4/19,Ewallet,5
3858,WALM015,25-34,Prefer Not to Say,"Philadelphia, PA",Fashion accessories,207,8/17/20,Ewallet,4
3859,WALM044,35-44,Prefer Not to Say,"Anchorage, AK",Home and lifestyle,40,6/16/19,Ewallet,5
3860,WALM044,18-24,Female,"Virginia Beach, VA",Fashion accessories,22,5/24/22,Ewallet,8
3861,WALM079,25-34,Prefer Not to Say,"St. Louis, MO",Home and lifestyle,68,2/14/20,Ewallet,7
3862,WALM006,35-44,Female,"Baltimore, MD",Fashion accessories,60,7/22/20,Ewallet,9
3863,WALM085,25-34,Non-Binary,"Baltimore, MD",Home and lifestyle,52,4/20/20,Ewallet,9
3864,WALM060,35-44,Male,"Denver, CO",Fashion accessories,88,5/3/22,Ewallet,9
3865,WALM007,18-24,Female,"Milwaukee, WI",Home and lifestyle,240,4/5/20,Ewallet,8
3866,WALM022,55+,Female,"Columbus, OH",Fashion accessories,140,11/27/21,Ewallet,4
3867,WALM040,45-54,Female,"Charleston, WV",Home and lifestyle,117,2/22/19,Ewallet,6
3868,WALM009,35-44,Prefer Not to Say,"Portland, ME",Fashion accessories,61,10/2/23,Ewallet,7
3869,WALM059,18-24,Non-Binary,"Newark, NJ",Home and lifestyle,92,1/30/20,Ewallet,4
3870,WALM023,18-24,Male,"Burlington, VT",Fashion accessories,38,6/14/21,Ewallet,7
3871,WALM064,55+,Male,"Omaha, NE",Home and lifestyle,57,3/19/22,Ewallet,8
3872,WALM026,25-34,Prefer Not to Say,"Wilmington, DE",Fashion accessories,78,8/19/20,Ewallet,8
3873,WALM044,35-44,Non-Binary,"Sioux Falls, SD",Home and lifestyle,30,1/31/19,Ewallet,7
3874,WALM014,25-34,Male,"Detroit, MI",Fashion accessories,130,3/14/22,Ewallet,9
3875,WALM008,18-24,Male,"Honolulu, HI",Home and lifestyle,183,8/27/20,Ewallet,8
3876,WALM060,55+,Prefer Not to Say,"Atlanta, GA",Fashion accessories,88,12/1/19,Ewallet,5
3877,WALM027,25-34,Non-Binary,"Honolulu, HI",Home and lifestyle,142,2/17/22,Ewallet,6
3878,WALM004,45-54,Female,"Jackson, MS",Fashion accessories,116,9/14/21,Ewallet,6
3879,WALM007,35-44,Male,"Jackson, MS",Home and lifestyle,153,3/12/20,Ewallet,9
3880,WALM047,18-24,Non-Binary,"Newark, NJ",Fashion accessories,216,1/4/23,Ewallet,9
3881,WALM041,35-44,Female,"Baltimore, MD",Home and lifestyle,105,5/31/23,Ewallet,7
3882,WALM048,55+,Non-Binary,"Portland, ME",Fashion accessories,150,1/7/22,Ewallet,6
3883,WALM097,45-54,Prefer Not to Say,"Portland, ME",Home and lifestyle,65,12/18/22,Ewallet,4
3884,WALM015,45-54,Non-Binary,"Orlando, FL",Fashion accessories,170,3/9/22,Ewallet,9
3885,WALM052,35-44,Non-Binary,"Virginia Beach, VA",Home and lifestyle,144,1/26/19,Ewallet,5
3886,WALM006,55+,Female,"Charlotte, NC",Fashion accessories,48,4/16/23,Ewallet,6
3887,WALM067,35-44,Female,"Little Rock, AR",Home and lifestyle,118,7/28/21,Ewallet,7
3888,WALM069,18-24,Male,"Nashville, TN",Fashion accessories,64,1/31/20,Ewallet,9
3889,WALM072,35-44,Male,"Las Vegas, NV",Home and lifestyle,252,12/4/21,Ewallet,5
3890,WALM067,35-44,Non-Binary,"Atlanta, GA",Fashion accessories,201,1/17/20,Ewallet,9
3891,WALM091,25-34,Prefer Not to Say,"Manchester, NH",Home and lifestyle,86,6/28/23,Ewallet,8
3892,WALM076,18-24,Male,"Las Vegas, NV",Fashion accessories,79,4/29/23,Ewallet,9
3893,WALM006,55+,Prefer Not to Say,"Denver, CO",Home and lifestyle,129,1/14/20,Ewallet,4
3894,WALM076,55+,Female,"Jackson, MS",Fashion accessories,28,9/15/23,Ewallet,8
3895,WALM023,55+,Female,"Birmingham, AL",Home and lifestyle,210,12/31/21,Ewallet,7
3896,WALM057,55+,Non-Binary,"Indianapolis, IN",Fashion accessories,148,9/17/21,Ewallet,8
3897,WALM079,55+,Female,"Virginia Beach, VA",Home and lifestyle,180,8/8/21,Ewallet,4
3898,WALM097,45-54,Prefer Not to Say,"Baltimore, MD",Fashion accessories,45,2/22/22,Ewallet,5
3899,WALM001,25-34,Non-Binary,"Baltimore, MD",Home and lifestyle,140,9/3/23,Ewallet,7
3900,WALM081,45-54,Non-Binary,"Louisville, KY",Fashion accessories,46,2/13/20,Ewallet,4
3901,WALM064,18-24,Female,"Indianapolis, IN",Home and lifestyle,180,6/10/21,Ewallet,6
3902,WALM047,45-54,Prefer Not to Say,"New Orleans, LA",Fashion accessories,150,3/26/23,Ewallet,5
3903,WALM036,25-34,Male,"Honolulu, HI",Home and lifestyle,20,8/18/22,Ewallet,5
3904,WALM059,18-24,Prefer Not to Say,"Charlotte, NC",Fashion accessories,44,8/27/22,Ewallet,5
3905,WALM048,18-24,Prefer Not to Say,"Nashville, TN",Home and lifestyle,243,8/11/22,Ewallet,9
3906,WALM100,35-44,Female,"Burlington, VT",Fashion accessories,52,4/28/20,Ewallet,8
3907,WALM007,55+,Non-Binary,"Denver, CO",Home and lifestyle,138,10/28/21,Ewallet,6
3908,WALM040,25-34,Non-Binary,"Minneapolis, MN",Fashion accessories,65,5/29/22,Ewallet,6
3909,WALM039,55+,Male,"Las Vegas, NV",Home and lifestyle,126,10/22/22,Ewallet,4
3910,WALM060,45-54,Male,"Providence, RI",Fashion accessories,57,7/21/20,Ewallet,9
3911,WALM031,18-24,Prefer Not to Say,"Salt Lake City, UT",Home and lifestyle,174,7/19/21,Ewallet,7
3912,WALM028,55+,Male,"Boston, MA",Fashion accessories,237,6/29/19,Ewallet,9
3913,WALM071,18-24,Non-Binary,"New Orleans, LA",Home and lifestyle,39,12/11/22,Ewallet,5
3914,WALM048,35-44,Female,"Honolulu, HI",Fashion accessories,30,5/28/19,Ewallet,9
3915,WALM021,18-24,Non-Binary,"Des Moines, IA",Home and lifestyle,102,4/13/19,Ewallet,5
3916,WALM033,25-34,Female,"Minneapolis, MN",Fashion accessories,158,11/13/19,Ewallet,8
3917,WALM068,35-44,Non-Binary,"Virginia Beach, VA",Home and lifestyle,31,5/18/22,Ewallet,5
3918,WALM061,55+,Prefer Not to Say,"Wilmington, DE",Fashion accessories,105,3/10/22,Ewallet,8
3919,WALM080,45-54,Male,"Hartford, CT",Home and lifestyle,142,10/4/19,Ewallet,4
3920,WALM043,45-54,Male,"Indianapolis, IN",Fashion accessories,55,5/21/19,Ewallet,6
3921,WALM043,35-44,Non-Binary,"Virginia Beach, VA",Home and lifestyle,222,12/8/22,Ewallet,8
3922,WALM031,18-24,Non-Binary,"Virginia Beach, VA",Fashion accessories,59,10/19/20,Ewallet,9
3923,WALM078,35-44,Male,"Boston, MA",Home and lifestyle,62,1/31/19,Ewallet,6
3924,WALM039,55+,Prefer Not to Say,"Jackson, MS",Fashion accessories,96,2/23/19,Ewallet,6
3925,WALM080,45-54,Male,"Portland, ME",Home and lifestyle,195,3/16/22,Ewallet,4
3926,WALM027,55+,Prefer Not to Say,"Albuquerque, NM",Fashion accessories,60,9/3/23,Ewallet,8
3927,WALM095,55+,Non-Binary,"Minneapolis, MN",Home and lifestyle,65,10/15/22,Ewallet,6
3928,WALM044,25-34,Male,"St. Louis, MO",Fashion accessories,168,1/1/23,Ewallet,7
3929,WALM060,55+,Non-Binary,"Charlotte, NC",Home and lifestyle,77,4/10/22,Ewallet,5
3930,WALM006,25-34,Female,"Houston, TX",Fashion accessories,41,4/8/21,Ewallet,9
3931,WALM091,45-54,Non-Binary,"Honolulu, HI",Home and lifestyle,48,8/24/21,Ewallet,5
3932,WALM041,18-24,Prefer Not to Say,"Burlington, VT",Fashion accessories,130,11/22/22,Ewallet,6
3933,WALM098,45-54,Male,"New York City, NY",Home and lifestyle,111,7/17/22,Ewallet,6
3934,WALM059,35-44,Prefer Not to Say,"Providence, RI",Fashion accessories,29,4/19/20,Ewallet,7
3935,WALM052,35-44,Female,"Wichita, KS",Home and lifestyle,50,3/28/21,Ewallet,5
3936,WALM008,55+,Male,"Portland, OR",Fashion accessories,102,4/27/21,Ewallet,9
3937,WALM091,35-44,Male,"Providence, RI",Home and lifestyle,42,3/31/21,Ewallet,4
3938,WALM085,18-24,Male,"New Orleans, LA",Fashion accessories,153,1/3/19,Ewallet,8
3939,WALM094,35-44,Prefer Not to Say,"Charleston, WV",Home and lifestyle,59,1/1/20,Ewallet,8
3940,WALM052,55+,Prefer Not to Say,"Phoenix, AZ",Fashion accessories,146,11/17/22,Ewallet,9
3941,WALM039,18-24,Female,"Sioux Falls, SD",Home and lifestyle,162,8/25/19,Ewallet,6
3942,WALM028,35-44,Male,"Los Angeles, CA",Fashion accessories,198,9/15/19,Ewallet,6
3943,WALM093,35-44,Non-Binary,"Los Angeles, CA",Home and lifestyle,63,4/24/19,Ewallet,6
3944,WALM092,35-44,Prefer Not to Say,"Wichita, KS",Fashion accessories,66,10/22/19,Ewallet,8
3945,WALM070,45-54,Female,"Portland, OR",Home and lifestyle,93,12/31/22,Ewallet,8
3946,WALM064,18-24,Non-Binary,"Portland, OR",Fashion accessories,51,3/21/19,Ewallet,6
3947,WALM047,35-44,Non-Binary,"Indianapolis, IN",Home and lifestyle,19,9/19/19,Ewallet,7
3948,WALM098,18-24,Prefer Not to Say,"Philadelphia, PA",Fashion accessories,152,4/25/22,Ewallet,7
3949,WALM078,35-44,Prefer Not to Say,"Billings, MT",Home and lifestyle,164,7/15/19,Ewallet,7
3950,WALM014,18-24,Female,"Las Vegas, NV",Fashion accessories,24,7/2/22,Ewallet,7
3951,WALM007,35-44,Prefer Not to Say,"Detroit, MI",Home and lifestyle,48,10/23/20,Ewallet,7
3952,WALM088,45-54,Female,"Charleston, WV",Fashion accessories,57,12/11/19,Ewallet,5
3953,WALM001,18-24,Prefer Not to Say,"Salt Lake City, UT",Home and lifestyle,231,5/24/21,Ewallet,5
3954,WALM039,55+,Non-Binary,"Omaha, NE",Fashion accessories,114,7/19/19,Ewallet,5
3955,WALM013,35-44,Prefer Not to Say,"Jackson, MS",Home and lifestyle,78,4/6/19,Ewallet,6
3956,WALM077,55+,Prefer Not to Say,"Las Vegas, NV",Fashion accessories,198,4/10/20,Ewallet,4
3957,WALM016,25-34,Non-Binary,"Milwaukee, WI",Home and lifestyle,42,12/31/23,Ewallet,9
3958,WALM098,55+,Non-Binary,"Phoenix, AZ",Fashion accessories,38,10/11/20,Ewallet,9
3959,WALM098,18-24,Non-Binary,"Philadelphia, PA",Home and lifestyle,177,7/4/23,Ewallet,5
3960,WALM010,55+,Female,"Philadelphia, PA",Fashion accessories,61,4/29/23,Ewallet,9
3961,WALM097,35-44,Prefer Not to Say,"Providence, RI",Home and lifestyle,92,3/8/19,Ewallet,7
3962,WALM092,35-44,Non-Binary,"Albuquerque, NM",Fashion accessories,152,8/26/22,Ewallet,4
3963,WALM018,35-44,Male,"Orlando, FL",Home and lifestyle,189,12/26/21,Ewallet,9
3964,WALM020,25-34,Prefer Not to Say,"Boise, ID",Fashion accessories,48,2/7/19,Ewallet,9
3965,WALM007,25-34,Non-Binary,"Omaha, NE",Home and lifestyle,67,7/28/20,Ewallet,4
3966,WALM036,25-34,Male,"Los Angeles, CA",Fashion accessories,81,4/18/19,Ewallet,7
3967,WALM063,18-24,Male,"Denver, CO",Home and lifestyle,21,6/4/23,Ewallet,4
3968,WALM013,18-24,Non-Binary,"New Orleans, LA",Fashion accessories,60,8/14/23,Ewallet,7
3969,WALM091,45-54,Prefer Not to Say,"Louisville, KY",Home and lifestyle,118,4/20/23,Ewallet,5
3970,WALM051,25-34,Non-Binary,"Burlington, VT",Fashion accessories,228,5/13/22,Ewallet,8
3971,WALM052,45-54,Male,"Little Rock, AR",Home and lifestyle,81,11/25/23,Ewallet,8
3972,WALM097,25-34,Female,"Omaha, NE",Fashion accessories,93,5/22/19,Ewallet,4
3973,WALM081,18-24,Female,"Seattle, WA",Home and lifestyle,19,11/29/19,Ewallet,5
3974,WALM096,35-44,Female,"Baltimore, MD",Fashion accessories,132,8/31/21,Ewallet,5
3975,WALM016,25-34,Male,"Milwaukee, WI",Home and lifestyle,64,11/20/21,Ewallet,8
3976,WALM062,35-44,Female,"Fargo, ND",Fashion accessories,60,5/7/19,Ewallet,9
3977,WALM001,35-44,Non-Binary,"Little Rock, AR",Home and lifestyle,207,1/24/23,Ewallet,4
3978,WALM067,18-24,Female,"Denver, CO",Fashion accessories,106,2/19/20,Ewallet,8
3979,WALM097,35-44,Male,"Philadelphia, PA",Home and lifestyle,39,12/9/20,Ewallet,4
3980,WALM100,55+,Male,"Louisville, KY",Fashion accessories,39,1/9/23,Ewallet,6
3981,WALM002,25-34,Prefer Not to Say,"Portland, OR",Home and lifestyle,189,9/27/22,Ewallet,6
3982,WALM083,18-24,Prefer Not to Say,"Houston, TX",Fashion accessories,148,6/19/23,Ewallet,6
3983,WALM043,55+,Male,"Nashville, TN",Home and lifestyle,54,8/12/21,Ewallet,5
3984,WALM061,55+,Female,"Indianapolis, IN",Fashion accessories,24,1/4/19,Ewallet,6
3985,WALM051,25-34,Female,"Cheyenne, WY",Home and lifestyle,146,11/11/21,Ewallet,6
3986,WALM052,18-24,Non-Binary,"Portland, ME",Fashion accessories,72,12/22/23,Ewallet,6
3987,WALM024,25-34,Non-Binary,"Little Rock, AR",Home and lifestyle,162,5/5/19,Ewallet,4
3988,WALM076,25-34,Male,"Boston, MA",Fashion accessories,48,2/6/22,Ewallet,9
3989,WALM088,18-24,Male,"Columbus, OH",Home and lifestyle,58,6/7/20,Ewallet,9
3990,WALM062,35-44,Prefer Not to Say,"Denver, CO",Fashion accessories,216,2/17/21,Ewallet,5
3991,WALM094,35-44,Female,"Birmingham, AL",Home and lifestyle,69,3/14/20,Ewallet,7
3992,WALM048,18-24,Female,"Burlington, VT",Fashion accessories,102,8/25/19,Ewallet,8
3993,WALM011,45-54,Prefer Not to Say,"Houston, TX",Home and lifestyle,22,10/3/20,Ewallet,5
3994,WALM085,35-44,Non-Binary,"Virginia Beach, VA",Fashion accessories,207,5/26/23,Ewallet,6
3995,WALM034,35-44,Prefer Not to Say,"Wilmington, DE",Home and lifestyle,174,7/7/22,Ewallet,7
3996,WALM015,45-54,Non-Binary,"Boston, MA",Fashion accessories,46,11/26/23,Ewallet,6
3997,WALM004,45-54,Prefer Not to Say,"Phoenix, AZ",Home and lifestyle,138,9/5/20,Ewallet,9
3998,WALM100,35-44,Non-Binary,"Fargo, ND",Fashion accessories,45,8/7/21,Ewallet,5
3999,WALM027,45-54,Male,"Phoenix, AZ",Home and lifestyle,40,8/1/21,Ewallet,4
4000,WALM096,18-24,Female,"New York City, NY",Fashion accessories,42,9/23/20,Ewallet,7
4001,WALM009,18-24,Male,"Cheyenne, WY",Home and lifestyle,55,6/12/21,Ewallet,7
4002,WALM064,18-24,Non-Binary,"Las Vegas, NV",Fashion accessories,17,3/24/23,Ewallet,4
4003,WALM028,45-54,Female,"Oklahoma City, OK",Home and lifestyle,34,12/18/19,Ewallet,6
4004,WALM066,55+,Female,"Wilmington, DE",Fashion accessories,138,7/3/20,Ewallet,8
4005,WALM077,18-24,Prefer Not to Say,"Chicago, IL",Home and lifestyle,98,1/27/22,Ewallet,8
4006,WALM058,35-44,Female,"Omaha, NE",Fashion accessories,201,7/17/19,Ewallet,4
4007,WALM071,35-44,Male,"Louisville, KY",Home and lifestyle,63,12/8/19,Ewallet,4
4008,WALM026,45-54,Female,"Billings, MT",Fashion accessories,23,8/8/19,Ewallet,9
4009,WALM100,45-54,Prefer Not to Say,"Minneapolis, MN",Home and lifestyle,153,10/18/23,Ewallet,6
4010,WALM008,25-34,Prefer Not to Say,"Little Rock, AR",Fashion accessories,68,6/23/19,Ewallet,4
4011,WALM026,35-44,Non-Binary,"Las Vegas, NV",Home and lifestyle,90,8/3/20,Ewallet,4
4012,WALM094,45-54,Male,"Milwaukee, WI",Fashion accessories,162,5/22/22,Ewallet,6
4013,WALM039,35-44,Female,"Los Angeles, CA",Home and lifestyle,135,10/16/23,Ewallet,4
4014,WALM024,55+,Female,"New York City, NY",Fashion accessories,129,2/12/23,Ewallet,7
4015,WALM039,55+,Non-Binary,"Charlotte, NC",Home and lifestyle,18,8/5/21,Ewallet,7
4016,WALM045,45-54,Male,"Charleston, SC",Fashion accessories,162,2/27/21,Credit card,4
4017,WALM027,45-54,Non-Binary,"Anchorage, AK",Home and lifestyle,168,9/2/19,Ewallet,5
4018,WALM061,55+,Prefer Not to Say,"Orlando, FL",Fashion accessories,44,11/21/20,Ewallet,7
4019,WALM008,35-44,Non-Binary,"New Orleans, LA",Home and lifestyle,132,5/4/19,Ewallet,7
4020,WALM076,55+,Non-Binary,"Los Angeles, CA",Fashion accessories,66,8/14/22,Ewallet,6
4021,WALM052,25-34,Male,"Jackson, MS",Home and lifestyle,72,6/30/23,Ewallet,7
4022,WALM023,18-24,Prefer Not to Say,"Boston, MA",Fashion accessories,50,8/6/21,Ewallet,6
4023,WALM097,35-44,Prefer Not to Say,"Fargo, ND",Home and lifestyle,68,2/13/19,Ewallet,7
4024,WALM006,25-34,Male,"Louisville, KY",Fashion accessories,19,4/10/23,Ewallet,9
4025,WALM088,25-34,Non-Binary,"Baltimore, MD",Home and lifestyle,71,12/16/23,Ewallet,9
4026,WALM051,25-34,Non-Binary,"Des Moines, IA",Fashion accessories,57,9/25/21,Ewallet,5
4027,WALM034,18-24,Female,"Little Rock, AR",Home and lifestyle,38,9/26/23,Ewallet,5
4028,WALM083,25-34,Female,"Fargo, ND",Fashion accessories,48,5/20/20,Ewallet,6
4029,WALM064,18-24,Non-Binary,"Portland, ME",Home and lifestyle,75,8/9/23,Ewallet,5
4030,WALM077,45-54,Non-Binary,"Des Moines, IA",Fashion accessories,33,11/27/23,Ewallet,7
4031,WALM030,18-24,Female,"Louisville, KY",Home and lifestyle,82,11/27/19,Ewallet,5
4032,WALM031,45-54,Female,"New Orleans, LA",Fashion accessories,82,4/29/20,Ewallet,8
4033,WALM039,55+,Male,"Detroit, MI",Home and lifestyle,126,4/29/19,Ewallet,4
4034,WALM026,35-44,Prefer Not to Say,"Boise, ID",Fashion accessories,77,8/17/20,Ewallet,7
4035,WALM062,55+,Female,"Anchorage, AK",Home and lifestyle,128,7/18/21,Ewallet,9
4036,WALM007,45-54,Prefer Not to Say,"Orlando, FL",Fashion accessories,168,11/16/21,Ewallet,9
4037,WALM002,25-34,Female,"Newark, NJ",Home and lifestyle,60,10/12/23,Ewallet,4
4038,WALM095,18-24,Prefer Not to Say,"Portland, ME",Fashion accessories,132,4/2/20,Ewallet,4
4039,WALM022,35-44,Non-Binary,"Portland, OR",Home and lifestyle,177,12/22/20,Ewallet,8
4040,WALM085,18-24,Female,"Phoenix, AZ",Fashion accessories,39,9/20/23,Ewallet,9
4041,WALM007,45-54,Male,"Louisville, KY",Home and lifestyle,48,12/19/22,Ewallet,8
4042,WALM037,35-44,Prefer Not to Say,"Cheyenne, WY",Fashion accessories,222,3/2/22,Ewallet,8
4043,WALM036,25-34,Non-Binary,"Hartford, CT",Home and lifestyle,122,2/23/23,Ewallet,8
4044,WALM024,45-54,Female,"Cheyenne, WY",Fashion accessories,80,6/7/23,Ewallet,9
4045,WALM093,55+,Female,"Portland, OR",Home and lifestyle,219,1/7/19,Ewallet,9
4046,WALM090,18-24,Female,"Burlington, VT",Fashion accessories,237,3/8/19,Ewallet,7
4047,WALM017,25-34,Male,"Philadelphia, PA",Home and lifestyle,75,12/4/22,Ewallet,4
4048,WALM015,35-44,Prefer Not to Say,"Hartford, CT",Fashion accessories,114,7/14/19,Ewallet,5
4049,WALM030,45-54,Female,"Virginia Beach, VA",Home and lifestyle,50,11/15/20,Ewallet,4
4050,WALM072,45-54,Non-Binary,"Seattle, WA",Fashion accessories,240,1/24/21,Ewallet,7
4051,WALM069,25-34,Male,"New York City, NY",Home and lifestyle,24,1/28/21,Ewallet,6
4052,WALM012,35-44,Female,"Birmingham, AL",Fashion accessories,28,7/2/19,Ewallet,9
4053,WALM052,25-34,Non-Binary,"Manchester, NH",Home and lifestyle,158,12/9/21,Ewallet,9
4054,WALM080,25-34,Male,"Baltimore, MD",Fashion accessories,30,2/20/22,Ewallet,6
4055,WALM017,35-44,Non-Binary,"Charleston, SC",Home and lifestyle,72,7/22/21,Ewallet,4
4056,WALM036,25-34,Prefer Not to Say,"Minneapolis, MN",Fashion accessories,136,7/10/21,Ewallet,6
4057,WALM088,45-54,Male,"Wilmington, DE",Home and lifestyle,136,11/30/22,Ewallet,8
4058,WALM036,55+,Non-Binary,"Little Rock, AR",Fashion accessories,67,6/23/19,Ewallet,7
4059,WALM062,45-54,Male,"Anchorage, AK",Home and lifestyle,105,6/11/21,Ewallet,4
4060,WALM085,55+,Female,"Charlotte, NC",Fashion accessories,23,9/9/20,Ewallet,8
4061,WALM077,18-24,Prefer Not to Say,"Charleston, SC",Home and lifestyle,210,3/7/20,Ewallet,9
4062,WALM011,25-34,Non-Binary,"Omaha, NE",Fashion accessories,20,9/11/22,Ewallet,8
4063,WALM068,35-44,Female,"Cheyenne, WY",Home and lifestyle,29,1/25/23,Ewallet,6
4064,WALM093,25-34,Female,"Virginia Beach, VA",Fashion accessories,88,12/13/21,Ewallet,6
4065,WALM041,25-34,Non-Binary,"Honolulu, HI",Home and lifestyle,24,2/7/21,Ewallet,4
4066,WALM041,35-44,Female,"Wichita, KS",Fashion accessories,108,12/25/22,Ewallet,9
4067,WALM024,55+,Female,"Houston, TX",Home and lifestyle,76,10/30/22,Ewallet,9
4068,WALM034,45-54,Prefer Not to Say,"Phoenix, AZ",Fashion accessories,31,3/29/20,Ewallet,8
4069,WALM019,55+,Male,"Atlanta, GA",Home and lifestyle,75,12/13/23,Ewallet,6
4070,WALM007,45-54,Female,"Denver, CO",Fashion accessories,159,12/25/23,Ewallet,6
4071,WALM096,45-54,Female,"Fargo, ND",Home and lifestyle,156,6/2/19,Ewallet,6
4072,WALM095,35-44,Prefer Not to Say,"Phoenix, AZ",Fashion accessories,183,1/10/19,Ewallet,6
4073,WALM030,25-34,Female,"Hartford, CT",Home and lifestyle,80,6/1/19,Ewallet,4
4074,WALM045,25-34,Prefer Not to Say,"Virginia Beach, VA",Fashion accessories,47,1/27/20,Credit card,4
4075,WALM017,18-24,Prefer Not to Say,"Philadelphia, PA",Home and lifestyle,168,3/27/22,Ewallet,6
4076,WALM072,25-34,Prefer Not to Say,"St. Louis, MO",Fashion accessories,77,9/11/19,Ewallet,4
4077,WALM034,25-34,Non-Binary,"Denver, CO",Home and lifestyle,150,7/1/20,Ewallet,7
4078,WALM088,55+,Non-Binary,"Wichita, KS",Fashion accessories,41,6/26/19,Ewallet,7
4079,WALM010,25-34,Non-Binary,"Phoenix, AZ",Home and lifestyle,237,3/10/21,Ewallet,5
4080,WALM083,45-54,Prefer Not to Say,"Las Vegas, NV",Fashion accessories,106,4/17/23,Ewallet,9
4081,WALM015,25-34,Female,"Salt Lake City, UT",Home and lifestyle,60,9/6/22,Ewallet,6
4082,WALM017,35-44,Prefer Not to Say,"Philadelphia, PA",Fashion accessories,189,2/13/21,Ewallet,4
4083,WALM062,45-54,Female,"Providence, RI",Home and lifestyle,201,1/30/23,Ewallet,9
4084,WALM076,45-54,Female,"Seattle, WA",Fashion accessories,50,10/20/19,Ewallet,8
4085,WALM078,18-24,Male,"Charlotte, NC",Home and lifestyle,58,5/31/20,Ewallet,6
4086,WALM044,35-44,Non-Binary,"Milwaukee, WI",Fashion accessories,165,11/2/20,Ewallet,5
4087,WALM094,25-34,Female,"Indianapolis, IN",Home and lifestyle,164,9/20/20,Ewallet,7
4088,WALM008,35-44,Male,"Milwaukee, WI",Fashion accessories,116,12/30/21,Ewallet,5
4089,WALM044,35-44,Female,"Fargo, ND",Home and lifestyle,74,3/4/19,Ewallet,4
4090,WALM078,25-34,Non-Binary,"Manchester, NH",Fashion accessories,156,6/5/21,Ewallet,8
4091,WALM049,25-34,Prefer Not to Say,"Nashville, TN",Home and lifestyle,49,10/3/22,Ewallet,7
4092,WALM005,35-44,Prefer Not to Say,"New York City, NY",Fashion accessories,80,1/18/22,Ewallet,7
4093,WALM058,25-34,Male,"St. Louis, MO",Home and lifestyle,17,9/24/22,Ewallet,4
4094,WALM022,18-24,Male,"Birmingham, AL",Fashion accessories,146,3/10/22,Ewallet,9
4095,WALM078,45-54,Male,"Fargo, ND",Home and lifestyle,122,6/19/22,Ewallet,6
4096,WALM053,45-54,Prefer Not to Say,"Providence, RI",Fashion accessories,144,5/16/23,Ewallet,7
4097,WALM037,45-54,Female,"Jackson, MS",Home and lifestyle,38,8/14/20,Ewallet,6
4098,WALM076,45-54,Male,"Newark, NJ",Fashion accessories,255,7/12/19,Ewallet,9
4099,WALM028,18-24,Female,"Phoenix, AZ",Home and lifestyle,53,1/22/21,Ewallet,4
4100,WALM007,18-24,Female,"New York City, NY",Fashion accessories,174,4/18/20,Ewallet,5
4101,WALM060,35-44,Non-Binary,"Cheyenne, WY",Home and lifestyle,129,11/23/23,Ewallet,8
4102,WALM048,18-24,Male,"Baltimore, MD",Fashion accessories,66,12/2/19,Ewallet,6
4103,WALM039,45-54,Male,"Wilmington, DE",Home and lifestyle,252,2/17/21,Ewallet,7
4104,WALM059,25-34,Prefer Not to Say,"Wilmington, DE",Fashion accessories,68,8/3/22,Ewallet,5
4105,WALM059,25-34,Non-Binary,"Omaha, NE",Home and lifestyle,30,4/20/21,Ewallet,9
4106,WALM044,25-34,Male,"Louisville, KY",Fashion accessories,129,1/23/19,Ewallet,5
4107,WALM092,45-54,Male,"Wilmington, DE",Home and lifestyle,140,2/25/22,Ewallet,5
4108,WALM023,25-34,Prefer Not to Say,"Billings, MT",Fashion accessories,201,10/26/19,Ewallet,9
4109,WALM013,55+,Non-Binary,"Salt Lake City, UT",Home and lifestyle,82,11/3/21,Ewallet,4
4110,WALM001,45-54,Non-Binary,"Louisville, KY",Fashion accessories,17,3/10/20,Ewallet,5
4111,WALM060,55+,Prefer Not to Say,"Milwaukee, WI",Home and lifestyle,43,5/19/19,Ewallet,9
4112,WALM005,25-34,Female,"Philadelphia, PA",Fashion accessories,76,10/25/23,Ewallet,7
4113,WALM015,25-34,Male,"Los Angeles, CA",Home and lifestyle,60,10/5/19,Ewallet,6
4114,WALM031,35-44,Male,"Portland, OR",Fashion accessories,156,7/11/19,Ewallet,7
4115,WALM079,35-44,Prefer Not to Say,"Las Vegas, NV",Home and lifestyle,132,7/28/22,Ewallet,9
4116,WALM043,25-34,Non-Binary,"Chicago, IL",Fashion accessories,177,11/2/19,Ewallet,4
4117,WALM024,45-54,Female,"Sioux Falls, SD",Home and lifestyle,122,4/3/22,Ewallet,9
4118,WALM064,35-44,Prefer Not to Say,"Portland, OR",Fashion accessories,58,12/8/22,Ewallet,5
4119,WALM063,25-34,Male,"Charleston, WV",Home and lifestyle,27,6/15/21,Ewallet,8
4120,WALM085,18-24,Female,"Oklahoma City, OK",Fashion accessories,252,10/11/21,Ewallet,8
4121,WALM007,35-44,Non-Binary,"Minneapolis, MN",Home and lifestyle,72,1/6/21,Ewallet,8
4122,WALM044,55+,Prefer Not to Say,"Boston, MA",Fashion accessories,15,5/30/23,Ewallet,5
4123,WALM033,45-54,Female,"Cheyenne, WY",Home and lifestyle,123,3/8/19,Ewallet,7
4124,WALM057,55+,Male,"Wichita, KS",Fashion accessories,153,1/17/19,Ewallet,4
4125,WALM094,25-34,Male,"Indianapolis, IN",Home and lifestyle,44,12/26/23,Ewallet,6
4126,WALM077,45-54,Non-Binary,"Denver, CO",Fashion accessories,41,12/24/20,Ewallet,8
4127,WALM012,18-24,Female,"Houston, TX",Home and lifestyle,231,3/27/20,Ewallet,4
4128,WALM021,55+,Non-Binary,"Honolulu, HI",Fashion accessories,74,8/27/20,Ewallet,4
4129,WALM037,18-24,Female,"Virginia Beach, VA",Home and lifestyle,71,4/20/23,Ewallet,9
4130,WALM007,18-24,Prefer Not to Say,"Nashville, TN",Fashion accessories,132,6/7/23,Ewallet,7
4131,WALM064,35-44,Male,"Billings, MT",Home and lifestyle,140,5/26/22,Ewallet,5
4132,WALM026,45-54,Non-Binary,"Minneapolis, MN",Fashion accessories,53,3/24/19,Ewallet,5
4133,WALM076,35-44,Non-Binary,"Chicago, IL",Home and lifestyle,20,9/25/21,Ewallet,9
4134,WALM030,35-44,Non-Binary,"Orlando, FL",Fashion accessories,142,2/2/20,Ewallet,4
4135,WALM092,45-54,Prefer Not to Say,"Baltimore, MD",Home and lifestyle,69,12/29/21,Ewallet,4
4136,WALM060,35-44,Prefer Not to Say,"Orlando, FL",Fashion accessories,78,3/17/21,Ewallet,4
4137,WALM012,18-24,Prefer Not to Say,"Los Angeles, CA",Home and lifestyle,84,11/6/19,Ewallet,8
4138,WALM021,18-24,Prefer Not to Say,"Chicago, IL",Fashion accessories,174,8/18/23,Ewallet,7
4139,WALM027,35-44,Male,"Birmingham, AL",Home and lifestyle,80,1/19/19,Ewallet,5
4140,WALM072,35-44,Non-Binary,"New York City, NY",Fashion accessories,42,5/2/21,Ewallet,7
4141,WALM008,35-44,Female,"Cheyenne, WY",Home and lifestyle,255,5/26/22,Ewallet,5
4142,WALM078,55+,Male,"Albuquerque, NM",Fashion accessories,122,5/24/20,Ewallet,5
4143,WALM062,25-34,Male,"Fargo, ND",Home and lifestyle,166,10/3/20,Ewallet,4
4144,WALM021,45-54,Non-Binary,"Sioux Falls, SD",Fashion accessories,15,10/19/21,Ewallet,6
4145,WALM024,45-54,Male,"Charleston, SC",Home and lifestyle,33,1/17/20,Ewallet,4
4146,WALM034,45-54,Female,"New York City, NY",Fashion accessories,240,7/23/19,Ewallet,6
4147,WALM034,25-34,Non-Binary,"Jackson, MS",Home and lifestyle,84,5/10/21,Ewallet,5
4148,WALM001,25-34,Female,"Denver, CO",Fashion accessories,162,7/22/19,Ewallet,8
4149,WALM096,18-24,Male,"Seattle, WA",Home and lifestyle,86,5/16/19,Ewallet,5
4150,WALM063,45-54,Prefer Not to Say,"Boise, ID",Fashion accessories,141,5/18/22,Ewallet,5
4151,WALM013,45-54,Male,"Charlotte, NC",Home and lifestyle,77,10/22/21,Ewallet,7
4152,WALM033,25-34,Prefer Not to Say,"Detroit, MI",Fashion accessories,162,10/29/19,Ewallet,5
4153,WALM022,45-54,Prefer Not to Say,"Columbus, OH",Home and lifestyle,82,8/18/21,Ewallet,4
4154,WALM017,45-54,Male,"Louisville, KY",Fashion accessories,201,11/17/19,Ewallet,6
4155,WALM080,35-44,Female,"Charleston, SC",Home and lifestyle,114,1/8/22,Ewallet,8
4156,WALM097,35-44,Non-Binary,"Little Rock, AR",Fashion accessories,100,7/15/23,Ewallet,5
4157,WALM093,55+,Prefer Not to Say,"Jackson, MS",Home and lifestyle,36,1/22/20,Ewallet,4
4158,WALM094,45-54,Non-Binary,"Seattle, WA",Fashion accessories,154,8/9/23,Ewallet,6
4159,WALM014,35-44,Prefer Not to Say,"Indianapolis, IN",Home and lifestyle,67,2/1/23,Ewallet,7
4160,WALM048,18-24,Prefer Not to Say,"Orlando, FL",Fashion accessories,126,3/30/21,Ewallet,7
4161,WALM083,45-54,Prefer Not to Say,"Orlando, FL",Home and lifestyle,177,9/16/21,Ewallet,6
4162,WALM016,45-54,Non-Binary,"Hartford, CT",Fashion accessories,55,4/27/23,Ewallet,5
4163,WALM090,25-34,Male,"Chicago, IL",Home and lifestyle,168,1/14/19,Ewallet,7
4164,WALM006,25-34,Prefer Not to Say,"Atlanta, GA",Fashion accessories,66,10/15/21,Ewallet,9
4165,WALM070,35-44,Male,"Atlanta, GA",Home and lifestyle,94,1/15/21,Ewallet,5
4166,WALM027,35-44,Female,"Houston, TX",Fashion accessories,45,5/15/21,Ewallet,7
4167,WALM064,35-44,Female,"Albuquerque, NM",Home and lifestyle,116,12/1/20,Ewallet,5
4168,WALM024,55+,Female,"Charlotte, NC",Fashion accessories,48,8/22/19,Ewallet,6
4169,WALM006,55+,Male,"Milwaukee, WI",Home and lifestyle,78,11/16/20,Ewallet,5
4170,WALM007,18-24,Male,"Honolulu, HI",Fashion accessories,53,9/20/21,Ewallet,4
4171,WALM060,45-54,Prefer Not to Say,"Charlotte, NC",Home and lifestyle,29,1/28/19,Ewallet,9
4172,WALM007,35-44,Prefer Not to Say,"Wilmington, DE",Fashion accessories,225,8/19/21,Ewallet,6
4173,WALM058,35-44,Female,"Milwaukee, WI",Home and lifestyle,128,8/25/22,Ewallet,4
4174,WALM026,35-44,Prefer Not to Say,"Omaha, NE",Fashion accessories,55,3/27/20,Ewallet,4
4175,WALM039,55+,Prefer Not to Say,"Providence, RI",Home and lifestyle,31,5/18/22,Ewallet,7
4176,WALM011,18-24,Prefer Not to Say,"New Orleans, LA",Fashion accessories,42,8/8/23,Ewallet,5
4177,WALM090,25-34,Prefer Not to Say,"Hartford, CT",Home and lifestyle,18,1/3/22,Ewallet,9
4178,WALM001,55+,Non-Binary,"Salt Lake City, UT",Fashion accessories,102,2/27/19,Ewallet,4
4179,WALM077,45-54,Non-Binary,"Salt Lake City, UT",Home and lifestyle,50,1/30/22,Ewallet,6
4180,WALM045,35-44,Male,"Wilmington, DE",Fashion accessories,150,8/25/23,Credit card,6
4181,WALM040,45-54,Male,"Manchester, NH",Home and lifestyle,63,1/13/21,Ewallet,8
4182,WALM094,18-24,Female,"Louisville, KY",Fashion accessories,48,6/16/20,Ewallet,8
4183,WALM012,55+,Female,"Portland, OR",Home and lifestyle,140,2/12/23,Ewallet,6
4184,WALM043,45-54,Male,"Manchester, NH",Fashion accessories,213,1/1/21,Ewallet,8
4185,WALM045,45-54,Non-Binary,"Wichita, KS",Home and lifestyle,102,12/13/23,Credit card,4
4186,WALM027,55+,Female,"Boise, ID",Fashion accessories,156,10/18/19,Ewallet,5
4187,WALM067,18-24,Female,"Cheyenne, WY",Home and lifestyle,195,6/4/23,Ewallet,9
4188,WALM047,55+,Female,"Providence, RI",Fashion accessories,168,12/1/19,Ewallet,8
4189,WALM079,25-34,Female,"Phoenix, AZ",Home and lifestyle,60,1/21/22,Ewallet,7
4190,WALM080,55+,Male,"Little Rock, AR",Fashion accessories,85,3/7/20,Ewallet,6
4191,WALM064,35-44,Female,"Wilmington, DE",Home and lifestyle,42,3/1/21,Ewallet,9
4192,WALM036,55+,Male,"Charleston, WV",Fashion accessories,120,12/15/22,Ewallet,5
4193,WALM049,25-34,Male,"Boise, ID",Home and lifestyle,146,1/3/21,Ewallet,9
4194,WALM080,25-34,Non-Binary,"Indianapolis, IN",Fashion accessories,116,4/17/20,Ewallet,9
4195,WALM098,35-44,Female,"Columbus, OH",Home and lifestyle,76,12/16/21,Ewallet,9
4196,WALM061,25-34,Female,"Sioux Falls, SD",Fashion accessories,166,2/10/21,Ewallet,4
4197,WALM031,35-44,Male,"Milwaukee, WI",Home and lifestyle,50,4/14/20,Ewallet,9
4198,WALM010,25-34,Prefer Not to Say,"Hartford, CT",Fashion accessories,106,4/28/21,Ewallet,6
4199,WALM001,25-34,Male,"Seattle, WA",Home and lifestyle,156,9/23/19,Ewallet,9
4200,WALM030,45-54,Prefer Not to Say,"Des Moines, IA",Fashion accessories,144,6/11/22,Ewallet,4
4201,WALM062,55+,Male,"Seattle, WA",Home and lifestyle,210,7/1/23,Ewallet,4
4202,WALM064,35-44,Non-Binary,"Charlotte, NC",Fashion accessories,168,12/17/19,Ewallet,5
4203,WALM012,55+,Non-Binary,"Des Moines, IA",Home and lifestyle,249,10/14/23,Ewallet,4
4204,WALM067,18-24,Female,"Burlington, VT",Fashion accessories,204,11/24/19,Ewallet,5
4205,WALM039,25-34,Non-Binary,"Salt Lake City, UT",Home and lifestyle,156,4/25/23,Ewallet,7
4206,WALM031,25-34,Prefer Not to Say,"Chicago, IL",Fashion accessories,18,8/1/22,Ewallet,6
4207,WALM011,35-44,Non-Binary,"Billings, MT",Home and lifestyle,132,2/3/23,Ewallet,6
4208,WALM095,25-34,Female,"Nashville, TN",Fashion accessories,16,9/22/23,Ewallet,7
4209,WALM092,35-44,Non-Binary,"Seattle, WA",Home and lifestyle,26,2/14/20,Ewallet,9
4210,WALM076,55+,Non-Binary,"Albuquerque, NM",Fashion accessories,48,11/25/19,Ewallet,6
4211,WALM040,18-24,Male,"Detroit, MI",Home and lifestyle,240,2/9/21,Ewallet,5
4212,WALM031,35-44,Male,"Portland, OR",Fashion accessories,48,2/21/19,Ewallet,8
4213,WALM014,18-24,Non-Binary,"Charlotte, NC",Home and lifestyle,58,11/9/21,Ewallet,9
4214,WALM060,18-24,Non-Binary,"Indianapolis, IN",Fashion accessories,104,6/21/19,Ewallet,7
4215,WALM028,25-34,Prefer Not to Say,"Oklahoma City, OK",Home and lifestyle,30,12/31/20,Ewallet,5
4216,WALM006,25-34,Female,"Newark, NJ",Fashion accessories,168,3/18/23,Ewallet,8
4217,WALM048,45-54,Prefer Not to Say,"New Orleans, LA",Home and lifestyle,74,6/18/21,Ewallet,4
4218,WALM033,25-34,Non-Binary,"Burlington, VT",Fashion accessories,132,10/26/23,Ewallet,9
4219,WALM057,45-54,Prefer Not to Say,"Las Vegas, NV",Home and lifestyle,48,4/1/19,Ewallet,5
4220,WALM006,35-44,Non-Binary,"Portland, ME",Fashion accessories,45,6/8/19,Ewallet,8
4221,WALM047,25-34,Male,"Boise, ID",Home and lifestyle,49,11/21/19,Ewallet,6
4222,WALM059,18-24,Prefer Not to Say,"Charleston, SC",Fashion accessories,120,1/12/21,Ewallet,8
4223,WALM095,45-54,Female,"Charleston, SC",Home and lifestyle,159,7/25/21,Ewallet,7
4224,WALM051,45-54,Non-Binary,"Louisville, KY",Fashion accessories,142,12/18/20,Ewallet,5
4225,WALM092,18-24,Prefer Not to Say,"Houston, TX",Home and lifestyle,78,11/9/22,Ewallet,6
4226,WALM090,45-54,Prefer Not to Say,"Jackson, MS",Fashion accessories,102,11/19/23,Ewallet,9
4227,WALM059,55+,Female,"Minneapolis, MN",Home and lifestyle,86,10/12/20,Ewallet,5
4228,WALM048,25-34,Male,"New York City, NY",Fashion accessories,44,6/1/19,Ewallet,8
4229,WALM017,45-54,Female,"Charleston, SC",Home and lifestyle,207,5/12/22,Ewallet,5
4230,WALM069,45-54,Prefer Not to Say,"St. Louis, MO",Fashion accessories,99,7/17/23,Ewallet,8
4231,WALM030,55+,Female,"Wilmington, DE",Home and lifestyle,168,12/23/21,Ewallet,7
4232,WALM017,45-54,Male,"Charleston, SC",Fashion accessories,246,3/26/21,Ewallet,7
4233,WALM030,35-44,Female,"Burlington, VT",Home and lifestyle,21,12/3/20,Ewallet,8
4234,WALM095,55+,Prefer Not to Say,"Detroit, MI",Fashion accessories,198,1/28/20,Ewallet,9
4235,WALM037,55+,Male,"Milwaukee, WI",Home and lifestyle,28,1/8/22,Ewallet,6
4236,WALM092,18-24,Non-Binary,"Portland, OR",Fashion accessories,111,6/30/20,Ewallet,8
4237,WALM085,25-34,Male,"Baltimore, MD",Home and lifestyle,67,8/30/21,Ewallet,7
4238,WALM051,45-54,Female,"Jackson, MS",Fashion accessories,171,8/25/23,Ewallet,8
4239,WALM045,45-54,Prefer Not to Say,"Newark, NJ",Home and lifestyle,37,5/12/19,Credit card,8
4240,WALM027,45-54,Male,"Honolulu, HI",Fashion accessories,201,4/20/23,Ewallet,5
4241,WALM011,45-54,Male,"Salt Lake City, UT",Home and lifestyle,84,1/23/23,Ewallet,9
4242,WALM097,18-24,Non-Binary,"Burlington, VT",Fashion accessories,72,7/15/20,Ewallet,5
4243,WALM061,55+,Non-Binary,"Philadelphia, PA",Home and lifestyle,48,2/19/22,Ewallet,7
4244,WALM002,25-34,Male,"Providence, RI",Fashion accessories,96,6/7/23,Ewallet,5
4245,WALM067,25-34,Prefer Not to Say,"Los Angeles, CA",Home and lifestyle,234,6/5/20,Ewallet,4
4246,WALM027,18-24,Male,"Newark, NJ",Fashion accessories,41,12/24/19,Ewallet,5
4247,WALM096,35-44,Male,"Charlotte, NC",Home and lifestyle,147,10/18/21,Ewallet,4
4248,WALM069,55+,Male,"Des Moines, IA",Fashion accessories,87,3/6/22,Ewallet,9
4249,WALM053,35-44,Non-Binary,"Boston, MA",Home and lifestyle,64,9/27/20,Ewallet,4
4250,WALM043,25-34,Prefer Not to Say,"Des Moines, IA",Fashion accessories,45,10/2/19,Ewallet,5
4251,WALM007,25-34,Male,"Detroit, MI",Home and lifestyle,168,2/14/20,Ewallet,6
4252,WALM077,25-34,Non-Binary,"St. Louis, MO",Fashion accessories,87,10/12/23,Ewallet,6
4253,WALM004,55+,Male,"Charleston, WV",Home and lifestyle,70,7/15/21,Ewallet,8
4254,WALM043,25-34,Non-Binary,"Wilmington, DE",Fashion accessories,87,4/29/23,Ewallet,4
4255,WALM010,35-44,Non-Binary,"Sioux Falls, SD",Home and lifestyle,63,12/26/22,Ewallet,7
4256,WALM091,25-34,Non-Binary,"Las Vegas, NV",Fashion accessories,228,3/5/22,Ewallet,4
4257,WALM019,55+,Female,"Chicago, IL",Home and lifestyle,30,4/18/23,Ewallet,7
4258,WALM002,18-24,Prefer Not to Say,"Denver, CO",Fashion accessories,174,5/13/21,Ewallet,8
4259,WALM066,25-34,Female,"Burlington, VT",Home and lifestyle,148,3/2/21,Ewallet,7
4260,WALM042,25-34,Female,"Honolulu, HI",Fashion accessories,63,7/31/20,Ewallet,9
4261,WALM043,35-44,Female,"Cheyenne, WY",Home and lifestyle,56,7/3/19,Ewallet,4
4262,WALM058,25-34,Male,"St. Louis, MO",Fashion accessories,40,3/12/23,Ewallet,6
4263,WALM053,45-54,Female,"Manchester, NH",Home and lifestyle,120,6/1/23,Ewallet,7
4264,WALM020,35-44,Male,"Boise, ID",Fashion accessories,228,5/30/20,Ewallet,6
4265,WALM026,55+,Female,"Nashville, TN",Home and lifestyle,213,12/6/23,Ewallet,9
4266,WALM012,55+,Female,"Virginia Beach, VA",Fashion accessories,66,9/1/22,Ewallet,6
4267,WALM076,35-44,Female,"Denver, CO",Home and lifestyle,41,12/17/22,Ewallet,7
4268,WALM036,55+,Female,"Orlando, FL",Fashion accessories,189,5/6/19,Ewallet,9
4269,WALM022,55+,Female,"Little Rock, AR",Home and lifestyle,249,10/14/21,Ewallet,5
4270,WALM072,18-24,Female,"Atlanta, GA",Fashion accessories,76,7/19/20,Ewallet,4
4271,WALM031,25-34,Non-Binary,"Phoenix, AZ",Home and lifestyle,32,1/1/22,Ewallet,5
4272,WALM037,25-34,Non-Binary,"Birmingham, AL",Fashion accessories,52,6/6/19,Ewallet,8
4273,WALM077,55+,Non-Binary,"Honolulu, HI",Home and lifestyle,15,11/15/19,Ewallet,5
4274,WALM010,25-34,Female,"Baltimore, MD",Fashion accessories,86,8/30/20,Ewallet,6
4275,WALM018,25-34,Non-Binary,"New Orleans, LA",Home and lifestyle,22,7/31/19,Ewallet,9
4276,WALM036,18-24,Female,"Charlotte, NC",Fashion accessories,110,3/15/23,Ewallet,8
4277,WALM008,45-54,Non-Binary,"Las Vegas, NV",Home and lifestyle,168,11/21/22,Ewallet,6
4278,WALM034,45-54,Prefer Not to Say,"Boston, MA",Fashion accessories,126,7/26/23,Ewallet,6
4279,WALM006,45-54,Female,"Omaha, NE",Home and lifestyle,134,10/6/21,Ewallet,7
4280,WALM096,45-54,Female,"St. Louis, MO",Fashion accessories,132,9/25/22,Ewallet,6
4281,WALM076,55+,Prefer Not to Say,"Columbus, OH",Home and lifestyle,166,10/25/21,Ewallet,8
4282,WALM043,35-44,Male,"Denver, CO",Fashion accessories,222,5/29/21,Ewallet,9
4283,WALM058,55+,Non-Binary,"Baltimore, MD",Home and lifestyle,55,2/10/19,Ewallet,8
4284,WALM018,55+,Prefer Not to Say,"New York City, NY",Fashion accessories,134,11/21/23,Ewallet,6
4285,WALM094,25-34,Non-Binary,"Philadelphia, PA",Home and lifestyle,92,8/29/20,Ewallet,6
4286,WALM091,35-44,Female,"Fargo, ND",Fashion accessories,132,6/26/22,Ewallet,9
4287,WALM004,55+,Male,"New Orleans, LA",Home and lifestyle,66,6/21/20,Ewallet,4
4288,WALM028,45-54,Female,"Charleston, WV",Fashion accessories,104,4/8/23,Ewallet,4
4289,WALM078,35-44,Female,"Atlanta, GA",Home and lifestyle,152,6/11/23,Ewallet,7
4290,WALM033,45-54,Male,"Los Angeles, CA",Fashion accessories,40,9/22/22,Ewallet,4
4291,WALM053,55+,Non-Binary,"Boston, MA",Home and lifestyle,24,8/5/23,Ewallet,8
4292,WALM028,25-34,Male,"Wichita, KS",Fashion accessories,136,6/12/22,Ewallet,9
4293,WALM018,25-34,Female,"Oklahoma City, OK",Home and lifestyle,54,1/15/19,Ewallet,6
4294,WALM097,55+,Prefer Not to Say,"Newark, NJ",Fashion accessories,129,12/15/23,Ewallet,5
4295,WALM063,18-24,Male,"Wilmington, DE",Home and lifestyle,96,7/9/22,Ewallet,6
4296,WALM053,45-54,Female,"Phoenix, AZ",Fashion accessories,126,9/15/21,Ewallet,5
4297,WALM044,18-24,Male,"Omaha, NE",Home and lifestyle,120,6/29/21,Ewallet,4
4298,WALM045,35-44,Prefer Not to Say,"Little Rock, AR",Fashion accessories,72,11/13/20,Credit card,4
4299,WALM016,35-44,Female,"Honolulu, HI",Home and lifestyle,26,4/11/23,Ewallet,4
4300,WALM052,25-34,Male,"Jackson, MS",Fashion accessories,84,3/8/21,Ewallet,8
4301,WALM011,45-54,Non-Binary,"Manchester, NH",Home and lifestyle,158,11/15/21,Ewallet,8
4302,WALM090,55+,Non-Binary,"Philadelphia, PA",Fashion accessories,79,5/1/23,Ewallet,6
4303,WALM045,18-24,Female,"Orlando, FL",Home and lifestyle,53,2/16/21,Credit card,9
4304,WALM059,35-44,Male,"New York City, NY",Fashion accessories,100,3/22/19,Ewallet,8
4305,WALM019,25-34,Non-Binary,"New Orleans, LA",Home and lifestyle,36,7/3/20,Ewallet,8
4306,WALM013,35-44,Prefer Not to Say,"Oklahoma City, OK",Fashion accessories,195,1/22/19,Ewallet,7
4307,WALM071,55+,Male,"Louisville, KY",Home and lifestyle,83,7/2/22,Ewallet,6
4308,WALM079,25-34,Female,"Virginia Beach, VA",Fashion accessories,159,2/21/20,Ewallet,8
4309,WALM010,55+,Male,"Portland, ME",Home and lifestyle,30,3/28/19,Ewallet,9
4310,WALM058,25-34,Non-Binary,"Charleston, WV",Fashion accessories,136,9/12/21,Ewallet,8
4311,WALM098,35-44,Prefer Not to Say,"Jackson, MS",Home and lifestyle,92,11/11/19,Ewallet,4
4312,WALM053,55+,Male,"Philadelphia, PA",Fashion accessories,201,6/9/23,Ewallet,4
4313,WALM093,18-24,Prefer Not to Say,"Boise, ID",Home and lifestyle,234,7/26/22,Ewallet,8
4314,WALM058,18-24,Non-Binary,"Milwaukee, WI",Fashion accessories,56,5/12/19,Ewallet,8
4315,WALM036,55+,Male,"Portland, OR",Home and lifestyle,21,3/25/23,Ewallet,7
4316,WALM034,55+,Prefer Not to Say,"Phoenix, AZ",Fashion accessories,130,7/24/23,Ewallet,8
4317,WALM048,35-44,Male,"Los Angeles, CA",Home and lifestyle,162,12/30/22,Ewallet,5
4318,WALM022,18-24,Non-Binary,"Denver, CO",Fashion accessories,34,4/1/20,Ewallet,5
4319,WALM028,35-44,Non-Binary,"Fargo, ND",Home and lifestyle,48,12/20/21,Ewallet,9
4320,WALM018,35-44,Prefer Not to Say,"Baltimore, MD",Fashion accessories,75,12/24/22,Ewallet,4
4321,WALM030,25-34,Male,"Indianapolis, IN",Home and lifestyle,106,2/18/19,Ewallet,8
4322,WALM041,25-34,Female,"Boston, MA",Fashion accessories,37,4/22/19,Ewallet,9
4323,WALM096,18-24,Female,"Baltimore, MD",Home and lifestyle,168,8/28/21,Ewallet,7
4324,WALM049,35-44,Female,"Columbus, OH",Fashion accessories,39,12/3/19,Ewallet,4
4325,WALM058,55+,Non-Binary,"Charleston, SC",Home and lifestyle,45,11/16/20,Ewallet,8
4326,WALM005,18-24,Male,"Las Vegas, NV",Fashion accessories,136,5/23/21,Ewallet,9
4327,WALM070,45-54,Male,"Manchester, NH",Home and lifestyle,34,2/1/23,Ewallet,5
4328,WALM066,45-54,Male,"Portland, ME",Fashion accessories,78,3/5/21,Ewallet,6
4329,WALM019,25-34,Male,"Baltimore, MD",Home and lifestyle,140,9/6/20,Ewallet,9
4330,WALM077,25-34,Female,"Albuquerque, NM",Fashion accessories,210,4/17/21,Ewallet,8
4331,WALM094,25-34,Prefer Not to Say,"Atlanta, GA",Home and lifestyle,166,1/13/19,Ewallet,4
4332,WALM100,55+,Non-Binary,"Fargo, ND",Fashion accessories,122,11/20/23,Ewallet,9
4333,WALM018,18-24,Non-Binary,"Seattle, WA",Home and lifestyle,144,2/7/22,Ewallet,5
4334,WALM028,18-24,Male,"Charleston, SC",Fashion accessories,146,9/2/23,Ewallet,4
4335,WALM021,45-54,Prefer Not to Say,"Charleston, WV",Home and lifestyle,18,2/24/22,Ewallet,4
4336,WALM060,55+,Non-Binary,"Hartford, CT",Fashion accessories,148,4/13/23,Ewallet,7
4337,WALM013,55+,Non-Binary,"Indianapolis, IN",Home and lifestyle,46,9/25/22,Ewallet,4
4338,WALM021,25-34,Male,"Virginia Beach, VA",Fashion accessories,34,8/14/20,Ewallet,5
4339,WALM095,25-34,Prefer Not to Say,"Baltimore, MD",Home and lifestyle,35,4/27/22,Ewallet,5
4340,WALM020,55+,Male,"Milwaukee, WI",Fashion accessories,15,5/26/21,Ewallet,5
4341,WALM088,18-24,Female,"Omaha, NE",Home and lifestyle,117,7/27/19,Ewallet,9
4342,WALM020,45-54,Male,"Wichita, KS",Fashion accessories,44,10/4/23,Ewallet,4
4343,WALM061,45-54,Male,"St. Louis, MO",Home and lifestyle,100,6/1/23,Ewallet,8
4344,WALM077,18-24,Male,"Indianapolis, IN",Fashion accessories,132,4/1/19,Ewallet,5
4345,WALM063,35-44,Male,"Houston, TX",Home and lifestyle,39,12/5/21,Ewallet,4
4346,WALM077,18-24,Non-Binary,"Birmingham, AL",Fashion accessories,36,1/10/22,Ewallet,5
4347,WALM060,18-24,Prefer Not to Say,"Houston, TX",Home and lifestyle,159,1/16/23,Ewallet,4
4348,WALM069,55+,Non-Binary,"Omaha, NE",Fashion accessories,147,9/10/21,Ewallet,5
4349,WALM077,18-24,Non-Binary,"Wilmington, DE",Home and lifestyle,30,7/10/23,Ewallet,8
4350,WALM078,25-34,Male,"Anchorage, AK",Fashion accessories,43,2/14/23,Ewallet,9
4351,WALM022,45-54,Female,"Orlando, FL",Home and lifestyle,164,10/27/22,Ewallet,6
4352,WALM066,25-34,Prefer Not to Say,"New Orleans, LA",Fashion accessories,132,1/4/19,Ewallet,4
4353,WALM011,55+,Non-Binary,"Albuquerque, NM",Home and lifestyle,22,2/24/21,Ewallet,9
4354,WALM093,45-54,Male,"Sioux Falls, SD",Fashion accessories,48,11/28/19,Ewallet,7
4355,WALM013,18-24,Female,"Detroit, MI",Home and lifestyle,42,8/20/19,Ewallet,6
4356,WALM011,18-24,Prefer Not to Say,"Seattle, WA",Fashion accessories,46,3/2/21,Ewallet,4
4357,WALM052,18-24,Non-Binary,"Portland, OR",Home and lifestyle,104,5/15/23,Ewallet,9
4358,WALM083,18-24,Non-Binary,"Boston, MA",Fashion accessories,90,10/7/21,Ewallet,8
4359,WALM048,35-44,Prefer Not to Say,"Manchester, NH",Home and lifestyle,88,7/27/19,Ewallet,4
4360,WALM098,55+,Male,"Hartford, CT",Fashion accessories,166,10/4/20,Ewallet,6
4361,WALM092,25-34,Male,"Las Vegas, NV",Home and lifestyle,20,11/16/23,Ewallet,9
4362,WALM090,55+,Prefer Not to Say,"Nashville, TN",Fashion accessories,44,11/14/20,Ewallet,7
4363,WALM041,25-34,Non-Binary,"Boise, ID",Home and lifestyle,150,4/4/20,Ewallet,4
4364,WALM061,25-34,Prefer Not to Say,"Seattle, WA",Fashion accessories,54,4/28/21,Ewallet,7
4365,WALM037,55+,Prefer Not to Say,"Boston, MA",Home and lifestyle,27,4/28/22,Ewallet,8
4366,WALM017,18-24,Male,"Chicago, IL",Fashion accessories,99,3/30/20,Ewallet,9
4367,WALM006,35-44,Non-Binary,"Birmingham, AL",Home and lifestyle,129,3/19/20,Ewallet,8
4368,WALM092,45-54,Prefer Not to Say,"Orlando, FL",Fashion accessories,99,11/10/19,Ewallet,5
4369,WALM057,45-54,Prefer Not to Say,"Columbus, OH",Home and lifestyle,68,1/5/23,Ewallet,8
4370,WALM060,45-54,Non-Binary,"Charlotte, NC",Fashion accessories,76,6/1/19,Ewallet,7
4371,WALM047,25-34,Non-Binary,"Milwaukee, WI",Home and lifestyle,189,8/29/23,Ewallet,4
4372,WALM019,35-44,Female,"Charleston, SC",Fashion accessories,192,3/23/19,Ewallet,5
4373,WALM088,55+,Male,"Detroit, MI",Home and lifestyle,46,8/12/20,Ewallet,4
4374,WALM005,25-34,Prefer Not to Say,"Anchorage, AK",Fashion accessories,32,2/14/23,Ewallet,4
4375,WALM016,25-34,Male,"Columbus, OH",Home and lifestyle,62,1/27/20,Ewallet,9
4376,WALM076,45-54,Non-Binary,"Louisville, KY",Fashion accessories,63,9/15/21,Ewallet,8
4377,WALM015,55+,Female,"Honolulu, HI",Home and lifestyle,81,9/30/22,Ewallet,4
4378,WALM019,55+,Prefer Not to Say,"Jackson, MS",Fashion accessories,57,1/25/22,Ewallet,7
4379,WALM053,18-24,Male,"Salt Lake City, UT",Home and lifestyle,39,3/4/21,Ewallet,6
4380,WALM077,55+,Female,"Hartford, CT",Fashion accessories,44,11/16/20,Ewallet,9
4381,WALM048,18-24,Female,"Sioux Falls, SD",Home and lifestyle,40,10/3/19,Ewallet,6
4382,WALM077,55+,Prefer Not to Say,"Wichita, KS",Fashion accessories,17,6/21/20,Ewallet,5
4383,WALM045,45-54,Prefer Not to Say,"Newark, NJ",Home and lifestyle,79,1/6/20,Credit card,5
4384,WALM006,18-24,Prefer Not to Say,"Boston, MA",Fashion accessories,144,11/18/19,Ewallet,7
4385,WALM083,55+,Male,"Denver, CO",Home and lifestyle,112,12/12/20,Ewallet,8
4386,WALM077,18-24,Female,"New Orleans, LA",Fashion accessories,40,4/24/19,Ewallet,5
4387,WALM079,45-54,Female,"Des Moines, IA",Home and lifestyle,213,4/3/22,Ewallet,6
4388,WALM017,25-34,Male,"Louisville, KY",Fashion accessories,25,4/19/21,Ewallet,4
4389,WALM026,18-24,Male,"Billings, MT",Home and lifestyle,76,4/3/21,Ewallet,8
4390,WALM051,18-24,Female,"Indianapolis, IN",Fashion accessories,33,11/14/20,Ewallet,7
4391,WALM080,55+,Non-Binary,"Virginia Beach, VA",Home and lifestyle,80,10/25/23,Ewallet,9
4392,WALM057,18-24,Prefer Not to Say,"Cheyenne, WY",Fashion accessories,55,5/10/22,Ewallet,8
4393,WALM033,45-54,Non-Binary,"Little Rock, AR",Home and lifestyle,234,9/2/19,Ewallet,6
4394,WALM010,45-54,Non-Binary,"Indianapolis, IN",Fashion accessories,54,7/19/21,Ewallet,9
4395,WALM090,55+,Female,"Milwaukee, WI",Home and lifestyle,64,1/25/22,Ewallet,4
4396,WALM053,35-44,Prefer Not to Say,"Philadelphia, PA",Fashion accessories,83,4/17/19,Ewallet,4
4397,WALM027,25-34,Prefer Not to Say,"Los Angeles, CA",Home and lifestyle,63,5/25/21,Ewallet,7
4398,WALM009,25-34,Non-Binary,"Minneapolis, MN",Fashion accessories,198,11/11/20,Ewallet,6
4399,WALM085,35-44,Female,"Detroit, MI",Home and lifestyle,177,8/24/22,Ewallet,8
4400,WALM036,55+,Male,"Charleston, SC",Fashion accessories,61,2/25/21,Ewallet,7
4401,WALM092,25-34,Female,"Birmingham, AL",Home and lifestyle,38,11/16/20,Ewallet,5
4402,WALM030,45-54,Prefer Not to Say,"Jackson, MS",Fashion accessories,42,2/4/21,Ewallet,9
4403,WALM077,55+,Non-Binary,"Des Moines, IA",Home and lifestyle,48,12/17/23,Ewallet,7
4404,WALM028,18-24,Prefer Not to Say,"Salt Lake City, UT",Fashion accessories,168,6/25/19,Ewallet,4
4405,WALM030,25-34,Prefer Not to Say,"Cheyenne, WY",Home and lifestyle,85,5/16/20,Ewallet,5
4406,WALM020,18-24,Female,"Birmingham, AL",Fashion accessories,255,1/19/22,Ewallet,4
4407,WALM019,55+,Female,"Anchorage, AK",Home and lifestyle,228,5/15/20,Ewallet,4
4408,WALM002,18-24,Female,"Seattle, WA",Fashion accessories,35,11/28/20,Ewallet,7
4409,WALM043,25-34,Male,"Milwaukee, WI",Home and lifestyle,59,3/24/20,Ewallet,4
4410,WALM090,45-54,Male,"Burlington, VT",Fashion accessories,78,8/6/19,Ewallet,6
4411,WALM091,35-44,Female,"Baltimore, MD",Home and lifestyle,189,8/30/21,Ewallet,6
4412,WALM039,55+,Prefer Not to Say,"Salt Lake City, UT",Fashion accessories,56,11/10/21,Ewallet,4
4413,WALM079,35-44,Male,"Denver, CO",Home and lifestyle,41,3/17/19,Ewallet,6
4414,WALM012,45-54,Non-Binary,"Hartford, CT",Fashion accessories,96,4/13/22,Ewallet,4
4415,WALM088,25-34,Male,"St. Louis, MO",Home and lifestyle,38,6/28/19,Ewallet,6
4416,WALM020,18-24,Female,"Columbus, OH",Fashion accessories,90,10/23/22,Ewallet,7
4417,WALM095,45-54,Non-Binary,"Albuquerque, NM",Home and lifestyle,198,6/7/23,Ewallet,9
4418,WALM059,35-44,Male,"Virginia Beach, VA",Fashion accessories,60,8/9/19,Ewallet,9
4419,WALM061,45-54,Male,"Jackson, MS",Home and lifestyle,49,12/20/22,Ewallet,7
4420,WALM018,18-24,Prefer Not to Say,"Cheyenne, WY",Fashion accessories,20,11/19/22,Ewallet,6
4421,WALM051,25-34,Prefer Not to Say,"Columbus, OH",Home and lifestyle,34,8/16/22,Ewallet,4
4422,WALM021,55+,Non-Binary,"Cheyenne, WY",Fashion accessories,174,12/5/20,Ewallet,5
4423,WALM092,55+,Prefer Not to Say,"Manchester, NH",Home and lifestyle,24,8/20/20,Ewallet,4
4424,WALM013,55+,Male,"Billings, MT",Fashion accessories,36,2/12/23,Ewallet,5
4425,WALM057,18-24,Female,"Denver, CO",Home and lifestyle,198,8/25/22,Ewallet,6
4426,WALM033,18-24,Female,"Newark, NJ",Fashion accessories,33,7/1/23,Ewallet,6
4427,WALM048,18-24,Female,"Boise, ID",Home and lifestyle,34,2/23/22,Ewallet,5
4428,WALM059,25-34,Female,"Denver, CO",Fashion accessories,18,10/15/20,Ewallet,7
4429,WALM077,55+,Non-Binary,"Billings, MT",Home and lifestyle,71,3/19/20,Ewallet,5
4430,WALM007,35-44,Female,"Charlotte, NC",Fashion accessories,61,2/27/23,Ewallet,9
4431,WALM028,55+,Prefer Not to Say,"Philadelphia, PA",Home and lifestyle,174,5/14/22,Ewallet,6
4432,WALM031,18-24,Male,"Anchorage, AK",Fashion accessories,79,6/17/21,Ewallet,8
4433,WALM052,55+,Prefer Not to Say,"Denver, CO",Home and lifestyle,81,8/19/22,Ewallet,4
4434,WALM020,45-54,Non-Binary,"Houston, TX",Fashion accessories,110,12/4/20,Ewallet,7
4435,WALM094,55+,Prefer Not to Say,"Honolulu, HI",Home and lifestyle,60,6/6/23,Ewallet,7
4436,WALM097,35-44,Prefer Not to Say,"Detroit, MI",Fashion accessories,15,1/5/20,Ewallet,6
4437,WALM045,18-24,Female,"Boise, ID",Home and lifestyle,60,7/10/22,Credit card,7
4438,WALM096,55+,Non-Binary,"Los Angeles, CA",Fashion accessories,25,9/23/19,Ewallet,4
4439,WALM069,35-44,Non-Binary,"Nashville, TN",Home and lifestyle,92,6/26/23,Ewallet,4
4440,WALM072,18-24,Male,"Little Rock, AR",Fashion accessories,120,6/12/19,Ewallet,6
4441,WALM037,18-24,Female,"Newark, NJ",Home and lifestyle,79,2/14/21,Ewallet,7
4442,WALM023,35-44,Female,"Boston, MA",Fashion accessories,168,3/25/20,Ewallet,9
4443,WALM031,45-54,Prefer Not to Say,"Boise, ID",Home and lifestyle,81,7/24/21,Ewallet,6
4444,WALM013,25-34,Non-Binary,"Portland, ME",Fashion accessories,36,11/6/22,Ewallet,5
4445,WALM047,35-44,Female,"Sioux Falls, SD",Home and lifestyle,54,12/2/21,Ewallet,8
4446,WALM007,55+,Prefer Not to Say,"Detroit, MI",Fashion accessories,93,4/1/19,Ewallet,8
4447,WALM078,45-54,Prefer Not to Say,"Charleston, WV",Home and lifestyle,64,11/28/19,Ewallet,4
4448,WALM080,55+,Male,"Charleston, WV",Fashion accessories,20,7/29/22,Ewallet,7
4449,WALM097,45-54,Non-Binary,"Seattle, WA",Home and lifestyle,112,6/6/21,Ewallet,6
4450,WALM057,35-44,Female,"Virginia Beach, VA",Fashion accessories,134,9/17/23,Ewallet,5
4451,WALM004,18-24,Prefer Not to Say,"St. Louis, MO",Home and lifestyle,120,2/6/21,Ewallet,6
4452,WALM033,55+,Prefer Not to Say,"Milwaukee, WI",Fashion accessories,66,3/15/19,Ewallet,6
4453,WALM045,18-24,Male,"Cheyenne, WY",Home and lifestyle,58,9/2/22,Credit card,4
4454,WALM061,45-54,Prefer Not to Say,"Des Moines, IA",Fashion accessories,156,3/29/20,Ewallet,5
4455,WALM098,18-24,Non-Binary,"Columbus, OH",Home and lifestyle,186,5/11/22,Ewallet,8
4456,WALM092,55+,Male,"Portland, ME",Fashion accessories,16,5/19/19,Ewallet,7
4457,WALM079,18-24,Female,"Baltimore, MD",Home and lifestyle,18,12/25/21,Ewallet,5
4458,WALM095,35-44,Prefer Not to Say,"Des Moines, IA",Fashion accessories,249,5/3/21,Ewallet,8
4459,WALM041,55+,Male,"Houston, TX",Home and lifestyle,225,6/20/19,Ewallet,4
4460,WALM017,18-24,Prefer Not to Say,"Virginia Beach, VA",Fashion accessories,46,8/24/22,Ewallet,6
4461,WALM069,18-24,Prefer Not to Say,"Baltimore, MD",Home and lifestyle,60,6/28/20,Ewallet,6
4462,WALM080,25-34,Non-Binary,"Billings, MT",Fashion accessories,116,2/28/22,Ewallet,9
4463,WALM017,25-34,Female,"Louisville, KY",Home and lifestyle,62,5/25/21,Ewallet,5
4464,WALM030,18-24,Female,"Los Angeles, CA",Fashion accessories,201,8/4/21,Ewallet,7
4465,WALM095,35-44,Male,"Honolulu, HI",Home and lifestyle,20,8/31/23,Ewallet,5
4466,WALM070,45-54,Male,"New York City, NY",Fashion accessories,62,3/2/22,Ewallet,9
4467,WALM005,18-24,Male,"Wilmington, DE",Home and lifestyle,124,7/27/20,Ewallet,4
4468,WALM095,35-44,Prefer Not to Say,"Portland, OR",Fashion accessories,72,5/11/23,Ewallet,9
4469,WALM097,35-44,Non-Binary,"Providence, RI",Home and lifestyle,216,1/4/21,Ewallet,9
4470,WALM041,25-34,Prefer Not to Say,"Anchorage, AK",Fashion accessories,29,6/16/19,Ewallet,9
4471,WALM051,35-44,Non-Binary,"Providence, RI",Home and lifestyle,108,2/2/22,Ewallet,6
4472,WALM004,35-44,Female,"Minneapolis, MN",Fashion accessories,198,10/24/20,Ewallet,8
4473,WALM020,25-34,Non-Binary,"Charleston, WV",Home and lifestyle,134,7/13/22,Ewallet,9
4474,WALM067,55+,Prefer Not to Say,"Des Moines, IA",Fashion accessories,192,8/2/23,Ewallet,8
4475,WALM042,45-54,Female,"Las Vegas, NV",Home and lifestyle,66,8/11/22,Ewallet,4
4476,WALM026,25-34,Male,"Atlanta, GA",Fashion accessories,81,1/29/19,Ewallet,5
4477,WALM047,55+,Prefer Not to Say,"Burlington, VT",Home and lifestyle,90,5/6/23,Ewallet,9
4478,WALM023,25-34,Non-Binary,"Hartford, CT",Fashion accessories,64,6/26/23,Ewallet,6
4479,WALM098,45-54,Prefer Not to Say,"Houston, TX",Home and lifestyle,159,9/8/22,Ewallet,6
4480,WALM061,55+,Male,"Charleston, WV",Fashion accessories,160,12/23/21,Ewallet,8
4481,WALM049,18-24,Non-Binary,"Portland, ME",Home and lifestyle,37,3/25/21,Ewallet,6
4482,WALM021,55+,Prefer Not to Say,"Virginia Beach, VA",Fashion accessories,68,10/27/22,Ewallet,5
4483,WALM085,25-34,Male,"Boise, ID",Home and lifestyle,84,5/31/22,Ewallet,6
4484,WALM036,45-54,Male,"Little Rock, AR",Fashion accessories,98,3/31/22,Ewallet,9
4485,WALM081,45-54,Non-Binary,"Nashville, TN",Home and lifestyle,48,5/12/22,Ewallet,9
4486,WALM059,35-44,Female,"Cheyenne, WY",Fashion accessories,134,4/13/20,Ewallet,6
4487,WALM079,35-44,Non-Binary,"Phoenix, AZ",Home and lifestyle,24,7/16/21,Ewallet,6
4488,WALM030,45-54,Non-Binary,"Billings, MT",Fashion accessories,60,2/21/21,Ewallet,9
4489,WALM030,45-54,Prefer Not to Say,"Charleston, SC",Home and lifestyle,102,11/17/20,Ewallet,8
4490,WALM079,45-54,Male,"Salt Lake City, UT",Fashion accessories,132,10/10/19,Ewallet,7
4491,WALM079,45-54,Non-Binary,"Billings, MT",Home and lifestyle,225,2/5/22,Ewallet,8
4492,WALM077,35-44,Non-Binary,"Columbus, OH",Fashion accessories,152,3/25/22,Ewallet,8
4493,WALM053,55+,Prefer Not to Say,"Chicago, IL",Home and lifestyle,28,8/4/19,Ewallet,8
4494,WALM013,35-44,Female,"Billings, MT",Fashion accessories,31,4/8/23,Ewallet,5
4495,WALM019,18-24,Female,"Baltimore, MD",Home and lifestyle,36,5/27/19,Ewallet,9
4496,WALM004,45-54,Prefer Not to Say,"Charleston, WV",Fashion accessories,40,5/5/23,Ewallet,6
4497,WALM081,45-54,Female,"Sioux Falls, SD",Home and lifestyle,45,8/14/20,Ewallet,6
4498,WALM030,35-44,Male,"Salt Lake City, UT",Fashion accessories,255,12/25/23,Ewallet,8
4499,WALM076,25-34,Male,"Jackson, MS",Home and lifestyle,189,3/10/19,Ewallet,9
4500,WALM072,25-34,Female,"Providence, RI",Fashion accessories,81,4/27/23,Ewallet,5
4501,WALM022,25-34,Non-Binary,"Omaha, NE",Home and lifestyle,222,3/8/20,Ewallet,9
4502,WALM095,45-54,Prefer Not to Say,"Newark, NJ",Fashion accessories,144,7/5/22,Ewallet,9
4503,WALM077,25-34,Male,"Providence, RI",Home and lifestyle,123,12/20/20,Ewallet,8
4504,WALM085,45-54,Non-Binary,"New York City, NY",Fashion accessories,57,5/20/19,Ewallet,6
4505,WALM070,35-44,Male,"Portland, ME",Home and lifestyle,124,9/26/19,Ewallet,6
4506,WALM004,45-54,Male,"Minneapolis, MN",Fashion accessories,135,10/30/19,Ewallet,8
4507,WALM061,25-34,Male,"Burlington, VT",Home and lifestyle,64,9/30/23,Ewallet,6
4508,WALM053,45-54,Non-Binary,"Honolulu, HI",Fashion accessories,255,1/4/23,Ewallet,4
4509,WALM095,35-44,Female,"Atlanta, GA",Home and lifestyle,255,7/20/23,Ewallet,8
4510,WALM049,18-24,Prefer Not to Say,"Charleston, SC",Fashion accessories,80,2/5/22,Ewallet,4
4511,WALM026,25-34,Female,"Indianapolis, IN",Home and lifestyle,120,7/31/22,Ewallet,6
4512,WALM049,35-44,Prefer Not to Say,"Portland, ME",Fashion accessories,88,3/2/23,Credit card,4
4513,WALM034,45-54,Prefer Not to Say,"Des Moines, IA",Home and lifestyle,54,11/20/19,Credit card,5
4514,WALM023,45-54,Non-Binary,"Burlington, VT",Fashion accessories,34,1/17/22,Credit card,4
4515,WALM020,55+,Prefer Not to Say,"Albuquerque, NM",Home and lifestyle,252,8/23/20,Credit card,5
4516,WALM069,55+,Male,"Orlando, FL",Fashion accessories,81,10/25/21,Credit card,5
4517,WALM076,55+,Male,"Indianapolis, IN",Home and lifestyle,126,11/1/21,Credit card,6
4518,WALM034,35-44,Non-Binary,"Birmingham, AL",Fashion accessories,198,2/7/21,Credit card,6
4519,WALM047,18-24,Prefer Not to Say,"Milwaukee, WI",Home and lifestyle,65,3/3/22,Credit card,8
4520,WALM093,55+,Non-Binary,"Boston, MA",Fashion accessories,46,12/12/20,Credit card,8
4521,WALM033,55+,Prefer Not to Say,"Jackson, MS",Home and lifestyle,42,7/10/22,Credit card,9
4522,WALM053,35-44,Prefer Not to Say,"Denver, CO",Fashion accessories,162,3/1/22,Credit card,5
4523,WALM059,25-34,Female,"Charlotte, NC",Home and lifestyle,222,10/16/21,Credit card,8
4524,WALM048,45-54,Male,"Phoenix, AZ",Fashion accessories,24,4/8/19,Credit card,8
4525,WALM031,55+,Prefer Not to Say,"New Orleans, LA",Home and lifestyle,75,11/21/20,Credit card,4
4526,WALM001,18-24,Prefer Not to Say,"Boise, ID",Fashion accessories,51,11/26/23,Credit card,7
4527,WALM067,45-54,Non-Binary,"Milwaukee, WI",Home and lifestyle,18,1/9/20,Credit card,4
4528,WALM044,55+,Female,"Portland, ME",Fashion accessories,35,11/25/22,Credit card,8
4529,WALM066,45-54,Non-Binary,"Salt Lake City, UT",Home and lifestyle,129,1/16/23,Credit card,4
4530,WALM036,35-44,Non-Binary,"Charlotte, NC",Fashion accessories,168,7/27/22,Credit card,7
4531,WALM051,18-24,Male,"Milwaukee, WI",Home and lifestyle,72,11/1/19,Credit card,6
4532,WALM068,18-24,Female,"Los Angeles, CA",Fashion accessories,148,1/11/22,Credit card,6
4533,WALM048,55+,Non-Binary,"Des Moines, IA",Home and lifestyle,65,7/13/20,Credit card,9
4534,WALM028,45-54,Non-Binary,"Boston, MA",Fashion accessories,189,4/21/23,Credit card,5
4535,WALM081,45-54,Male,"Oklahoma City, OK",Home and lifestyle,66,7/19/20,Credit card,4
4536,WALM057,25-34,Non-Binary,"Virginia Beach, VA",Fashion accessories,71,8/8/20,Credit card,5
4537,WALM033,45-54,Male,"Charleston, WV",Home and lifestyle,62,1/6/19,Credit card,6
4538,WALM057,45-54,Non-Binary,"Los Angeles, CA",Fashion accessories,16,2/3/21,Credit card,8
4539,WALM040,55+,Prefer Not to Say,"Milwaukee, WI",Home and lifestyle,126,6/5/21,Credit card,4
4540,WALM040,25-34,Male,"Sioux Falls, SD",Fashion accessories,124,7/14/22,Credit card,9
4541,WALM080,55+,Non-Binary,"Charleston, WV",Home and lifestyle,102,11/6/22,Credit card,9
4542,WALM036,55+,Male,"Newark, NJ",Fashion accessories,156,12/15/22,Credit card,9
4543,WALM018,45-54,Prefer Not to Say,"Hartford, CT",Home and lifestyle,92,7/12/23,Credit card,8
4544,WALM058,25-34,Female,"Oklahoma City, OK",Fashion accessories,49,4/4/20,Credit card,6
4545,WALM081,35-44,Non-Binary,"Milwaukee, WI",Home and lifestyle,78,7/23/21,Credit card,7
4546,WALM024,35-44,Male,"Orlando, FL",Fashion accessories,17,5/19/20,Credit card,8
4547,WALM094,18-24,Female,"Atlanta, GA",Home and lifestyle,99,5/20/21,Credit card,7
4548,WALM015,18-24,Female,"Newark, NJ",Fashion accessories,29,5/31/22,Credit card,5
4549,WALM028,18-24,Male,"Milwaukee, WI",Home and lifestyle,160,12/17/20,Credit card,8
4550,WALM072,35-44,Prefer Not to Say,"Orlando, FL",Fashion accessories,68,3/29/20,Credit card,9
4551,WALM044,45-54,Male,"Charleston, WV",Home and lifestyle,93,7/17/20,Credit card,6
4552,WALM085,35-44,Male,"Cheyenne, WY",Fashion accessories,104,3/4/20,Credit card,4
4553,WALM001,35-44,Female,"Birmingham, AL",Home and lifestyle,88,12/15/23,Credit card,7
4554,WALM095,45-54,Non-Binary,"Charleston, SC",Fashion accessories,75,4/9/21,Credit card,9
4555,WALM010,55+,Male,"Columbus, OH",Home and lifestyle,216,8/19/19,Credit card,5
4556,WALM076,25-34,Non-Binary,"Fargo, ND",Fashion accessories,118,3/2/20,Credit card,7
4557,WALM070,45-54,Male,"Charlotte, NC",Home and lifestyle,33,3/2/21,Credit card,7
4558,WALM001,35-44,Male,"Salt Lake City, UT",Fashion accessories,68,5/20/20,Credit card,7
4559,WALM100,18-24,Male,"Minneapolis, MN",Home and lifestyle,195,5/5/22,Credit card,9
4560,WALM096,18-24,Non-Binary,"Des Moines, IA",Fashion accessories,65,2/7/19,Credit card,7
4561,WALM040,25-34,Male,"Omaha, NE",Home and lifestyle,36,5/15/20,Credit card,8
4562,WALM093,55+,Female,"Chicago, IL",Fashion accessories,104,3/17/23,Credit card,6
4563,WALM008,45-54,Non-Binary,"Sioux Falls, SD",Home and lifestyle,130,5/14/23,Credit card,7
4564,WALM018,25-34,Female,"Salt Lake City, UT",Fashion accessories,19,5/10/23,Credit card,8
4565,WALM034,25-34,Non-Binary,"Albuquerque, NM",Home and lifestyle,40,10/14/23,Credit card,7
4566,WALM091,25-34,Prefer Not to Say,"Houston, TX",Fashion accessories,114,11/25/22,Credit card,4
4567,WALM100,18-24,Prefer Not to Say,"St. Louis, MO",Home and lifestyle,56,7/9/21,Credit card,6
4568,WALM094,18-24,Male,"Portland, OR",Fashion accessories,138,8/15/19,Credit card,9
4569,WALM091,55+,Male,"Detroit, MI",Home and lifestyle,80,5/10/23,Credit card,7
4570,WALM011,18-24,Male,"Boise, ID",Fashion accessories,85,11/1/19,Credit card,7
4571,WALM004,25-34,Female,"Portland, ME",Home and lifestyle,160,7/24/20,Credit card,7
4572,WALM047,35-44,Female,"Burlington, VT",Fashion accessories,201,9/22/20,Credit card,8
4573,WALM069,45-54,Non-Binary,"Los Angeles, CA",Home and lifestyle,24,10/17/23,Credit card,6
4574,WALM036,18-24,Prefer Not to Say,"Salt Lake City, UT",Fashion accessories,156,12/25/19,Credit card,8
4575,WALM026,45-54,Female,"Oklahoma City, OK",Home and lifestyle,124,11/23/23,Credit card,5
4576,WALM069,45-54,Non-Binary,"Little Rock, AR",Fashion accessories,81,4/24/21,Credit card,7
4577,WALM017,45-54,Non-Binary,"Billings, MT",Home and lifestyle,116,2/16/19,Credit card,6
4578,WALM093,45-54,Male,"Los Angeles, CA",Fashion accessories,57,3/11/20,Credit card,5
4579,WALM067,45-54,Prefer Not to Say,"Minneapolis, MN",Home and lifestyle,74,12/12/23,Credit card,9
4580,WALM079,55+,Non-Binary,"Los Angeles, CA",Fashion accessories,219,6/21/21,Credit card,6
4581,WALM030,18-24,Female,"Des Moines, IA",Home and lifestyle,50,2/22/22,Credit card,4
4582,WALM053,25-34,Female,"Newark, NJ",Fashion accessories,68,11/19/21,Credit card,8
4583,WALM095,25-34,Male,"Sioux Falls, SD",Home and lifestyle,73,9/14/22,Credit card,8
4584,WALM009,25-34,Female,"Las Vegas, NV",Fashion accessories,99,5/29/22,Credit card,4
4585,WALM096,25-34,Prefer Not to Say,"Denver, CO",Home and lifestyle,192,6/22/19,Credit card,4
4586,WALM052,35-44,Prefer Not to Say,"Oklahoma City, OK",Fashion accessories,126,12/25/22,Credit card,5
4587,WALM059,18-24,Female,"Salt Lake City, UT",Home and lifestyle,165,10/23/19,Credit card,6
4588,WALM005,55+,Male,"Des Moines, IA",Fashion accessories,116,3/29/21,Credit card,4
4589,WALM033,18-24,Male,"Phoenix, AZ",Home and lifestyle,144,12/9/19,Credit card,8
4590,WALM091,18-24,Non-Binary,"Wichita, KS",Fashion accessories,138,10/9/19,Credit card,6
4591,WALM090,35-44,Male,"Billings, MT",Home and lifestyle,87,5/16/23,Credit card,8
4592,WALM076,35-44,Female,"Indianapolis, IN",Fashion accessories,72,7/23/20,Credit card,7
4593,WALM061,18-24,Male,"Los Angeles, CA",Home and lifestyle,82,3/3/21,Credit card,9
4594,WALM034,25-34,Female,"Milwaukee, WI",Fashion accessories,69,6/21/19,Credit card,9
4595,WALM042,25-34,Male,"Providence, RI",Home and lifestyle,71,1/5/21,Credit card,6
4596,WALM021,55+,Non-Binary,"Omaha, NE",Fashion accessories,92,1/24/20,Credit card,4
4597,WALM071,18-24,Non-Binary,"Baltimore, MD",Home and lifestyle,25,7/19/22,Credit card,6
4598,WALM014,45-54,Non-Binary,"Portland, ME",Fashion accessories,57,9/29/23,Credit card,6
4599,WALM057,18-24,Non-Binary,"Sioux Falls, SD",Home and lifestyle,64,7/9/23,Credit card,6
4600,WALM049,55+,Prefer Not to Say,"Salt Lake City, UT",Fashion accessories,54,2/17/23,Credit card,6
4601,WALM026,35-44,Prefer Not to Say,"Manchester, NH",Home and lifestyle,198,7/29/20,Credit card,6
4602,WALM070,45-54,Female,"Nashville, TN",Fashion accessories,66,1/22/19,Credit card,9
4603,WALM021,18-24,Female,"Salt Lake City, UT",Home and lifestyle,237,1/31/23,Credit card,7
4604,WALM002,18-24,Non-Binary,"Baltimore, MD",Fashion accessories,50,1/6/21,Credit card,5
4605,WALM085,35-44,Female,"Salt Lake City, UT",Home and lifestyle,156,6/15/22,Credit card,5
4606,WALM053,55+,Female,"Sioux Falls, SD",Fashion accessories,105,12/22/20,Credit card,9
4607,WALM061,55+,Female,"Wilmington, DE",Home and lifestyle,70,4/6/22,Credit card,8
4608,WALM008,35-44,Male,"Billings, MT",Fashion accessories,47,1/31/20,Credit card,6
4609,WALM100,25-34,Female,"Houston, TX",Home and lifestyle,49,6/10/22,Credit card,8
4610,WALM080,55+,Prefer Not to Say,"Charlotte, NC",Fashion accessories,61,1/10/20,Credit card,4
4611,WALM002,55+,Prefer Not to Say,"Orlando, FL",Home and lifestyle,63,10/17/20,Credit card,4
4612,WALM030,45-54,Prefer Not to Say,"Philadelphia, PA",Fashion accessories,16,2/21/21,Credit card,9
4613,WALM094,35-44,Female,"Burlington, VT",Home and lifestyle,48,2/7/19,Credit card,9
4614,WALM069,25-34,Prefer Not to Say,"Honolulu, HI",Fashion accessories,55,12/12/23,Credit card,9
4615,WALM031,35-44,Female,"Newark, NJ",Home and lifestyle,41,5/11/21,Credit card,6
4616,WALM064,45-54,Female,"Minneapolis, MN",Fashion accessories,69,3/10/21,Credit card,5
4617,WALM069,35-44,Prefer Not to Say,"Houston, TX",Home and lifestyle,40,1/14/19,Credit card,5
4618,WALM058,25-34,Prefer Not to Say,"Wilmington, DE",Fashion accessories,170,10/17/22,Credit card,8
4619,WALM060,18-24,Prefer Not to Say,"Billings, MT",Home and lifestyle,147,5/17/19,Credit card,4
4620,WALM094,55+,Prefer Not to Say,"Providence, RI",Fashion accessories,104,1/13/20,Credit card,5
4621,WALM076,25-34,Non-Binary,"Burlington, VT",Home and lifestyle,44,3/22/22,Credit card,6
4622,WALM095,45-54,Non-Binary,"Salt Lake City, UT",Fashion accessories,21,6/2/20,Credit card,5
4623,WALM015,18-24,Female,"Detroit, MI",Home and lifestyle,42,7/28/23,Credit card,4
4624,WALM098,18-24,Prefer Not to Say,"Houston, TX",Fashion accessories,106,6/25/19,Credit card,4
4625,WALM059,45-54,Prefer Not to Say,"Phoenix, AZ",Home and lifestyle,25,7/29/23,Credit card,6
4626,WALM042,18-24,Female,"Orlando, FL",Fashion accessories,78,8/27/22,Credit card,5
4627,WALM052,45-54,Non-Binary,"Providence, RI",Home and lifestyle,249,10/28/20,Credit card,8
4628,WALM011,55+,Prefer Not to Say,"Phoenix, AZ",Fashion accessories,24,4/14/20,Credit card,5
4629,WALM002,35-44,Non-Binary,"Portland, ME",Home and lifestyle,123,6/3/22,Credit card,4
4630,WALM079,18-24,Female,"Seattle, WA",Fashion accessories,43,11/23/21,Credit card,7
4631,WALM071,35-44,Female,"Billings, MT",Home and lifestyle,38,12/19/21,Credit card,5
4632,WALM020,55+,Male,"New York City, NY",Fashion accessories,124,5/30/20,Credit card,8
4633,WALM058,35-44,Female,"Charleston, SC",Home and lifestyle,171,5/18/22,Credit card,5
4634,WALM049,55+,Non-Binary,"New Orleans, LA",Fashion accessories,120,5/17/19,Credit card,9
4635,WALM080,35-44,Non-Binary,"Portland, ME",Home and lifestyle,72,6/3/21,Credit card,7
4636,WALM070,25-34,Non-Binary,"Manchester, NH",Fashion accessories,252,5/18/20,Credit card,9
4637,WALM015,55+,Female,"Charleston, WV",Home and lifestyle,111,1/22/20,Credit card,8
4638,WALM051,35-44,Male,"Salt Lake City, UT",Fashion accessories,74,8/22/20,Credit card,4
4639,WALM043,55+,Non-Binary,"Los Angeles, CA",Home and lifestyle,66,11/10/19,Credit card,4
4640,WALM014,55+,Non-Binary,"Wichita, KS",Fashion accessories,156,9/5/23,Credit card,4
4641,WALM042,35-44,Male,"Houston, TX",Home and lifestyle,171,4/24/22,Credit card,8
4642,WALM045,55+,Non-Binary,"Charlotte, NC",Fashion accessories,38,7/23/19,Credit card,6
4643,WALM027,55+,Male,"Manchester, NH",Home and lifestyle,71,3/30/23,Credit card,4
4644,WALM083,55+,Male,"Orlando, FL",Fashion accessories,228,3/18/22,Credit card,4
4645,WALM017,55+,Non-Binary,"St. Louis, MO",Home and lifestyle,93,12/19/19,Credit card,4
4646,WALM081,25-34,Female,"Salt Lake City, UT",Fashion accessories,129,5/18/19,Credit card,4
4647,WALM027,55+,Male,"Manchester, NH",Home and lifestyle,87,7/12/22,Credit card,6
4648,WALM077,35-44,Male,"Los Angeles, CA",Fashion accessories,44,11/5/23,Credit card,9
4649,WALM094,45-54,Non-Binary,"Hartford, CT",Home and lifestyle,222,7/9/19,Credit card,7
4650,WALM036,55+,Prefer Not to Say,"Portland, OR",Fashion accessories,70,2/12/23,Credit card,5
4651,WALM010,25-34,Male,"Portland, ME",Home and lifestyle,98,5/18/21,Credit card,4
4652,WALM016,25-34,Non-Binary,"Anchorage, AK",Fashion accessories,98,8/20/21,Credit card,8
4653,WALM018,25-34,Non-Binary,"Indianapolis, IN",Home and lifestyle,45,4/13/19,Credit card,6
4654,WALM064,18-24,Prefer Not to Say,"Nashville, TN",Fashion accessories,51,12/22/20,Credit card,4
4655,WALM061,25-34,Female,"Manchester, NH",Home and lifestyle,70,8/21/22,Credit card,5
4656,WALM037,25-34,Prefer Not to Say,"Wilmington, DE",Fashion accessories,52,8/3/21,Credit card,4
4657,WALM042,18-24,Female,"Cheyenne, WY",Home and lifestyle,75,2/5/20,Credit card,9
4658,WALM049,18-24,Female,"Nashville, TN",Fashion accessories,18,1/9/19,Credit card,5
4659,WALM001,55+,Female,"Charleston, WV",Home and lifestyle,82,4/2/23,Credit card,6
4660,WALM041,25-34,Non-Binary,"Detroit, MI",Fashion accessories,222,12/26/19,Ewallet,5
4661,WALM037,45-54,Non-Binary,"Birmingham, AL",Home and lifestyle,29,9/10/22,Credit card,5
4662,WALM060,18-24,Prefer Not to Say,"Jackson, MS",Fashion accessories,219,2/14/23,Credit card,5
4663,WALM015,25-34,Female,"Indianapolis, IN",Home and lifestyle,146,6/19/23,Credit card,5
4664,WALM067,45-54,Non-Binary,"Baltimore, MD",Fashion accessories,66,11/18/22,Credit card,7
4665,WALM079,55+,Male,"Las Vegas, NV",Home and lifestyle,45,5/13/19,Credit card,6
4666,WALM053,45-54,Non-Binary,"Birmingham, AL",Fashion accessories,148,9/30/23,Credit card,4
4667,WALM059,55+,Female,"Atlanta, GA",Home and lifestyle,129,3/19/23,Credit card,6
4668,WALM008,45-54,Male,"Detroit, MI",Fashion accessories,90,10/26/19,Credit card,9
4669,WALM085,45-54,Male,"Nashville, TN",Home and lifestyle,69,1/29/21,Credit card,7
4670,WALM039,35-44,Non-Binary,"Hartford, CT",Fashion accessories,54,5/13/22,Credit card,7
4671,WALM096,25-34,Male,"Phoenix, AZ",Home and lifestyle,74,1/19/22,Credit card,6
4672,WALM081,45-54,Non-Binary,"Denver, CO",Fashion accessories,66,5/11/23,Credit card,8
4673,WALM066,18-24,Prefer Not to Say,"Nashville, TN",Home and lifestyle,128,7/25/21,Credit card,9
4674,WALM062,55+,Non-Binary,"Sioux Falls, SD",Fashion accessories,99,4/14/19,Credit card,5
4675,WALM048,35-44,Female,"Wilmington, DE",Home and lifestyle,74,9/24/19,Credit card,6
4676,WALM036,55+,Male,"Louisville, KY",Fashion accessories,213,2/2/22,Credit card,4
4677,WALM041,55+,Female,"Fargo, ND",Home and lifestyle,69,9/2/22,Ewallet,8
4678,WALM081,18-24,Female,"Manchester, NH",Fashion accessories,165,10/4/20,Credit card,9
4679,WALM023,18-24,Non-Binary,"Los Angeles, CA",Home and lifestyle,158,9/11/20,Credit card,8
4680,WALM083,45-54,Prefer Not to Say,"Boise, ID",Fashion accessories,66,5/15/23,Credit card,4
4681,WALM005,25-34,Prefer Not to Say,"Philadelphia, PA",Home and lifestyle,142,5/29/20,Credit card,9
4682,WALM012,25-34,Female,"Birmingham, AL",Fashion accessories,33,5/30/21,Credit card,7
4683,WALM060,25-34,Non-Binary,"Las Vegas, NV",Home and lifestyle,63,11/27/20,Credit card,6
4684,WALM021,18-24,Non-Binary,"Burlington, VT",Fashion accessories,63,8/21/21,Credit card,4
4685,WALM041,35-44,Male,"Albuquerque, NM",Home and lifestyle,117,9/2/22,Ewallet,5
4686,WALM068,25-34,Female,"Las Vegas, NV",Fashion accessories,66,8/29/20,Credit card,4
4687,WALM091,55+,Non-Binary,"Orlando, FL",Home and lifestyle,126,6/21/21,Credit card,8
4688,WALM001,45-54,Non-Binary,"Wichita, KS",Fashion accessories,231,4/22/22,Credit card,6
4689,WALM016,55+,Non-Binary,"Hartford, CT",Home and lifestyle,31,12/16/21,Credit card,9
4690,WALM027,18-24,Prefer Not to Say,"Fargo, ND",Fashion accessories,56,12/13/21,Credit card,7
4691,WALM095,18-24,Male,"Oklahoma City, OK",Home and lifestyle,156,12/24/20,Credit card,8
4692,WALM076,35-44,Male,"Baltimore, MD",Fashion accessories,17,1/6/20,Credit card,7
4693,WALM018,18-24,Prefer Not to Say,"Baltimore, MD",Home and lifestyle,78,11/28/23,Credit card,8
4694,WALM004,25-34,Non-Binary,"Manchester, NH",Fashion accessories,73,2/2/23,Credit card,7
4695,WALM019,55+,Prefer Not to Say,"Fargo, ND",Home and lifestyle,158,8/15/20,Credit card,9
4696,WALM067,18-24,Female,"Portland, ME",Fashion accessories,170,12/15/23,Credit card,8
4697,WALM085,25-34,Female,"Boston, MA",Home and lifestyle,57,12/1/19,Credit card,4
4698,WALM060,45-54,Female,"Honolulu, HI",Fashion accessories,240,5/25/22,Credit card,6
4699,WALM043,45-54,Female,"St. Louis, MO",Home and lifestyle,122,10/4/20,Credit card,7
4700,WALM042,45-54,Prefer Not to Say,"Fargo, ND",Fashion accessories,110,4/9/22,Credit card,4
4701,WALM093,25-34,Female,"Des Moines, IA",Home and lifestyle,16,3/17/19,Credit card,5
4702,WALM052,45-54,Non-Binary,"Minneapolis, MN",Fashion accessories,34,5/23/21,Credit card,5
4703,WALM051,45-54,Male,"Louisville, KY",Home and lifestyle,42,1/11/23,Credit card,8
4704,WALM022,55+,Prefer Not to Say,"Detroit, MI",Fashion accessories,43,1/14/23,Credit card,6
4705,WALM090,25-34,Non-Binary,"Wichita, KS",Home and lifestyle,180,12/20/20,Credit card,9
4706,WALM024,55+,Male,"Honolulu, HI",Fashion accessories,44,7/4/20,Credit card,4
4707,WALM070,25-34,Prefer Not to Say,"Fargo, ND",Home and lifestyle,48,4/27/20,Credit card,8
4708,WALM001,35-44,Prefer Not to Say,"Louisville, KY",Fashion accessories,52,5/19/22,Credit card,5
4709,WALM048,55+,Prefer Not to Say,"Baltimore, MD",Home and lifestyle,44,9/27/20,Credit card,7
4710,WALM047,45-54,Non-Binary,"St. Louis, MO",Fashion accessories,114,12/23/21,Credit card,9
4711,WALM078,45-54,Prefer Not to Say,"Los Angeles, CA",Home and lifestyle,50,11/21/23,Credit card,4
4712,WALM057,25-34,Male,"Jackson, MS",Fashion accessories,198,9/5/23,Credit card,9
4713,WALM048,25-34,Male,"Salt Lake City, UT",Home and lifestyle,162,3/27/21,Credit card,7
4714,WALM007,55+,Female,"New York City, NY",Fashion accessories,20,7/13/22,Credit card,5
4715,WALM008,25-34,Male,"New Orleans, LA",Home and lifestyle,186,5/15/20,Credit card,5
4716,WALM072,25-34,Female,"St. Louis, MO",Fashion accessories,63,2/4/22,Credit card,6
4717,WALM083,45-54,Non-Binary,"Charleston, WV",Home and lifestyle,204,1/25/23,Credit card,6
4718,WALM078,45-54,Female,"Charlotte, NC",Fashion accessories,195,10/19/19,Credit card,7
4719,WALM053,25-34,Male,"Wichita, KS",Home and lifestyle,195,6/20/20,Credit card,8
4720,WALM080,18-24,Female,"Boise, ID",Fashion accessories,54,3/13/19,Credit card,4
4721,WALM024,55+,Male,"Manchester, NH",Home and lifestyle,54,8/14/20,Credit card,5
4722,WALM060,55+,Non-Binary,"Chicago, IL",Fashion accessories,78,10/6/23,Credit card,9
4723,WALM040,55+,Non-Binary,"Cheyenne, WY",Home and lifestyle,100,2/2/21,Credit card,7
4724,WALM090,45-54,Prefer Not to Say,"Minneapolis, MN",Fashion accessories,73,6/20/19,Credit card,7
4725,WALM021,25-34,Prefer Not to Say,"Wilmington, DE",Home and lifestyle,81,3/13/21,Credit card,7
4726,WALM080,25-34,Prefer Not to Say,"Hartford, CT",Fashion accessories,39,11/27/23,Credit card,6
4727,WALM023,45-54,Female,"Albuquerque, NM",Home and lifestyle,31,11/30/20,Credit card,4
4728,WALM012,18-24,Female,"Burlington, VT",Fashion accessories,210,1/3/23,Credit card,4
4729,WALM061,18-24,Prefer Not to Say,"New York City, NY",Home and lifestyle,174,1/28/22,Credit card,9
4730,WALM085,35-44,Female,"Des Moines, IA",Fashion accessories,81,1/4/19,Credit card,9
4731,WALM049,35-44,Female,"Boise, ID",Home and lifestyle,216,10/4/20,Credit card,6
4732,WALM068,25-34,Non-Binary,"Houston, TX",Fashion accessories,68,9/29/21,Credit card,7
4733,WALM096,18-24,Non-Binary,"Boston, MA",Home and lifestyle,148,6/5/23,Credit card,4
4734,WALM016,45-54,Prefer Not to Say,"Denver, CO",Fashion accessories,61,2/23/21,Credit card,7
4735,WALM014,35-44,Male,"Fargo, ND",Home and lifestyle,54,2/7/20,Credit card,7
4736,WALM078,25-34,Prefer Not to Say,"Providence, RI",Fashion accessories,66,10/31/21,Credit card,6
4737,WALM048,18-24,Non-Binary,"Detroit, MI",Home and lifestyle,252,11/1/22,Credit card,9
4738,WALM100,35-44,Non-Binary,"Chicago, IL",Fashion accessories,198,8/20/21,Credit card,9
4739,WALM057,35-44,Female,"Albuquerque, NM",Home and lifestyle,116,8/25/22,Credit card,8
4740,WALM066,18-24,Male,"Des Moines, IA",Fashion accessories,22,7/10/21,Credit card,7
4741,WALM008,55+,Prefer Not to Say,"Oklahoma City, OK",Home and lifestyle,102,3/27/20,Credit card,9
4742,WALM002,35-44,Non-Binary,"Omaha, NE",Fashion accessories,105,3/5/20,Credit card,9
4743,WALM064,25-34,Female,"Virginia Beach, VA",Home and lifestyle,138,10/1/20,Credit card,9
4744,WALM083,18-24,Prefer Not to Say,"Charleston, WV",Fashion accessories,56,1/11/20,Credit card,6
4745,WALM017,18-24,Female,"Oklahoma City, OK",Home and lifestyle,204,11/14/21,Credit card,4
4746,WALM040,55+,Female,"Birmingham, AL",Fashion accessories,41,6/19/22,Credit card,5
4747,WALM012,35-44,Male,"Omaha, NE",Home and lifestyle,34,9/8/22,Credit card,8
4748,WALM076,55+,Male,"Las Vegas, NV",Fashion accessories,96,5/15/23,Credit card,8
4749,WALM076,45-54,Female,"Nashville, TN",Home and lifestyle,114,1/29/20,Credit card,7
4750,WALM033,45-54,Male,"Portland, ME",Fashion accessories,120,6/16/21,Credit card,7
4751,WALM012,18-24,Prefer Not to Say,"Las Vegas, NV",Home and lifestyle,164,4/12/21,Credit card,6
4752,WALM048,55+,Prefer Not to Say,"Virginia Beach, VA",Fashion accessories,51,6/8/19,Credit card,8
4753,WALM083,55+,Male,"Las Vegas, NV",Home and lifestyle,87,1/12/23,Credit card,8
4754,WALM016,55+,Male,"Baltimore, MD",Fashion accessories,183,4/30/21,Credit card,5
4755,WALM049,45-54,Female,"Hartford, CT",Home and lifestyle,23,1/19/20,Credit card,7
4756,WALM009,18-24,Female,"Newark, NJ",Fashion accessories,126,1/30/23,Credit card,6
4757,WALM048,45-54,Male,"Virginia Beach, VA",Home and lifestyle,198,12/7/19,Credit card,5
4758,WALM012,35-44,Non-Binary,"St. Louis, MO",Fashion accessories,117,11/6/19,Credit card,9
4759,WALM019,18-24,Female,"Milwaukee, WI",Home and lifestyle,69,8/4/19,Credit card,9
4760,WALM094,18-24,Prefer Not to Say,"Hartford, CT",Fashion accessories,50,5/23/22,Credit card,9
4761,WALM026,55+,Female,"Boise, ID",Home and lifestyle,122,11/27/21,Credit card,6
4762,WALM005,55+,Prefer Not to Say,"Milwaukee, WI",Fashion accessories,83,7/3/19,Credit card,8
4763,WALM045,18-24,Male,"Denver, CO",Home and lifestyle,71,9/6/21,Credit card,7
4764,WALM045,45-54,Male,"Charleston, WV",Fashion accessories,147,9/25/21,Credit card,4
4765,WALM031,35-44,Male,"Indianapolis, IN",Home and lifestyle,48,10/17/22,Credit card,5
4766,WALM066,45-54,Male,"Atlanta, GA",Fashion accessories,62,9/12/22,Credit card,6
4767,WALM021,25-34,Female,"Houston, TX",Home and lifestyle,201,3/12/19,Credit card,9
4768,WALM060,35-44,Prefer Not to Say,"Portland, ME",Fashion accessories,52,12/14/21,Credit card,7
4769,WALM017,25-34,Female,"Sioux Falls, SD",Home and lifestyle,234,11/14/23,Credit card,7
4770,WALM095,25-34,Male,"Charleston, SC",Fashion accessories,35,12/5/23,Credit card,5
4771,WALM083,18-24,Female,"Seattle, WA",Home and lifestyle,213,1/29/22,Credit card,4
4772,WALM080,35-44,Non-Binary,"Manchester, NH",Fashion accessories,94,11/14/23,Credit card,7
4773,WALM076,25-34,Male,"Des Moines, IA",Home and lifestyle,82,5/14/22,Credit card,6
4774,WALM022,35-44,Male,"Wilmington, DE",Fashion accessories,72,8/4/20,Credit card,9
4775,WALM002,35-44,Prefer Not to Say,"Fargo, ND",Home and lifestyle,51,6/22/19,Credit card,6
4776,WALM021,25-34,Male,"Little Rock, AR",Fashion accessories,41,10/16/19,Credit card,5
4777,WALM096,35-44,Non-Binary,"Virginia Beach, VA",Home and lifestyle,67,3/26/19,Credit card,6
4778,WALM021,35-44,Male,"Portland, ME",Fashion accessories,44,9/19/23,Credit card,7
4779,WALM058,45-54,Non-Binary,"Columbus, OH",Home and lifestyle,222,11/17/22,Credit card,7
4780,WALM020,35-44,Male,"Portland, ME",Fashion accessories,27,5/19/19,Credit card,5
4781,WALM041,35-44,Female,"Baltimore, MD",Home and lifestyle,78,11/29/22,Ewallet,4
4782,WALM044,18-24,Non-Binary,"Oklahoma City, OK",Fashion accessories,81,2/13/20,Credit card,5
4783,WALM041,18-24,Non-Binary,"Chicago, IL",Home and lifestyle,118,9/12/23,Cash,6
4784,WALM072,55+,Male,"Hartford, CT",Fashion accessories,150,7/21/20,Credit card,5
4785,WALM039,45-54,Male,"Charleston, WV",Home and lifestyle,29,6/30/21,Credit card,5
4786,WALM043,25-34,Non-Binary,"Virginia Beach, VA",Fashion accessories,60,9/18/22,Credit card,9
4787,WALM026,25-34,Female,"Providence, RI",Home and lifestyle,88,2/19/22,Credit card,9
4788,WALM066,25-34,Non-Binary,"Virginia Beach, VA",Fashion accessories,138,12/21/19,Credit card,7
4789,WALM066,18-24,Non-Binary,"Oklahoma City, OK",Home and lifestyle,78,11/26/22,Credit card,9
4790,WALM083,35-44,Male,"Charleston, SC",Fashion accessories,32,8/28/20,Credit card,7
4791,WALM094,45-54,Non-Binary,"Milwaukee, WI",Home and lifestyle,18,9/25/20,Credit card,4
4792,WALM047,25-34,Female,"Seattle, WA",Fashion accessories,30,2/18/20,Credit card,4
4793,WALM067,18-24,Prefer Not to Say,"Wichita, KS",Home and lifestyle,57,11/22/23,Credit card,7
4794,WALM070,25-34,Non-Binary,"Boise, ID",Fashion accessories,150,7/7/23,Credit card,7
4795,WALM059,55+,Prefer Not to Say,"Sioux Falls, SD",Home and lifestyle,201,9/24/23,Credit card,5
4796,WALM083,35-44,Prefer Not to Say,"Des Moines, IA",Fashion accessories,19,8/30/22,Credit card,7
4797,WALM061,45-54,Male,"Chicago, IL",Home and lifestyle,180,3/24/20,Credit card,4
4798,WALM097,18-24,Non-Binary,"Detroit, MI",Fashion accessories,42,12/19/22,Credit card,4
4799,WALM043,55+,Male,"Orlando, FL",Home and lifestyle,78,4/29/23,Credit card,8
4800,WALM007,35-44,Female,"Boise, ID",Fashion accessories,144,9/7/23,Credit card,7
4801,WALM064,45-54,Non-Binary,"Phoenix, AZ",Home and lifestyle,130,7/2/19,Credit card,9
4802,WALM080,25-34,Female,"Indianapolis, IN",Fashion accessories,102,7/23/19,Credit card,8
4803,WALM043,45-54,Female,"Manchester, NH",Home and lifestyle,80,4/3/19,Credit card,9
4804,WALM019,45-54,Female,"Sioux Falls, SD",Fashion accessories,166,7/30/21,Credit card,5
4805,WALM001,45-54,Female,"Philadelphia, PA",Home and lifestyle,84,7/16/20,Credit card,9
4806,WALM078,45-54,Male,"New Orleans, LA",Fashion accessories,252,5/21/23,Credit card,4
4807,WALM078,35-44,Non-Binary,"Louisville, KY",Home and lifestyle,126,1/12/23,Credit card,4
4808,WALM011,45-54,Prefer Not to Say,"New York City, NY",Fashion accessories,31,8/30/19,Credit card,8
4809,WALM076,45-54,Non-Binary,"Nashville, TN",Home and lifestyle,52,10/10/23,Credit card,8
4810,WALM045,35-44,Prefer Not to Say,"Anchorage, AK",Fashion accessories,62,3/25/22,Credit card,7
4811,WALM042,35-44,Female,"St. Louis, MO",Home and lifestyle,27,12/11/22,Credit card,6
4812,WALM088,45-54,Female,"Chicago, IL",Fashion accessories,150,3/13/19,Credit card,6
4813,WALM083,55+,Female,"Manchester, NH",Home and lifestyle,51,4/2/21,Credit card,5
4814,WALM043,25-34,Female,"Baltimore, MD",Fashion accessories,240,11/20/22,Credit card,5
4815,WALM006,45-54,Prefer Not to Say,"Boston, MA",Home and lifestyle,48,6/2/20,Credit card,5
4816,WALM060,45-54,Female,"Milwaukee, WI",Fashion accessories,123,5/6/20,Credit card,9
4817,WALM049,55+,Non-Binary,"Billings, MT",Home and lifestyle,207,8/30/23,Credit card,8
4818,WALM096,55+,Non-Binary,"Boston, MA",Fashion accessories,174,10/19/20,Credit card,6
4819,WALM088,18-24,Prefer Not to Say,"Boise, ID",Home and lifestyle,124,5/8/19,Credit card,7
4820,WALM041,18-24,Male,"Columbus, OH",Fashion accessories,104,3/11/22,Ewallet,7
4821,WALM019,55+,Non-Binary,"Billings, MT",Home and lifestyle,129,5/18/20,Credit card,8
4822,WALM090,35-44,Prefer Not to Say,"Portland, ME",Fashion accessories,165,7/16/20,Credit card,5
4823,WALM013,45-54,Prefer Not to Say,"Minneapolis, MN",Home and lifestyle,45,2/14/22,Credit card,7
4824,WALM002,25-34,Non-Binary,"Little Rock, AR",Fashion accessories,42,8/31/22,Credit card,5
4825,WALM093,45-54,Prefer Not to Say,"Las Vegas, NV",Home and lifestyle,153,2/26/19,Credit card,7
4826,WALM067,45-54,Non-Binary,"Honolulu, HI",Fashion accessories,117,2/11/20,Credit card,7
4827,WALM059,18-24,Non-Binary,"Louisville, KY",Home and lifestyle,80,7/9/19,Credit card,8
4828,WALM059,18-24,Male,"New York City, NY",Fashion accessories,216,6/10/21,Credit card,9
4829,WALM027,45-54,Prefer Not to Say,"Indianapolis, IN",Home and lifestyle,69,2/11/19,Credit card,6
4830,WALM041,18-24,Non-Binary,"St. Louis, MO",Fashion accessories,207,12/8/21,Cash,8
4831,WALM098,25-34,Non-Binary,"Los Angeles, CA",Home and lifestyle,76,3/20/21,Credit card,7
4832,WALM005,25-34,Non-Binary,"Boston, MA",Fashion accessories,31,8/10/22,Credit card,6
4833,WALM022,35-44,Prefer Not to Say,"Detroit, MI",Home and lifestyle,16,7/13/21,Credit card,8
4834,WALM039,45-54,Female,"Providence, RI",Fashion accessories,183,2/28/20,Credit card,9
4835,WALM017,45-54,Male,"Birmingham, AL",Home and lifestyle,213,12/30/20,Credit card,6
4836,WALM092,55+,Non-Binary,"Charleston, WV",Fashion accessories,78,11/6/21,Credit card,6
4837,WALM010,25-34,Non-Binary,"Boise, ID",Home and lifestyle,57,9/1/20,Credit card,5
4838,WALM081,35-44,Non-Binary,"Salt Lake City, UT",Fashion accessories,234,3/15/23,Credit card,6
4839,WALM095,18-24,Prefer Not to Say,"Chicago, IL",Home and lifestyle,144,1/5/22,Credit card,7
4840,WALM053,25-34,Female,"Boise, ID",Fashion accessories,76,10/17/21,Credit card,4
4841,WALM021,55+,Male,"Wichita, KS",Home and lifestyle,27,10/1/22,Credit card,4
4842,WALM016,45-54,Prefer Not to Say,"Charleston, WV",Fashion accessories,162,7/16/23,Credit card,9
4843,WALM052,55+,Non-Binary,"Charleston, WV",Home and lifestyle,99,9/8/19,Credit card,5
4844,WALM023,25-34,Female,"Baltimore, MD",Fashion accessories,111,2/17/20,Credit card,6
4845,WALM052,18-24,Female,"Portland, OR",Home and lifestyle,28,7/14/23,Credit card,7
4846,WALM095,18-24,Female,"Atlanta, GA",Fashion accessories,34,3/3/23,Credit card,7
4847,WALM069,18-24,Female,"Charleston, WV",Home and lifestyle,162,8/9/20,Credit card,8
4848,WALM005,55+,Female,"Des Moines, IA",Fashion accessories,96,6/26/22,Credit card,4
4849,WALM068,35-44,Female,"Providence, RI",Home and lifestyle,159,3/27/22,Credit card,8
4850,WALM068,55+,Male,"Burlington, VT",Fashion accessories,162,8/16/21,Credit card,9
4851,WALM002,25-34,Non-Binary,"Indianapolis, IN",Home and lifestyle,124,5/29/21,Credit card,4
4852,WALM059,18-24,Non-Binary,"Wilmington, DE",Fashion accessories,54,1/27/20,Credit card,9
4853,WALM016,45-54,Male,"Boston, MA",Home and lifestyle,99,11/10/20,Credit card,9
4854,WALM005,35-44,Prefer Not to Say,"Columbus, OH",Fashion accessories,76,5/6/22,Credit card,8
4855,WALM091,45-54,Prefer Not to Say,"Anchorage, AK",Home and lifestyle,85,5/21/22,Credit card,8
4856,WALM011,55+,Female,"Minneapolis, MN",Fashion accessories,150,10/4/22,Credit card,8
4857,WALM062,55+,Female,"Charleston, SC",Home and lifestyle,66,5/8/19,Credit card,8
4858,WALM042,55+,Non-Binary,"Columbus, OH",Fashion accessories,154,9/14/20,Credit card,6
4859,WALM088,25-34,Female,"Virginia Beach, VA",Home and lifestyle,29,9/16/21,Credit card,5
4860,WALM097,45-54,Male,"Boise, ID",Fashion accessories,82,10/9/21,Credit card,7
4861,WALM008,18-24,Prefer Not to Say,"Phoenix, AZ",Home and lifestyle,252,9/21/22,Credit card,4
4862,WALM022,55+,Female,"Los Angeles, CA",Fashion accessories,57,10/9/23,Credit card,6
4863,WALM013,55+,Female,"Minneapolis, MN",Home and lifestyle,144,8/9/22,Credit card,8
4864,WALM069,45-54,Prefer Not to Say,"Detroit, MI",Fashion accessories,45,3/22/21,Credit card,5
4865,WALM088,45-54,Prefer Not to Say,"Portland, OR",Home and lifestyle,90,6/22/21,Credit card,8
4866,WALM001,25-34,Non-Binary,"Detroit, MI",Fashion accessories,150,8/18/19,Credit card,9
4867,WALM013,45-54,Non-Binary,"Portland, OR",Home and lifestyle,138,8/25/20,Credit card,4
4868,WALM030,45-54,Non-Binary,"Anchorage, AK",Fashion accessories,96,12/4/19,Credit card,4
4869,WALM091,18-24,Prefer Not to Say,"Orlando, FL",Home and lifestyle,84,2/19/22,Credit card,4
4870,WALM011,18-24,Non-Binary,"Oklahoma City, OK",Fashion accessories,126,8/17/21,Credit card,4
4871,WALM043,25-34,Female,"Des Moines, IA",Home and lifestyle,31,6/25/19,Credit card,4
4872,WALM096,45-54,Male,"Columbus, OH",Fashion accessories,117,6/13/20,Credit card,7
4873,WALM097,18-24,Prefer Not to Say,"Minneapolis, MN",Home and lifestyle,146,8/3/19,Credit card,6
4874,WALM083,25-34,Prefer Not to Say,"Des Moines, IA",Fashion accessories,15,2/24/22,Credit card,7
4875,WALM094,18-24,Non-Binary,"Sioux Falls, SD",Home and lifestyle,44,2/11/20,Credit card,5
4876,WALM014,55+,Male,"Charlotte, NC",Fashion accessories,110,1/5/19,Credit card,6
4877,WALM043,18-24,Prefer Not to Say,"New York City, NY",Home and lifestyle,66,4/28/20,Credit card,8
4878,WALM020,55+,Male,"Charleston, SC",Fashion accessories,62,12/26/21,Credit card,7
4879,WALM068,18-24,Non-Binary,"Los Angeles, CA",Home and lifestyle,72,5/9/20,Credit card,9
4880,WALM001,55+,Female,"Las Vegas, NV",Fashion accessories,47,8/29/19,Credit card,9
4881,WALM022,35-44,Non-Binary,"Atlanta, GA",Home and lifestyle,17,6/26/23,Credit card,4
4882,WALM039,18-24,Non-Binary,"Des Moines, IA",Fashion accessories,51,5/15/23,Credit card,7
4883,WALM064,18-24,Non-Binary,"Seattle, WA",Home and lifestyle,45,2/24/19,Credit card,8
4884,WALM012,18-24,Prefer Not to Say,"Wichita, KS",Fashion accessories,38,3/9/19,Credit card,7
4885,WALM049,45-54,Female,"Milwaukee, WI",Home and lifestyle,62,6/23/22,Credit card,5
4886,WALM015,35-44,Non-Binary,"Virginia Beach, VA",Fashion accessories,195,3/8/23,Credit card,5
4887,WALM097,45-54,Female,"Milwaukee, WI",Home and lifestyle,23,6/22/23,Credit card,5
4888,WALM053,35-44,Male,"Sioux Falls, SD",Fashion accessories,237,5/30/21,Credit card,7
4889,WALM008,25-34,Prefer Not to Say,"Jackson, MS",Home and lifestyle,60,3/19/20,Credit card,4
4890,WALM092,35-44,Male,"Baltimore, MD",Fashion accessories,68,8/21/19,Credit card,9
4891,WALM090,25-34,Male,"Anchorage, AK",Home and lifestyle,85,5/27/23,Credit card,7
4892,WALM044,45-54,Non-Binary,"Salt Lake City, UT",Fashion accessories,15,10/11/22,Credit card,4
4893,WALM009,45-54,Non-Binary,"Virginia Beach, VA",Home and lifestyle,142,2/5/21,Credit card,6
4894,WALM014,18-24,Female,"Seattle, WA",Fashion accessories,69,1/17/21,Credit card,8
4895,WALM094,25-34,Male,"Wichita, KS",Home and lifestyle,90,6/4/19,Credit card,9
4896,WALM015,35-44,Female,"Seattle, WA",Fashion accessories,120,10/30/20,Credit card,5
4897,WALM079,45-54,Non-Binary,"Anchorage, AK",Home and lifestyle,15,8/6/19,Credit card,4
4898,WALM097,35-44,Prefer Not to Say,"New Orleans, LA",Fashion accessories,42,6/12/23,Credit card,5
4899,WALM037,25-34,Non-Binary,"Phoenix, AZ",Home and lifestyle,66,8/29/23,Credit card,9
4900,WALM062,45-54,Non-Binary,"Virginia Beach, VA",Fashion accessories,86,4/16/19,Credit card,5
4901,WALM019,18-24,Male,"Houston, TX",Home and lifestyle,36,6/3/22,Credit card,8
4902,WALM016,25-34,Female,"Albuquerque, NM",Fashion accessories,70,9/18/23,Credit card,6
4903,WALM027,25-34,Non-Binary,"Hartford, CT",Home and lifestyle,162,10/27/23,Credit card,5
4904,WALM041,55+,Male,"Virginia Beach, VA",Fashion accessories,162,5/27/23,Cash,7
4905,WALM036,55+,Male,"Providence, RI",Home and lifestyle,58,7/9/21,Credit card,4
4906,WALM061,25-34,Prefer Not to Say,"Columbus, OH",Fashion accessories,82,5/3/21,Credit card,4
4907,WALM002,25-34,Non-Binary,"Albuquerque, NM",Home and lifestyle,207,1/3/21,Credit card,5
4908,WALM095,25-34,Non-Binary,"Wilmington, DE",Fashion accessories,74,10/2/20,Credit card,7
4909,WALM001,35-44,Male,"Hartford, CT",Home and lifestyle,33,11/30/23,Credit card,6
4910,WALM057,45-54,Prefer Not to Say,"Atlanta, GA",Fashion accessories,136,1/26/19,Credit card,4
4911,WALM096,45-54,Male,"Philadelphia, PA",Home and lifestyle,48,9/29/22,Credit card,9
4912,WALM015,55+,Prefer Not to Say,"Detroit, MI",Fashion accessories,45,1/17/19,Credit card,9
4913,WALM063,55+,Non-Binary,"Minneapolis, MN",Home and lifestyle,100,12/23/19,Credit card,6
4914,WALM010,18-24,Female,"Chicago, IL",Fashion accessories,158,12/19/20,Credit card,5
4915,WALM041,55+,Non-Binary,"Chicago, IL",Home and lifestyle,48,12/26/22,Cash,4
4916,WALM066,45-54,Male,"Billings, MT",Fashion accessories,150,6/3/21,Credit card,6
4917,WALM039,35-44,Non-Binary,"Minneapolis, MN",Home and lifestyle,108,6/19/20,Credit card,7
4918,WALM023,45-54,Non-Binary,"Columbus, OH",Fashion accessories,160,1/25/22,Credit card,8
4919,WALM097,35-44,Prefer Not to Say,"Milwaukee, WI",Home and lifestyle,56,3/25/19,Credit card,7
4920,WALM042,35-44,Prefer Not to Say,"New Orleans, LA",Fashion accessories,219,10/2/21,Credit card,9
4921,WALM015,35-44,Prefer Not to Say,"Phoenix, AZ",Home and lifestyle,150,11/7/21,Credit card,7
4922,WALM066,45-54,Prefer Not to Say,"Seattle, WA",Fashion accessories,69,3/15/23,Credit card,5
4923,WALM081,45-54,Male,"Cheyenne, WY",Home and lifestyle,28,9/25/19,Credit card,6
4924,WALM011,18-24,Non-Binary,"Boise, ID",Fashion accessories,72,9/18/22,Credit card,4
4925,WALM023,18-24,Male,"Salt Lake City, UT",Home and lifestyle,32,10/12/21,Credit card,4
4926,WALM004,25-34,Non-Binary,"Hartford, CT",Fashion accessories,171,6/13/21,Credit card,7
4927,WALM006,35-44,Prefer Not to Say,"Omaha, NE",Home and lifestyle,141,4/26/21,Credit card,6
4928,WALM083,35-44,Non-Binary,"Houston, TX",Fashion accessories,162,5/18/22,Credit card,8
4929,WALM019,18-24,Non-Binary,"Nashville, TN",Home and lifestyle,126,1/2/19,Credit card,9
4930,WALM033,35-44,Prefer Not to Say,"Albuquerque, NM",Fashion accessories,84,2/11/21,Credit card,7
4931,WALM008,18-24,Prefer Not to Say,"Honolulu, HI",Home and lifestyle,34,4/29/19,Credit card,8
4932,WALM045,55+,Non-Binary,"Albuquerque, NM",Fashion accessories,166,10/5/22,Credit card,7
4933,WALM020,25-34,Male,"Jackson, MS",Home and lifestyle,54,3/11/23,Credit card,9
4934,WALM040,25-34,Male,"Phoenix, AZ",Fashion accessories,126,6/2/19,Credit card,7
4935,WALM063,25-34,Female,"Milwaukee, WI",Home and lifestyle,132,7/22/22,Credit card,6
4936,WALM068,55+,Non-Binary,"Baltimore, MD",Fashion accessories,20,10/29/20,Credit card,6
4937,WALM047,35-44,Non-Binary,"Jackson, MS",Home and lifestyle,54,7/30/19,Credit card,5
4938,WALM042,45-54,Male,"Jackson, MS",Fashion accessories,234,6/6/21,Credit card,9
4939,WALM005,45-54,Female,"Des Moines, IA",Home and lifestyle,146,5/12/21,Credit card,6
4940,WALM034,25-34,Male,"Atlanta, GA",Fashion accessories,84,8/27/23,Credit card,4
4941,WALM096,25-34,Male,"Burlington, VT",Home and lifestyle,189,5/30/19,Credit card,6
4942,WALM036,45-54,Male,"Nashville, TN",Fashion accessories,16,4/3/21,Credit card,8
4943,WALM071,55+,Prefer Not to Say,"Denver, CO",Home and lifestyle,26,11/11/21,Credit card,9
4944,WALM043,18-24,Male,"Las Vegas, NV",Fashion accessories,81,10/23/23,Credit card,4
4945,WALM001,55+,Male,"Chicago, IL",Home and lifestyle,166,4/17/20,Credit card,6
4946,WALM034,35-44,Non-Binary,"Baltimore, MD",Fashion accessories,210,6/5/21,Credit card,5
4947,WALM002,35-44,Female,"Chicago, IL",Home and lifestyle,213,10/30/19,Credit card,5
4948,WALM034,35-44,Male,"Birmingham, AL",Fashion accessories,110,2/8/21,Credit card,9
4949,WALM026,18-24,Prefer Not to Say,"Wilmington, DE",Home and lifestyle,20,12/24/20,Credit card,7
4950,WALM081,55+,Female,"Omaha, NE",Fashion accessories,48,10/13/20,Credit card,7
4951,WALM005,55+,Female,"Wichita, KS",Home and lifestyle,82,2/26/22,Credit card,6
4952,WALM078,45-54,Prefer Not to Say,"Chicago, IL",Fashion accessories,243,7/25/23,Credit card,4
4953,WALM045,25-34,Female,"Los Angeles, CA",Home and lifestyle,62,3/6/20,Credit card,4
4954,WALM069,55+,Prefer Not to Say,"Detroit, MI",Fashion accessories,69,12/23/22,Credit card,8
4955,WALM095,55+,Female,"Portland, OR",Home and lifestyle,198,4/28/23,Credit card,8
4956,WALM088,35-44,Non-Binary,"Des Moines, IA",Fashion accessories,126,1/20/23,Credit card,5
4957,WALM036,18-24,Male,"Boston, MA",Home and lifestyle,54,9/30/19,Credit card,9
4958,WALM057,18-24,Female,"Nashville, TN",Fashion accessories,72,1/13/23,Credit card,7
4959,WALM090,35-44,Prefer Not to Say,"Louisville, KY",Home and lifestyle,53,6/13/21,Credit card,6
4960,WALM015,25-34,Female,"Portland, OR",Fashion accessories,65,10/9/19,Credit card,5
4961,WALM071,45-54,Female,"Boise, ID",Home and lifestyle,76,4/23/19,Credit card,4
4962,WALM016,25-34,Non-Binary,"Little Rock, AR",Fashion accessories,75,9/17/19,Credit card,7
4963,WALM051,18-24,Non-Binary,"Billings, MT",Home and lifestyle,114,6/4/20,Credit card,8
4964,WALM040,45-54,Non-Binary,"Cheyenne, WY",Fashion accessories,20,3/9/23,Credit card,8
4965,WALM091,45-54,Non-Binary,"Boston, MA",Home and lifestyle,186,3/1/21,Credit card,4
4966,WALM093,25-34,Non-Binary,"Billings, MT",Fashion accessories,26,10/2/21,Credit card,5
4967,WALM044,18-24,Prefer Not to Say,"Charleston, SC",Home and lifestyle,67,4/28/21,Credit card,8
4968,WALM064,45-54,Prefer Not to Say,"Fargo, ND",Fashion accessories,162,6/13/19,Credit card,9
4969,WALM024,45-54,Non-Binary,"Burlington, VT",Home and lifestyle,108,3/24/23,Credit card,6
4970,WALM070,25-34,Female,"Boise, ID",Fashion accessories,210,9/9/23,Credit card,7
4971,WALM057,55+,Female,"Salt Lake City, UT",Home and lifestyle,84,12/4/22,Credit card,9
4972,WALM068,45-54,Male,"Honolulu, HI",Fashion accessories,46,5/26/21,Credit card,8
4973,WALM061,45-54,Prefer Not to Say,"Houston, TX",Home and lifestyle,152,1/17/22,Credit card,7
4974,WALM078,45-54,Female,"Las Vegas, NV",Fashion accessories,105,11/24/21,Credit card,4
4975,WALM049,55+,Female,"Honolulu, HI",Home and lifestyle,166,6/11/19,Credit card,4
4976,WALM020,35-44,Female,"Houston, TX",Fashion accessories,110,6/25/22,Credit card,4
4977,WALM090,55+,Male,"Portland, OR",Home and lifestyle,123,10/4/22,Credit card,7
4978,WALM078,25-34,Male,"Jackson, MS",Fashion accessories,72,4/4/20,Credit card,9
4979,WALM028,25-34,Male,"Atlanta, GA",Home and lifestyle,130,9/11/22,Credit card,5
4980,WALM058,25-34,Male,"Omaha, NE",Fashion accessories,35,11/12/22,Credit card,5
4981,WALM017,35-44,Prefer Not to Say,"Anchorage, AK",Home and lifestyle,174,5/12/20,Credit card,8
4982,WALM001,35-44,Non-Binary,"Burlington, VT",Fashion accessories,67,12/18/23,Credit card,8
4983,WALM037,45-54,Female,"Louisville, KY",Home and lifestyle,56,1/12/21,Credit card,9
4984,WALM017,25-34,Prefer Not to Say,"Jackson, MS",Fashion accessories,201,8/24/19,Credit card,4
4985,WALM024,35-44,Female,"Wichita, KS",Home and lifestyle,79,9/26/23,Credit card,6
4986,WALM083,35-44,Prefer Not to Say,"New York City, NY",Fashion accessories,129,11/22/23,Credit card,8
4987,WALM052,55+,Male,"Seattle, WA",Home and lifestyle,61,2/3/22,Credit card,8
4988,WALM059,35-44,Male,"Boston, MA",Fashion accessories,171,8/4/22,Credit card,9
4989,WALM098,45-54,Female,"Milwaukee, WI",Home and lifestyle,164,2/1/20,Credit card,9
4990,WALM060,45-54,Male,"Omaha, NE",Fashion accessories,62,7/19/23,Credit card,5
4991,WALM015,45-54,Male,"Oklahoma City, OK",Home and lifestyle,126,6/16/20,Credit card,9
4992,WALM059,25-34,Non-Binary,"Baltimore, MD",Fashion accessories,192,3/12/21,Credit card,8
4993,WALM017,18-24,Male,"Manchester, NH",Home and lifestyle,43,12/25/21,Credit card,6
4994,WALM043,35-44,Male,"Virginia Beach, VA",Fashion accessories,210,4/25/20,Credit card,6
4995,WALM009,45-54,Prefer Not to Say,"Minneapolis, MN",Home and lifestyle,117,10/3/23,Credit card,6
4996,WALM001,45-54,Female,"Little Rock, AR",Fashion accessories,210,12/3/20,Credit card,8
4997,WALM060,55+,Prefer Not to Say,"Anchorage, AK",Home and lifestyle,57,9/4/21,Credit card,8
4998,WALM083,55+,Male,"Las Vegas, NV",Fashion accessories,134,9/11/20,Credit card,5
4999,WALM023,35-44,Non-Binary,"Los Angeles, CA",Home and lifestyle,130,8/29/21,Credit card,6
5000,WALM052,45-54,Non-Binary,"Billings, MT",Fashion accessories,100,1/27/20,Credit card,7
5001,WALM068,55+,Non-Binary,"Louisville, KY",Home and lifestyle,87,10/28/19,Credit card,5
5002,WALM085,55+,Female,"Phoenix, AZ",Fashion accessories,114,4/28/21,Credit card,5
5003,WALM051,18-24,Prefer Not to Say,"Los Angeles, CA",Home and lifestyle,84,7/5/21,Credit card,9
5004,WALM063,35-44,Prefer Not to Say,"Virginia Beach, VA",Fashion accessories,33,4/18/21,Credit card,4
5005,WALM072,18-24,Female,"Cheyenne, WY",Home and lifestyle,183,8/14/23,Credit card,4
5006,WALM031,35-44,Female,"Los Angeles, CA",Fashion accessories,53,11/30/23,Credit card,5
5007,WALM012,55+,Prefer Not to Say,"Burlington, VT",Home and lifestyle,141,3/1/23,Credit card,8
5008,WALM069,55+,Non-Binary,"Billings, MT",Fashion accessories,83,1/5/22,Credit card,9
5009,WALM048,25-34,Female,"Jackson, MS",Home and lifestyle,183,7/12/23,Credit card,4
5010,WALM063,45-54,Male,"Honolulu, HI",Fashion accessories,26,11/23/19,Credit card,8
5011,WALM008,35-44,Female,"Indianapolis, IN",Home and lifestyle,219,2/3/22,Credit card,8
5012,WALM052,55+,Female,"Los Angeles, CA",Fashion accessories,32,9/7/22,Credit card,4
5013,WALM072,35-44,Female,"Baltimore, MD",Home and lifestyle,75,5/8/22,Credit card,9
5014,WALM041,55+,Prefer Not to Say,"Honolulu, HI",Fashion accessories,102,9/3/19,Cash,6
5015,WALM018,25-34,Non-Binary,"Portland, OR",Home and lifestyle,20,7/8/19,Credit card,6
5016,WALM023,45-54,Female,"Charleston, SC",Fashion accessories,72,1/2/22,Credit card,8
5017,WALM007,25-34,Male,"Columbus, OH",Home and lifestyle,126,11/20/20,Credit card,5
5018,WALM052,18-24,Female,"New Orleans, LA",Fashion accessories,29,8/21/22,Credit card,9
5019,WALM067,18-24,Prefer Not to Say,"Indianapolis, IN",Home and lifestyle,79,12/3/20,Credit card,8
5020,WALM041,45-54,Female,"Portland, ME",Fashion accessories,42,4/9/22,Cash,9
5021,WALM096,25-34,Non-Binary,"Boise, ID",Home and lifestyle,73,9/8/19,Credit card,8
5022,WALM031,18-24,Male,"Los Angeles, CA",Fashion accessories,60,5/30/19,Credit card,7
5023,WALM080,55+,Non-Binary,"Las Vegas, NV",Home and lifestyle,82,1/14/22,Credit card,9
5024,WALM041,18-24,Male,"Charleston, SC",Fashion accessories,48,12/26/23,Cash,9
5025,WALM051,25-34,Non-Binary,"Oklahoma City, OK",Home and lifestyle,243,2/1/19,Credit card,5
5026,WALM095,25-34,Prefer Not to Say,"Charleston, WV",Fashion accessories,138,9/10/20,Credit card,5
5027,WALM009,18-24,Female,"Cheyenne, WY",Home and lifestyle,48,1/15/23,Credit card,7
5028,WALM019,18-24,Female,"Cheyenne, WY",Fashion accessories,201,1/11/20,Credit card,6
5029,WALM040,18-24,Prefer Not to Say,"Houston, TX",Home and lifestyle,45,9/21/20,Credit card,4
5030,WALM096,45-54,Prefer Not to Say,"Minneapolis, MN",Fashion accessories,96,10/31/22,Credit card,4
5031,WALM040,55+,Male,"Philadelphia, PA",Home and lifestyle,73,1/21/23,Credit card,4
5032,WALM058,45-54,Female,"Denver, CO",Fashion accessories,168,9/16/22,Credit card,8
5033,WALM081,18-24,Female,"Columbus, OH",Home and lifestyle,83,1/5/21,Credit card,8
5034,WALM010,35-44,Non-Binary,"Anchorage, AK",Fashion accessories,16,5/27/22,Credit card,9
5035,WALM079,45-54,Prefer Not to Say,"Detroit, MI",Home and lifestyle,70,3/26/22,Credit card,6
5036,WALM044,35-44,Female,"Portland, ME",Fashion accessories,105,8/20/19,Credit card,7
5037,WALM095,25-34,Male,"Columbus, OH",Home and lifestyle,98,8/9/22,Credit card,8
5038,WALM070,45-54,Prefer Not to Say,"Chicago, IL",Fashion accessories,120,8/7/21,Credit card,5
5039,WALM006,45-54,Female,"Des Moines, IA",Home and lifestyle,82,7/15/19,Credit card,5
5040,WALM100,25-34,Male,"Jackson, MS",Fashion accessories,45,4/22/21,Credit card,7
5041,WALM005,45-54,Prefer Not to Say,"Detroit, MI",Home and lifestyle,30,6/26/23,Credit card,6
5042,WALM002,45-54,Non-Binary,"Philadelphia, PA",Fashion accessories,67,12/21/22,Credit card,5
5043,WALM014,45-54,Female,"Newark, NJ",Home and lifestyle,150,6/14/22,Credit card,9
5044,WALM051,35-44,Male,"Las Vegas, NV",Fashion accessories,68,12/31/21,Credit card,7
5045,WALM060,18-24,Prefer Not to Say,"Des Moines, IA",Home and lifestyle,38,6/27/20,Credit card,7
5046,WALM039,25-34,Female,"New Orleans, LA",Fashion accessories,45,5/15/21,Credit card,4
5047,WALM028,25-34,Prefer Not to Say,"Seattle, WA",Home and lifestyle,174,11/8/22,Credit card,8
5048,WALM006,18-24,Prefer Not to Say,"Denver, CO",Fashion accessories,83,2/18/19,Credit card,4
5049,WALM036,55+,Non-Binary,"New Orleans, LA",Home and lifestyle,27,6/22/19,Credit card,9
5050,WALM070,25-34,Prefer Not to Say,"Sioux Falls, SD",Fashion accessories,134,12/16/19,Credit card,9
5051,WALM078,18-24,Male,"Columbus, OH",Home and lifestyle,128,12/31/22,Credit card,6
5052,WALM033,25-34,Female,"Honolulu, HI",Fashion accessories,98,10/7/19,Credit card,5
5053,WALM026,18-24,Male,"Birmingham, AL",Home and lifestyle,54,2/1/21,Credit card,5
5054,WALM027,25-34,Prefer Not to Say,"Jackson, MS",Fashion accessories,159,9/9/20,Credit card,8
5055,WALM072,25-34,Female,"Orlando, FL",Home and lifestyle,38,3/16/20,Credit card,6
5056,WALM033,45-54,Non-Binary,"Los Angeles, CA",Fashion accessories,78,10/18/23,Credit card,6
5057,WALM019,25-34,Female,"Burlington, VT",Home and lifestyle,87,6/26/22,Credit card,6
5058,WALM013,55+,Non-Binary,"Louisville, KY",Fashion accessories,68,4/19/23,Credit card,9
5059,WALM095,25-34,Prefer Not to Say,"Jackson, MS",Home and lifestyle,75,1/1/22,Credit card,6
5060,WALM031,18-24,Non-Binary,"Charleston, WV",Fashion accessories,92,6/16/22,Credit card,9
5061,WALM068,25-34,Prefer Not to Say,"Providence, RI",Home and lifestyle,150,9/16/22,Credit card,6
5062,WALM076,55+,Non-Binary,"Billings, MT",Fashion accessories,38,8/2/20,Credit card,5
5063,WALM013,55+,Non-Binary,"Hartford, CT",Home and lifestyle,195,4/16/19,Credit card,9
5064,WALM044,35-44,Non-Binary,"New York City, NY",Fashion accessories,80,12/22/20,Credit card,5
5065,WALM098,35-44,Female,"Billings, MT",Home and lifestyle,180,11/22/21,Credit card,9
5066,WALM021,35-44,Non-Binary,"Newark, NJ",Fashion accessories,158,3/4/21,Credit card,9
5067,WALM020,35-44,Male,"Salt Lake City, UT",Home and lifestyle,30,11/7/23,Credit card,9
5068,WALM017,45-54,Male,"New Orleans, LA",Fashion accessories,204,11/26/22,Credit card,8
5069,WALM031,35-44,Female,"Louisville, KY",Home and lifestyle,38,10/2/23,Credit card,4
5070,WALM044,25-34,Female,"Louisville, KY",Fashion accessories,68,8/17/21,Credit card,8
5071,WALM034,55+,Non-Binary,"Little Rock, AR",Home and lifestyle,28,4/11/21,Credit card,6
5072,WALM076,18-24,Female,"Houston, TX",Fashion accessories,98,10/20/20,Credit card,9
5073,WALM097,25-34,Prefer Not to Say,"Boise, ID",Home and lifestyle,37,5/2/23,Credit card,5
5074,WALM013,55+,Female,"New Orleans, LA",Fashion accessories,36,1/18/21,Credit card,9
5075,WALM052,25-34,Male,"St. Louis, MO",Home and lifestyle,210,12/6/19,Credit card,8
5076,WALM078,25-34,Male,"Wichita, KS",Fashion accessories,210,2/8/23,Credit card,6
5077,WALM022,25-34,Male,"Milwaukee, WI",Home and lifestyle,94,10/30/21,Credit card,6
5078,WALM020,18-24,Male,"Oklahoma City, OK",Fashion accessories,65,2/28/23,Credit card,8
5079,WALM014,55+,Male,"Oklahoma City, OK",Home and lifestyle,124,8/15/21,Credit card,4
5080,WALM070,35-44,Female,"Detroit, MI",Fashion accessories,54,8/3/23,Credit card,8
5081,WALM006,18-24,Prefer Not to Say,"Cheyenne, WY",Home and lifestyle,128,10/21/22,Credit card,5
5082,WALM010,25-34,Male,"Minneapolis, MN",Fashion accessories,156,10/24/21,Credit card,9
5083,WALM063,25-34,Female,"Newark, NJ",Home and lifestyle,142,6/23/22,Credit card,6
5084,WALM049,25-34,Female,"Birmingham, AL",Fashion accessories,83,2/16/22,Credit card,5
5085,WALM005,35-44,Female,"Nashville, TN",Home and lifestyle,96,5/22/19,Credit card,8
5086,WALM078,45-54,Non-Binary,"Nashville, TN",Fashion accessories,207,9/20/20,Credit card,5
5087,WALM066,18-24,Female,"Burlington, VT",Home and lifestyle,111,2/3/20,Credit card,5
5088,WALM041,18-24,Male,"Houston, TX",Fashion accessories,17,3/8/19,Cash,6
5089,WALM092,45-54,Non-Binary,"Newark, NJ",Home and lifestyle,19,4/2/21,Credit card,9
5090,WALM004,45-54,Female,"New Orleans, LA",Fashion accessories,134,8/2/23,Credit card,6
5091,WALM027,18-24,Male,"Wichita, KS",Home and lifestyle,132,12/8/20,Credit card,4
5092,WALM011,55+,Male,"Salt Lake City, UT",Fashion accessories,18,12/8/20,Credit card,7
5093,WALM020,18-24,Non-Binary,"Albuquerque, NM",Home and lifestyle,84,1/10/22,Credit card,7
5094,WALM014,18-24,Non-Binary,"Philadelphia, PA",Fashion accessories,56,5/9/21,Credit card,8
5095,WALM026,35-44,Male,"Wichita, KS",Home and lifestyle,219,6/30/23,Credit card,9
5096,WALM067,25-34,Female,"Baltimore, MD",Fashion accessories,51,5/20/19,Credit card,4
5097,WALM081,45-54,Non-Binary,"New Orleans, LA",Home and lifestyle,177,1/31/22,Credit card,4
5098,WALM028,55+,Non-Binary,"Charleston, SC",Fashion accessories,180,4/19/19,Credit card,5
5099,WALM009,18-24,Non-Binary,"Louisville, KY",Home and lifestyle,84,5/8/22,Credit card,9
5100,WALM071,18-24,Prefer Not to Say,"Little Rock, AR",Fashion accessories,81,7/18/23,Credit card,7
5101,WALM059,35-44,Non-Binary,"Atlanta, GA",Home and lifestyle,75,10/26/23,Credit card,6
5102,WALM062,18-24,Non-Binary,"Hartford, CT",Fashion accessories,128,4/12/22,Credit card,7
5103,WALM072,45-54,Prefer Not to Say,"Phoenix, AZ",Home and lifestyle,90,12/30/22,Credit card,6
5104,WALM059,55+,Male,"Cheyenne, WY",Fashion accessories,42,3/10/21,Credit card,7
5105,WALM023,55+,Female,"Charleston, WV",Home and lifestyle,76,4/5/21,Credit card,8
5106,WALM008,55+,Female,"Charleston, WV",Fashion accessories,56,2/24/23,Credit card,4
5107,WALM093,35-44,Male,"Atlanta, GA",Home and lifestyle,148,2/15/21,Credit card,6
5108,WALM002,55+,Non-Binary,"Honolulu, HI",Fashion accessories,38,3/9/19,Credit card,9
5109,WALM094,25-34,Male,"Wilmington, DE",Home and lifestyle,66,2/6/21,Credit card,5
5110,WALM072,55+,Prefer Not to Say,"Newark, NJ",Fashion accessories,99,3/16/22,Credit card,5
5111,WALM069,55+,Prefer Not to Say,"Jackson, MS",Home and lifestyle,186,1/13/20,Credit card,9
5112,WALM090,35-44,Male,"Charlotte, NC",Fashion accessories,29,12/31/22,Credit card,7
5113,WALM023,45-54,Prefer Not to Say,"Las Vegas, NV",Home and lifestyle,58,8/6/20,Credit card,5
5114,WALM051,25-34,Male,"Billings, MT",Fashion accessories,36,2/1/22,Credit card,7
5115,WALM060,25-34,Male,"Seattle, WA",Home and lifestyle,65,1/5/23,Credit card,6
5116,WALM083,35-44,Female,"Anchorage, AK",Fashion accessories,84,10/2/22,Credit card,7
5117,WALM028,18-24,Male,"Boston, MA",Home and lifestyle,213,12/24/19,Credit card,5
5118,WALM061,45-54,Male,"Cheyenne, WY",Fashion accessories,19,3/9/20,Credit card,5
5119,WALM017,25-34,Male,"Hartford, CT",Home and lifestyle,33,10/11/21,Credit card,9
5120,WALM047,35-44,Prefer Not to Say,"Oklahoma City, OK",Fashion accessories,43,11/9/21,Credit card,4
5121,WALM093,55+,Female,"Seattle, WA",Home and lifestyle,59,5/22/19,Credit card,7
5122,WALM090,55+,Non-Binary,"Charleston, WV",Fashion accessories,60,3/21/22,Credit card,6
5123,WALM085,35-44,Female,"New Orleans, LA",Home and lifestyle,62,2/21/19,Credit card,4
5124,WALM085,35-44,Male,"Cheyenne, WY",Fashion accessories,68,11/17/22,Credit card,7
5125,WALM034,55+,Male,"Omaha, NE",Home and lifestyle,38,11/23/22,Credit card,8
5126,WALM020,55+,Female,"Portland, OR",Fashion accessories,96,6/3/21,Credit card,5
5127,WALM023,35-44,Female,"Indianapolis, IN",Home and lifestyle,78,2/24/19,Credit card,5
5128,WALM076,25-34,Female,"Nashville, TN",Fashion accessories,37,9/19/21,Credit card,6
5129,WALM100,35-44,Prefer Not to Say,"Jackson, MS",Home and lifestyle,183,12/21/19,Credit card,4
5130,WALM091,45-54,Female,"Oklahoma City, OK",Fashion accessories,96,3/16/20,Credit card,4
5131,WALM088,25-34,Female,"Los Angeles, CA",Home and lifestyle,65,2/22/22,Credit card,8
5132,WALM026,45-54,Female,"Sioux Falls, SD",Fashion accessories,40,7/6/22,Credit card,8
5133,WALM072,35-44,Prefer Not to Say,"Manchester, NH",Home and lifestyle,42,2/11/21,Credit card,7
5134,WALM096,45-54,Male,"Billings, MT",Fashion accessories,108,2/5/19,Credit card,5
5135,WALM012,45-54,Prefer Not to Say,"Albuquerque, NM",Home and lifestyle,48,9/7/20,Credit card,7
5136,WALM095,35-44,Female,"Birmingham, AL",Fashion accessories,114,10/18/19,Credit card,4
5137,WALM095,18-24,Female,"Charlotte, NC",Home and lifestyle,44,12/7/19,Credit card,8
5138,WALM014,35-44,Prefer Not to Say,"Providence, RI",Fashion accessories,129,11/11/21,Credit card,4
5139,WALM081,25-34,Female,"Chicago, IL",Home and lifestyle,225,8/26/20,Credit card,6
5140,WALM052,45-54,Female,"Boston, MA",Fashion accessories,50,11/7/20,Credit card,5
5141,WALM020,35-44,Female,"Charlotte, NC",Home and lifestyle,105,10/19/21,Credit card,6
5142,WALM072,55+,Female,"Charleston, SC",Fashion accessories,124,10/12/22,Credit card,5
5143,WALM012,18-24,Prefer Not to Say,"Portland, OR",Home and lifestyle,62,9/6/21,Credit card,4
5144,WALM057,35-44,Non-Binary,"Oklahoma City, OK",Fashion accessories,40,6/22/20,Credit card,8
5145,WALM023,18-24,Prefer Not to Say,"St. Louis, MO",Home and lifestyle,75,7/31/20,Credit card,9
5146,WALM020,35-44,Non-Binary,"Hartford, CT",Fashion accessories,207,8/14/19,Credit card,8
5147,WALM006,45-54,Non-Binary,"Minneapolis, MN",Home and lifestyle,144,3/11/19,Credit card,5
5148,WALM033,55+,Female,"Los Angeles, CA",Fashion accessories,177,11/30/22,Credit card,5
5149,WALM005,55+,Male,"Oklahoma City, OK",Home and lifestyle,147,5/6/21,Credit card,7
5150,WALM027,55+,Prefer Not to Say,"Denver, CO",Fashion accessories,34,5/17/22,Credit card,9
5151,WALM004,35-44,Male,"Charleston, SC",Home and lifestyle,55,7/27/19,Credit card,7
5152,WALM005,35-44,Male,"Little Rock, AR",Fashion accessories,48,1/19/22,Credit card,4
5153,WALM091,55+,Non-Binary,"Columbus, OH",Home and lifestyle,32,10/6/19,Credit card,7
5154,WALM011,45-54,Non-Binary,"New Orleans, LA",Fashion accessories,58,12/24/19,Credit card,4
5155,WALM024,25-34,Female,"Albuquerque, NM",Home and lifestyle,42,8/6/21,Credit card,6
5156,WALM017,18-24,Female,"Newark, NJ",Fashion accessories,201,3/2/22,Credit card,8
5157,WALM060,18-24,Prefer Not to Say,"Columbus, OH",Home and lifestyle,79,9/29/23,Credit card,5
5158,WALM070,35-44,Female,"Seattle, WA",Fashion accessories,159,1/27/20,Credit card,4
5159,WALM060,25-34,Male,"Albuquerque, NM",Home and lifestyle,153,4/8/23,Credit card,7
5160,WALM026,25-34,Prefer Not to Say,"Seattle, WA",Fashion accessories,249,9/9/19,Credit card,6
5161,WALM006,18-24,Male,"Hartford, CT",Home and lifestyle,156,7/10/19,Credit card,4
5162,WALM098,45-54,Male,"Atlanta, GA",Fashion accessories,92,4/25/19,Credit card,6
5163,WALM028,55+,Non-Binary,"Jackson, MS",Home and lifestyle,138,6/29/20,Credit card,9
5164,WALM014,18-24,Prefer Not to Say,"Manchester, NH",Fashion accessories,49,5/15/22,Credit card,7
5165,WALM045,45-54,Male,"Birmingham, AL",Home and lifestyle,48,6/17/20,Credit card,9
5166,WALM015,55+,Male,"Indianapolis, IN",Fashion accessories,124,7/29/22,Credit card,5
5167,WALM015,18-24,Male,"Chicago, IL",Home and lifestyle,138,10/4/21,Credit card,8
5168,WALM021,55+,Female,"Detroit, MI",Fashion accessories,39,8/12/21,Credit card,4
5169,WALM012,55+,Prefer Not to Say,"Detroit, MI",Home and lifestyle,64,8/9/20,Credit card,8
5170,WALM037,45-54,Prefer Not to Say,"New Orleans, LA",Fashion accessories,69,7/23/20,Credit card,4
5171,WALM062,25-34,Female,"Detroit, MI",Home and lifestyle,56,9/5/19,Credit card,8
5172,WALM034,18-24,Male,"Seattle, WA",Fashion accessories,129,3/6/21,Credit card,9
5173,WALM034,18-24,Male,"Nashville, TN",Home and lifestyle,83,2/20/23,Credit card,9
5174,WALM060,18-24,Female,"Boise, ID",Fashion accessories,94,6/20/22,Credit card,5
5175,WALM060,35-44,Female,"Boston, MA",Home and lifestyle,43,3/11/20,Credit card,5
5176,WALM027,25-34,Male,"Billings, MT",Fashion accessories,252,3/4/23,Credit card,8
5177,WALM036,55+,Non-Binary,"Charlotte, NC",Home and lifestyle,128,1/24/19,Credit card,7
5178,WALM002,18-24,Prefer Not to Say,"Sioux Falls, SD",Fashion accessories,78,7/13/20,Credit card,5
5179,WALM092,45-54,Female,"Columbus, OH",Home and lifestyle,165,11/27/20,Credit card,7
5180,WALM007,18-24,Prefer Not to Say,"Baltimore, MD",Fashion accessories,152,1/13/21,Credit card,6
5181,WALM023,55+,Prefer Not to Say,"Houston, TX",Home and lifestyle,34,2/8/19,Credit card,5
5182,WALM019,45-54,Male,"Indianapolis, IN",Fashion accessories,88,8/23/20,Credit card,5
5183,WALM041,18-24,Female,"Sioux Falls, SD",Home and lifestyle,147,9/3/21,Ewallet,6
5184,WALM027,55+,Prefer Not to Say,"Sioux Falls, SD",Fashion accessories,69,7/2/21,Credit card,5
5185,WALM043,45-54,Female,"Houston, TX",Home and lifestyle,126,11/20/22,Credit card,6
5186,WALM063,55+,Non-Binary,"Sioux Falls, SD",Fashion accessories,180,4/24/20,Credit card,4
5187,WALM004,45-54,Non-Binary,"Jackson, MS",Home and lifestyle,168,4/13/23,Credit card,8
5188,WALM063,45-54,Male,"Indianapolis, IN",Fashion accessories,255,2/27/21,Credit card,7
5189,WALM071,25-34,Non-Binary,"Columbus, OH",Home and lifestyle,16,6/21/23,Credit card,9
5190,WALM001,55+,Female,"Burlington, VT",Fashion accessories,54,7/18/19,Credit card,9
5191,WALM048,45-54,Non-Binary,"Boise, ID",Home and lifestyle,162,7/21/20,Credit card,5
5192,WALM023,35-44,Prefer Not to Say,"Charlotte, NC",Fashion accessories,76,8/20/19,Credit card,8
5193,WALM047,35-44,Female,"Charleston, SC",Home and lifestyle,120,12/20/21,Credit card,5
5194,WALM092,18-24,Female,"Wichita, KS",Fashion accessories,71,7/31/20,Credit card,6
5195,WALM019,55+,Prefer Not to Say,"Hartford, CT",Home and lifestyle,24,2/18/23,Credit card,6
5196,WALM059,55+,Male,"Baltimore, MD",Fashion accessories,68,9/4/22,Credit card,8
5197,WALM024,55+,Non-Binary,"Orlando, FL",Home and lifestyle,48,12/18/19,Credit card,6
5198,WALM072,25-34,Prefer Not to Say,"Virginia Beach, VA",Fashion accessories,58,2/15/20,Credit card,5
5199,WALM041,25-34,Non-Binary,"Cheyenne, WY",Home and lifestyle,21,6/18/21,Ewallet,4
5200,WALM005,55+,Non-Binary,"Anchorage, AK",Fashion accessories,204,9/29/19,Credit card,8
5201,WALM083,55+,Female,"Wichita, KS",Home and lifestyle,94,2/22/19,Credit card,5
5202,WALM017,35-44,Non-Binary,"Boston, MA",Fashion accessories,87,1/29/20,Credit card,4
5203,WALM090,25-34,Prefer Not to Say,"Denver, CO",Home and lifestyle,144,10/7/21,Credit card,5
5204,WALM068,35-44,Non-Binary,"Newark, NJ",Fashion accessories,168,5/11/23,Credit card,5
5205,WALM058,18-24,Female,"Wilmington, DE",Home and lifestyle,160,7/22/20,Credit card,8
5206,WALM006,35-44,Prefer Not to Say,"Anchorage, AK",Fashion accessories,152,5/7/21,Credit card,7
5207,WALM010,45-54,Female,"New Orleans, LA",Home and lifestyle,74,2/1/21,Credit card,6
5208,WALM057,25-34,Male,"Baltimore, MD",Fashion accessories,76,6/11/22,Credit card,8
5209,WALM042,45-54,Male,"Jackson, MS",Home and lifestyle,84,4/20/23,Credit card,9
5210,WALM002,45-54,Non-Binary,"Boston, MA",Fashion accessories,36,1/24/23,Credit card,7
5211,WALM048,35-44,Female,"Charleston, WV",Home and lifestyle,74,8/31/21,Credit card,9
5212,WALM005,55+,Female,"Charleston, WV",Fashion accessories,24,9/26/22,Credit card,8
5213,WALM076,45-54,Prefer Not to Say,"Sioux Falls, SD",Home and lifestyle,44,7/6/20,Credit card,4
5214,WALM018,55+,Non-Binary,"Sioux Falls, SD",Fashion accessories,68,12/9/23,Credit card,7
5215,WALM024,35-44,Non-Binary,"Denver, CO",Home and lifestyle,82,11/29/20,Credit card,6
5216,WALM061,45-54,Non-Binary,"Fargo, ND",Fashion accessories,168,8/6/19,Credit card,8
5217,WALM031,55+,Female,"Boise, ID",Home and lifestyle,72,4/20/21,Credit card,6
5218,WALM079,45-54,Female,"Atlanta, GA",Fashion accessories,30,10/12/19,Credit card,8
5219,WALM057,35-44,Prefer Not to Say,"Orlando, FL",Home and lifestyle,23,8/31/20,Credit card,6
5220,WALM066,55+,Prefer Not to Say,"Charleston, SC",Fashion accessories,25,4/4/22,Credit card,9
5221,WALM051,45-54,Female,"Columbus, OH",Home and lifestyle,19,5/14/22,Credit card,4
5222,WALM015,45-54,Non-Binary,"Fargo, ND",Fashion accessories,240,11/29/20,Credit card,4
5223,WALM100,55+,Non-Binary,"Newark, NJ",Home and lifestyle,40,3/2/23,Credit card,8
5224,WALM068,18-24,Male,"Nashville, TN",Fashion accessories,80,1/25/21,Credit card,8
5225,WALM080,35-44,Non-Binary,"Billings, MT",Home and lifestyle,165,2/1/23,Credit card,7
5226,WALM042,55+,Female,"Atlanta, GA",Fashion accessories,153,1/6/20,Credit card,9
5227,WALM005,45-54,Prefer Not to Say,"Billings, MT",Home and lifestyle,94,5/5/22,Credit card,5
5228,WALM048,18-24,Non-Binary,"Sioux Falls, SD",Fashion accessories,164,5/17/19,Credit card,8
5229,WALM004,45-54,Female,"Denver, CO",Home and lifestyle,210,8/6/19,Credit card,7
5230,WALM043,35-44,Prefer Not to Say,"Anchorage, AK",Fashion accessories,189,3/6/21,Credit card,7
5231,WALM030,18-24,Prefer Not to Say,"Charleston, SC",Home and lifestyle,54,6/28/22,Credit card,4
5232,WALM092,35-44,Non-Binary,"Louisville, KY",Fashion accessories,29,9/5/19,Credit card,8
5233,WALM005,25-34,Prefer Not to Say,"Omaha, NE",Home and lifestyle,141,11/2/22,Credit card,8
5234,WALM015,18-24,Female,"Louisville, KY",Fashion accessories,240,11/20/20,Credit card,9
5235,WALM052,35-44,Prefer Not to Say,"Denver, CO",Home and lifestyle,114,2/25/19,Credit card,4
5236,WALM045,45-54,Prefer Not to Say,"Virginia Beach, VA",Fashion accessories,47,6/18/23,Credit card,6
5237,WALM059,45-54,Non-Binary,"Burlington, VT",Home and lifestyle,42,9/4/22,Credit card,4
5238,WALM064,55+,Prefer Not to Say,"Manchester, NH",Fashion accessories,146,4/25/20,Credit card,4
5239,WALM069,45-54,Female,"Salt Lake City, UT",Home and lifestyle,75,6/11/20,Credit card,6
5240,WALM051,35-44,Non-Binary,"Virginia Beach, VA",Fashion accessories,38,1/8/19,Credit card,6
5241,WALM002,18-24,Male,"Little Rock, AR",Home and lifestyle,40,3/13/20,Credit card,7
5242,WALM068,35-44,Female,"Des Moines, IA",Fashion accessories,82,11/2/22,Credit card,3
5243,WALM022,55+,Female,"Fargo, ND",Home and lifestyle,49,2/7/20,Credit card,6
5244,WALM043,45-54,Non-Binary,"Manchester, NH",Fashion accessories,67,11/27/22,Credit card,3
5245,WALM078,25-34,Non-Binary,"St. Louis, MO",Home and lifestyle,48,10/20/20,Credit card,7
5246,WALM001,25-34,Prefer Not to Say,"Boise, ID",Fashion accessories,162,3/18/20,Credit card,6
5247,WALM060,55+,Prefer Not to Say,"Billings, MT",Home and lifestyle,81,1/2/22,Credit card,5
5248,WALM061,25-34,Non-Binary,"Chicago, IL",Fashion accessories,135,2/8/23,Credit card,5
5249,WALM026,55+,Female,"Boston, MA",Home and lifestyle,148,4/1/19,Credit card,7
5250,WALM026,25-34,Prefer Not to Say,"Los Angeles, CA",Fashion accessories,129,9/1/19,Credit card,7
5251,WALM058,45-54,Non-Binary,"Little Rock, AR",Home and lifestyle,186,7/9/22,Credit card,6
5252,WALM068,25-34,Female,"Phoenix, AZ",Fashion accessories,79,1/15/19,Credit card,7
5253,WALM037,35-44,Female,"Charleston, SC",Home and lifestyle,87,12/7/20,Credit card,7
5254,WALM015,35-44,Prefer Not to Say,"Omaha, NE",Fashion accessories,19,8/18/21,Credit card,6
5255,WALM071,18-24,Prefer Not to Say,"Little Rock, AR",Home and lifestyle,34,2/18/23,Credit card,5
5256,WALM008,45-54,Non-Binary,"Milwaukee, WI",Fashion accessories,82,10/7/20,Credit card,4
5257,WALM053,45-54,Prefer Not to Say,"Portland, ME",Home and lifestyle,59,11/4/19,Credit card,6
5258,WALM088,18-24,Male,"Hartford, CT",Fashion accessories,98,7/28/22,Credit card,5
5259,WALM037,45-54,Male,"Salt Lake City, UT",Home and lifestyle,58,3/24/20,Credit card,5
5260,WALM040,45-54,Female,"Houston, TX",Fashion accessories,64,5/1/21,Credit card,6
5261,WALM078,45-54,Prefer Not to Say,"Sioux Falls, SD",Home and lifestyle,189,6/1/22,Credit card,4
5262,WALM019,18-24,Male,"Burlington, VT",Fashion accessories,27,4/7/20,Credit card,3
5263,WALM013,18-24,Prefer Not to Say,"New York City, NY",Home and lifestyle,51,12/28/23,Credit card,6
5264,WALM059,55+,Male,"Charleston, SC",Fashion accessories,150,1/5/23,Credit card,7
5265,WALM093,45-54,Female,"Hartford, CT",Home and lifestyle,100,2/24/22,Credit card,7
5266,WALM092,35-44,Female,"Birmingham, AL",Fashion accessories,15,2/28/22,Credit card,6
5267,WALM018,25-34,Non-Binary,"Anchorage, AK",Home and lifestyle,74,1/20/21,Credit card,5
5268,WALM001,45-54,Prefer Not to Say,"Portland, ME",Fashion accessories,82,10/3/22,Credit card,3
5269,WALM037,25-34,Non-Binary,"Detroit, MI",Home and lifestyle,80,9/2/19,Credit card,5
5270,WALM053,45-54,Female,"Louisville, KY",Fashion accessories,94,7/23/22,Credit card,5
5271,WALM061,45-54,Non-Binary,"Charlotte, NC",Home and lifestyle,73,10/19/20,Credit card,5
5272,WALM052,45-54,Female,"Boise, ID",Fashion accessories,126,2/19/23,Credit card,6
5273,WALM010,35-44,Male,"Wichita, KS",Home and lifestyle,67,1/10/22,Credit card,3
5274,WALM047,45-54,Male,"Salt Lake City, UT",Fashion accessories,154,5/10/20,Credit card,6
5275,WALM044,35-44,Male,"Honolulu, HI",Home and lifestyle,159,6/16/20,Credit card,5
5276,WALM008,35-44,Male,"Phoenix, AZ",Fashion accessories,112,9/9/22,Credit card,5
5277,WALM004,18-24,Non-Binary,"Atlanta, GA",Home and lifestyle,42,1/28/23,Credit card,5
5278,WALM062,55+,Prefer Not to Say,"Manchester, NH",Fashion accessories,132,1/15/23,Credit card,7
5279,WALM017,18-24,Male,"Cheyenne, WY",Home and lifestyle,85,6/18/19,Credit card,7
5280,WALM028,55+,Prefer Not to Say,"Charleston, WV",Fashion accessories,47,4/19/21,Credit card,4
5281,WALM007,18-24,Female,"Newark, NJ",Home and lifestyle,84,1/29/20,Credit card,4
5282,WALM041,55+,Prefer Not to Say,"Manchester, NH",Fashion accessories,111,1/14/22,Ewallet,7
5283,WALM095,18-24,Male,"Virginia Beach, VA",Home and lifestyle,38,6/4/22,Credit card,6
5284,WALM072,18-24,Male,"Hartford, CT",Fashion accessories,114,2/23/21,Credit card,7
5285,WALM060,35-44,Male,"Burlington, VT",Home and lifestyle,100,11/20/21,Credit card,7
5286,WALM071,35-44,Non-Binary,"Philadelphia, PA",Fashion accessories,22,1/26/21,Credit card,4
5287,WALM062,18-24,Male,"Burlington, VT",Home and lifestyle,135,2/19/19,Credit card,6
5288,WALM009,55+,Male,"Omaha, NE",Fashion accessories,29,5/2/19,Credit card,6
5289,WALM039,45-54,Female,"Charlotte, NC",Home and lifestyle,22,12/11/23,Credit card,5
5290,WALM005,45-54,Prefer Not to Say,"Charleston, SC",Fashion accessories,39,10/2/23,Credit card,5
5291,WALM037,45-54,Prefer Not to Say,"Nashville, TN",Home and lifestyle,45,7/11/22,Credit card,7
5292,WALM008,55+,Female,"Jackson, MS",Fashion accessories,62,5/31/21,Credit card,5
5293,WALM063,45-54,Male,"Virginia Beach, VA",Home and lifestyle,47,3/13/21,Credit card,4
5294,WALM036,35-44,Prefer Not to Say,"Hartford, CT",Fashion accessories,72,11/12/23,Credit card,3
5295,WALM040,35-44,Non-Binary,"Louisville, KY",Home and lifestyle,213,11/25/19,Credit card,7
5296,WALM048,35-44,Female,"Charleston, SC",Fashion accessories,189,9/12/20,Credit card,5
5297,WALM090,45-54,Male,"Nashville, TN",Home and lifestyle,237,6/3/19,Credit card,6
5298,WALM081,45-54,Prefer Not to Say,"Cheyenne, WY",Fashion accessories,51,5/27/22,Credit card,4
5299,WALM022,25-34,Male,"Houston, TX",Home and lifestyle,48,2/5/22,Credit card,3
5300,WALM051,45-54,Female,"Manchester, NH",Fashion accessories,219,5/31/23,Credit card,7
5301,WALM062,25-34,Prefer Not to Say,"Charlotte, NC",Home and lifestyle,90,2/17/20,Credit card,6
5302,WALM083,35-44,Male,"Denver, CO",Fashion accessories,110,7/8/19,Credit card,5
5303,WALM010,18-24,Prefer Not to Say,"Seattle, WA",Home and lifestyle,166,11/14/19,Credit card,7
5304,WALM088,55+,Non-Binary,"Boston, MA",Fashion accessories,124,11/21/22,Credit card,3
5305,WALM028,45-54,Female,"Little Rock, AR",Home and lifestyle,23,11/20/20,Credit card,4
5306,WALM057,45-54,Male,"New York City, NY",Fashion accessories,16,3/7/22,Credit card,7
5307,WALM048,25-34,Male,"Honolulu, HI",Home and lifestyle,164,4/11/22,Credit card,3
5308,WALM017,25-34,Male,"Indianapolis, IN",Fashion accessories,18,10/3/23,Credit card,6
5309,WALM045,35-44,Non-Binary,"Cheyenne, WY",Home and lifestyle,23,10/14/23,Credit card,5
5310,WALM067,45-54,Prefer Not to Say,"Salt Lake City, UT",Fashion accessories,158,2/23/20,Credit card,3
5311,WALM048,25-34,Female,"Little Rock, AR",Home and lifestyle,40,1/30/22,Credit card,5
5312,WALM098,18-24,Female,"St. Louis, MO",Fashion accessories,71,6/7/19,Credit card,4
5313,WALM037,35-44,Male,"Charleston, WV",Home and lifestyle,79,12/9/20,Credit card,6
5314,WALM100,45-54,Female,"Burlington, VT",Fashion accessories,50,3/24/19,Credit card,5
5315,WALM001,25-34,Non-Binary,"Salt Lake City, UT",Home and lifestyle,44,9/28/22,Credit card,5
5316,WALM060,45-54,Non-Binary,"Atlanta, GA",Fashion accessories,102,11/2/21,Credit card,6
5317,WALM053,35-44,Prefer Not to Say,"Charleston, SC",Home and lifestyle,30,1/25/20,Credit card,3
5318,WALM048,18-24,Female,"Wichita, KS",Fashion accessories,112,10/22/20,Credit card,5
5319,WALM036,45-54,Prefer Not to Say,"Newark, NJ",Home and lifestyle,60,4/22/22,Credit card,4
5320,WALM030,55+,Prefer Not to Say,"Las Vegas, NV",Fashion accessories,71,7/13/21,Credit card,5
5321,WALM026,25-34,Female,"Columbus, OH",Home and lifestyle,81,3/7/19,Credit card,3
5322,WALM090,25-34,Female,"Albuquerque, NM",Fashion accessories,56,7/12/20,Credit card,6
5323,WALM042,18-24,Female,"Denver, CO",Home and lifestyle,81,10/16/22,Credit card,4
5324,WALM064,35-44,Non-Binary,"Portland, OR",Fashion accessories,15,11/13/21,Credit card,4
5325,WALM045,25-34,Prefer Not to Say,"Omaha, NE",Home and lifestyle,93,6/19/22,Credit card,5
5326,WALM043,45-54,Prefer Not to Say,"Las Vegas, NV",Fashion accessories,82,4/28/22,Credit card,7
5327,WALM045,55+,Female,"St. Louis, MO",Home and lifestyle,20,10/19/21,Credit card,5
5328,WALM058,25-34,Male,"Phoenix, AZ",Fashion accessories,153,1/31/20,Credit card,7
5329,WALM024,35-44,Male,"Philadelphia, PA",Home and lifestyle,126,1/25/19,Credit card,5
5330,WALM028,55+,Female,"Honolulu, HI",Fashion accessories,118,12/20/21,Credit card,7
5331,WALM028,18-24,Male,"Oklahoma City, OK",Home and lifestyle,225,8/24/22,Credit card,3
5332,WALM049,45-54,Prefer Not to Say,"Portland, OR",Fashion accessories,213,8/3/20,Credit card,3
5333,WALM037,55+,Non-Binary,"Houston, TX",Home and lifestyle,158,12/8/20,Credit card,4
5334,WALM061,45-54,Prefer Not to Say,"St. Louis, MO",Fashion accessories,120,11/11/19,Credit card,5
5335,WALM062,25-34,Male,"Charleston, SC",Home and lifestyle,255,10/16/23,Credit card,7
5336,WALM023,25-34,Prefer Not to Say,"Milwaukee, WI",Fashion accessories,31,6/9/21,Credit card,6
5337,WALM033,35-44,Female,"Minneapolis, MN",Home and lifestyle,61,4/5/23,Credit card,3
5338,WALM021,55+,Female,"Charleston, WV",Fashion accessories,28,12/8/22,Credit card,6
5339,WALM096,45-54,Male,"St. Louis, MO",Home and lifestyle,54,12/14/19,Credit card,4
5340,WALM006,45-54,Prefer Not to Say,"Chicago, IL",Fashion accessories,114,10/30/19,Credit card,6
5341,WALM094,55+,Non-Binary,"Nashville, TN",Home and lifestyle,72,11/12/20,Credit card,4
5342,WALM070,18-24,Female,"Phoenix, AZ",Fashion accessories,166,6/17/23,Credit card,5
5343,WALM063,45-54,Prefer Not to Say,"Providence, RI",Home and lifestyle,42,8/16/22,Credit card,5
5344,WALM013,18-24,Non-Binary,"Anchorage, AK",Fashion accessories,106,11/20/23,Credit card,3
5345,WALM012,45-54,Non-Binary,"Honolulu, HI",Home and lifestyle,81,5/16/23,Credit card,7
5346,WALM039,45-54,Non-Binary,"Anchorage, AK",Fashion accessories,86,7/15/20,Credit card,5
5347,WALM066,35-44,Non-Binary,"Milwaukee, WI",Home and lifestyle,114,10/31/22,Credit card,3
5348,WALM019,18-24,Female,"Las Vegas, NV",Fashion accessories,189,9/27/23,Credit card,4
5349,WALM066,18-24,Female,"Phoenix, AZ",Home and lifestyle,54,8/2/21,Credit card,6
5350,WALM028,55+,Prefer Not to Say,"Wichita, KS",Fashion accessories,124,6/12/21,Credit card,6
5351,WALM088,45-54,Male,"Baltimore, MD",Home and lifestyle,40,2/2/21,Credit card,3
5352,WALM048,45-54,Non-Binary,"Birmingham, AL",Fashion accessories,106,4/19/23,Credit card,5
5353,WALM092,18-24,Female,"Oklahoma City, OK",Home and lifestyle,73,8/6/20,Credit card,6
5354,WALM002,18-24,Non-Binary,"Columbus, OH",Fashion accessories,252,4/6/20,Credit card,5
5355,WALM009,25-34,Male,"Indianapolis, IN",Home and lifestyle,246,11/14/22,Credit card,5
5356,WALM012,35-44,Non-Binary,"Providence, RI",Fashion accessories,58,2/11/19,Credit card,3
5357,WALM053,55+,Non-Binary,"Albuquerque, NM",Home and lifestyle,142,5/15/19,Credit card,4
5358,WALM067,25-34,Female,"Oklahoma City, OK",Fashion accessories,110,5/27/20,Credit card,7
5359,WALM098,55+,Non-Binary,"Charleston, WV",Home and lifestyle,66,8/11/23,Credit card,4
5360,WALM041,18-24,Non-Binary,"Newark, NJ",Fashion accessories,100,8/20/23,Ewallet,6
5361,WALM096,45-54,Non-Binary,"Louisville, KY",Home and lifestyle,44,8/13/19,Credit card,6
5362,WALM053,55+,Female,"Boise, ID",Fashion accessories,122,6/26/19,Credit card,5
5363,WALM042,35-44,Prefer Not to Say,"Nashville, TN",Home and lifestyle,46,1/18/23,Credit card,4
5364,WALM080,55+,Male,"Houston, TX",Fashion accessories,62,2/8/20,Credit card,5
5365,WALM011,45-54,Prefer Not to Say,"Fargo, ND",Home and lifestyle,240,4/8/23,Credit card,6
5366,WALM010,55+,Male,"Orlando, FL",Fashion accessories,96,12/27/20,Credit card,7
5367,WALM017,18-24,Female,"Los Angeles, CA",Home and lifestyle,135,10/5/23,Credit card,5
5368,WALM018,45-54,Female,"Louisville, KY",Fashion accessories,120,1/10/19,Credit card,6
5369,WALM037,25-34,Prefer Not to Say,"Wilmington, DE",Home and lifestyle,153,10/7/21,Credit card,4
5370,WALM062,18-24,Prefer Not to Say,"Chicago, IL",Fashion accessories,31,5/25/19,Credit card,5
5371,WALM009,45-54,Male,"Louisville, KY",Home and lifestyle,51,4/20/20,Credit card,7
5372,WALM019,25-34,Prefer Not to Say,"Des Moines, IA",Fashion accessories,37,10/22/21,Credit card,7
5373,WALM040,55+,Male,"Columbus, OH",Home and lifestyle,70,11/1/20,Credit card,6
5374,WALM033,55+,Non-Binary,"Hartford, CT",Fashion accessories,21,4/3/19,Credit card,4
5375,WALM058,45-54,Female,"Charleston, SC",Home and lifestyle,189,8/21/23,Credit card,7
5376,WALM062,45-54,Male,"Las Vegas, NV",Fashion accessories,90,7/3/21,Credit card,7
5377,WALM078,45-54,Prefer Not to Say,"Wichita, KS",Home and lifestyle,46,10/15/21,Credit card,6
5378,WALM007,35-44,Female,"Minneapolis, MN",Fashion accessories,171,7/13/23,Credit card,3
5379,WALM041,55+,Prefer Not to Say,"Detroit, MI",Home and lifestyle,69,11/13/20,Ewallet,4
5380,WALM059,35-44,Male,"Charleston, WV",Fashion accessories,44,11/1/21,Credit card,3
5381,WALM019,25-34,Female,"Detroit, MI",Home and lifestyle,246,7/25/21,Credit card,6
5382,WALM004,18-24,Prefer Not to Say,"Billings, MT",Fashion accessories,60,12/20/19,Credit card,7
5383,WALM047,18-24,Female,"Boston, MA",Home and lifestyle,164,8/22/22,Credit card,6
5384,WALM071,55+,Female,"Houston, TX",Fashion accessories,162,1/7/23,Credit card,3
5385,WALM098,18-24,Non-Binary,"Los Angeles, CA",Home and lifestyle,114,4/10/21,Credit card,5
5386,WALM083,25-34,Non-Binary,"Boston, MA",Fashion accessories,75,5/17/19,Credit card,3
5387,WALM042,35-44,Non-Binary,"Baltimore, MD",Home and lifestyle,81,3/20/23,Credit card,4
5388,WALM042,18-24,Male,"Omaha, NE",Fashion accessories,195,5/21/20,Credit card,5
5389,WALM072,45-54,Non-Binary,"Newark, NJ",Home and lifestyle,29,5/8/22,Credit card,5
5390,WALM051,25-34,Non-Binary,"Billings, MT",Fashion accessories,243,1/26/23,Credit card,6
5391,WALM095,25-34,Male,"New York City, NY",Home and lifestyle,117,10/6/19,Credit card,6
5392,WALM030,35-44,Male,"Providence, RI",Fashion accessories,140,4/30/20,Credit card,7
5393,WALM018,45-54,Non-Binary,"Des Moines, IA",Home and lifestyle,114,8/16/22,Credit card,6
5394,WALM036,18-24,Prefer Not to Say,"Cheyenne, WY",Fashion accessories,75,2/28/21,Credit card,5
5395,WALM090,45-54,Male,"Sioux Falls, SD",Home and lifestyle,207,9/27/20,Credit card,6
5396,WALM008,55+,Prefer Not to Say,"Denver, CO",Fashion accessories,111,3/27/23,Credit card,7
5397,WALM067,18-24,Male,"Hartford, CT",Home and lifestyle,57,5/20/23,Credit card,5
5398,WALM021,25-34,Male,"Little Rock, AR",Fashion accessories,45,1/7/19,Credit card,5
5399,WALM085,25-34,Male,"Charleston, WV",Home and lifestyle,112,9/13/23,Credit card,4
5400,WALM067,35-44,Male,"Phoenix, AZ",Fashion accessories,252,6/20/21,Credit card,3
5401,WALM051,45-54,Non-Binary,"Fargo, ND",Home and lifestyle,62,1/16/21,Credit card,3
5402,WALM091,55+,Male,"Indianapolis, IN",Fashion accessories,234,6/21/20,Credit card,7
5403,WALM057,35-44,Male,"Des Moines, IA",Home and lifestyle,162,11/1/19,Credit card,7
5404,WALM051,55+,Prefer Not to Say,"Birmingham, AL",Fashion accessories,37,10/15/22,Credit card,3
5405,WALM080,55+,Prefer Not to Say,"Minneapolis, MN",Home and lifestyle,42,2/23/21,Credit card,4
5406,WALM020,18-24,Prefer Not to Say,"Anchorage, AK",Fashion accessories,60,2/17/23,Credit card,5
5407,WALM070,55+,Female,"Wilmington, DE",Home and lifestyle,43,1/17/19,Credit card,4
5408,WALM013,45-54,Non-Binary,"Fargo, ND",Fashion accessories,58,2/10/21,Credit card,3
5409,WALM037,55+,Male,"Nashville, TN",Home and lifestyle,40,6/13/20,Credit card,7
5410,WALM080,55+,Female,"Manchester, NH",Fashion accessories,134,7/3/19,Credit card,5
5411,WALM071,35-44,Non-Binary,"Fargo, ND",Home and lifestyle,59,3/3/19,Credit card,7
5412,WALM040,45-54,Prefer Not to Say,"Los Angeles, CA",Fashion accessories,66,7/27/22,Credit card,7
5413,WALM048,25-34,Non-Binary,"Portland, OR",Home and lifestyle,144,11/17/22,Credit card,5
5414,WALM047,25-34,Prefer Not to Say,"Manchester, NH",Fashion accessories,84,8/19/20,Credit card,5
5415,WALM060,55+,Non-Binary,"Boise, ID",Home and lifestyle,48,5/26/21,Credit card,3
5416,WALM002,25-34,Male,"Indianapolis, IN",Fashion accessories,192,8/8/21,Credit card,4
5417,WALM014,45-54,Male,"Charleston, WV",Home and lifestyle,128,7/16/20,Credit card,3
5418,WALM067,45-54,Female,"Houston, TX",Fashion accessories,75,11/9/21,Credit card,7
5419,WALM026,35-44,Non-Binary,"Des Moines, IA",Home and lifestyle,92,2/12/23,Credit card,4
5420,WALM057,18-24,Male,"Philadelphia, PA",Fashion accessories,150,2/14/19,Credit card,3
5421,WALM036,18-24,Prefer Not to Say,"Orlando, FL",Home and lifestyle,98,4/13/23,Credit card,7
5422,WALM008,55+,Male,"Orlando, FL",Fashion accessories,246,11/30/19,Credit card,3
5423,WALM062,35-44,Female,"Birmingham, AL",Home and lifestyle,189,11/26/22,Credit card,3
5424,WALM005,18-24,Non-Binary,"Newark, NJ",Fashion accessories,117,11/19/22,Credit card,3
5425,WALM016,35-44,Female,"Wichita, KS",Home and lifestyle,138,12/8/22,Credit card,3
5426,WALM012,55+,Male,"Nashville, TN",Fashion accessories,51,8/4/23,Credit card,7
5427,WALM048,35-44,Prefer Not to Say,"Omaha, NE",Home and lifestyle,58,8/7/20,Credit card,4
5428,WALM062,55+,Female,"Providence, RI",Fashion accessories,195,11/14/21,Credit card,5
5429,WALM090,25-34,Prefer Not to Say,"Milwaukee, WI",Home and lifestyle,60,8/13/21,Credit card,4
5430,WALM030,35-44,Prefer Not to Say,"Hartford, CT",Fashion accessories,98,10/22/23,Credit card,7
5431,WALM030,55+,Male,"Philadelphia, PA",Home and lifestyle,93,4/23/22,Credit card,6
5432,WALM012,55+,Prefer Not to Say,"Jackson, MS",Fashion accessories,21,5/14/21,Credit card,5
5433,WALM027,25-34,Non-Binary,"Oklahoma City, OK",Home and lifestyle,84,11/3/20,Credit card,7
5434,WALM097,18-24,Male,"Sioux Falls, SD",Fashion accessories,84,10/14/20,Credit card,7
5435,WALM090,55+,Prefer Not to Say,"Oklahoma City, OK",Home and lifestyle,84,7/10/20,Credit card,4
5436,WALM024,55+,Non-Binary,"Portland, OR",Fashion accessories,29,4/17/21,Credit card,3
5437,WALM008,45-54,Non-Binary,"Chicago, IL",Home and lifestyle,72,3/14/22,Credit card,7
5438,WALM044,25-34,Female,"Charleston, WV",Fashion accessories,57,7/7/22,Credit card,4
5439,WALM030,55+,Non-Binary,"Indianapolis, IN",Home and lifestyle,78,5/5/19,Credit card,3
5440,WALM022,55+,Prefer Not to Say,"Jackson, MS",Fashion accessories,141,10/10/22,Credit card,6
5441,WALM019,18-24,Prefer Not to Say,"Indianapolis, IN",Home and lifestyle,19,9/20/22,Credit card,5
5442,WALM040,35-44,Prefer Not to Say,"Portland, ME",Fashion accessories,120,12/11/22,Credit card,3
5443,WALM085,55+,Non-Binary,"Burlington, VT",Home and lifestyle,70,5/6/22,Credit card,4
5444,WALM057,45-54,Male,"Los Angeles, CA",Fashion accessories,162,3/5/23,Credit card,3
5445,WALM012,25-34,Non-Binary,"Portland, OR",Home and lifestyle,44,11/21/23,Credit card,6
5446,WALM062,25-34,Prefer Not to Say,"Charleston, SC",Fashion accessories,43,6/8/22,Credit card,3
5447,WALM066,18-24,Male,"Denver, CO",Home and lifestyle,40,9/15/21,Credit card,5
5448,WALM096,55+,Female,"Fargo, ND",Fashion accessories,126,8/5/23,Credit card,5
5449,WALM039,25-34,Prefer Not to Say,"Charleston, SC",Home and lifestyle,94,5/1/22,Credit card,4
5450,WALM097,45-54,Non-Binary,"Virginia Beach, VA",Fashion accessories,177,1/8/19,Credit card,6
5451,WALM001,55+,Non-Binary,"Seattle, WA",Home and lifestyle,240,1/5/20,Credit card,3
5452,WALM017,18-24,Prefer Not to Say,"Milwaukee, WI",Fashion accessories,177,12/25/22,Credit card,5
5453,WALM066,18-24,Non-Binary,"Indianapolis, IN",Home and lifestyle,219,5/23/20,Credit card,5
5454,WALM052,35-44,Female,"Manchester, NH",Fashion accessories,60,9/3/21,Credit card,4
5455,WALM070,35-44,Female,"Houston, TX",Home and lifestyle,66,1/1/22,Credit card,7
5456,WALM041,25-34,Male,"Salt Lake City, UT",Fashion accessories,93,5/9/22,Ewallet,4
5457,WALM068,35-44,Male,"Wichita, KS",Home and lifestyle,45,6/21/19,Credit card,7
5458,WALM068,55+,Female,"Wichita, KS",Fashion accessories,84,9/12/19,Credit card,3
5459,WALM047,35-44,Prefer Not to Say,"Indianapolis, IN",Home and lifestyle,174,11/29/22,Credit card,5
5460,WALM002,55+,Female,"Nashville, TN",Fashion accessories,112,5/20/23,Credit card,7
5461,WALM009,25-34,Male,"Milwaukee, WI",Home and lifestyle,252,2/22/22,Credit card,4
5462,WALM042,35-44,Male,"Providence, RI",Fashion accessories,84,12/30/20,Credit card,7
5463,WALM081,55+,Prefer Not to Say,"Omaha, NE",Home and lifestyle,72,12/26/19,Credit card,4
5464,WALM043,55+,Non-Binary,"Wilmington, DE",Fashion accessories,54,10/23/23,Credit card,4
5465,WALM094,55+,Prefer Not to Say,"Portland, OR",Home and lifestyle,30,1/20/23,Credit card,4
5466,WALM031,18-24,Non-Binary,"Des Moines, IA",Fashion accessories,36,7/14/23,Credit card,6
5467,WALM097,18-24,Non-Binary,"Baltimore, MD",Home and lifestyle,108,1/30/23,Credit card,5
5468,WALM077,25-34,Prefer Not to Say,"Newark, NJ",Fashion accessories,63,11/17/23,Credit card,6
5469,WALM078,45-54,Male,"Honolulu, HI",Home and lifestyle,66,11/12/20,Credit card,5
5470,WALM001,45-54,Non-Binary,"Milwaukee, WI",Fashion accessories,70,1/29/23,Credit card,7
5471,WALM036,45-54,Male,"Milwaukee, WI",Home and lifestyle,122,5/14/20,Credit card,6
5472,WALM008,18-24,Female,"Las Vegas, NV",Fashion accessories,166,6/29/19,Credit card,6
5473,WALM037,55+,Prefer Not to Say,"Birmingham, AL",Home and lifestyle,204,1/19/19,Credit card,3
5474,WALM059,18-24,Non-Binary,"Wichita, KS",Fashion accessories,55,8/13/23,Credit card,7
5475,WALM040,25-34,Prefer Not to Say,"Little Rock, AR",Home and lifestyle,38,6/19/20,Credit card,3
5476,WALM039,35-44,Non-Binary,"Salt Lake City, UT",Fashion accessories,60,3/12/22,Credit card,6
5477,WALM051,55+,Male,"Philadelphia, PA",Home and lifestyle,43,10/17/23,Credit card,3
5478,WALM076,55+,Non-Binary,"Charleston, WV",Fashion accessories,164,5/14/19,Credit card,6
5479,WALM043,55+,Female,"Baltimore, MD",Home and lifestyle,43,2/16/19,Credit card,5
5480,WALM041,25-34,Male,"Baltimore, MD",Fashion accessories,106,11/7/20,Ewallet,4
5481,WALM023,18-24,Male,"Jackson, MS",Home and lifestyle,84,2/2/19,Credit card,6
5482,WALM067,55+,Prefer Not to Say,"New Orleans, LA",Fashion accessories,81,3/19/19,Credit card,3
5483,WALM027,35-44,Non-Binary,"Houston, TX",Home and lifestyle,58,12/11/20,Credit card,6
5484,WALM016,25-34,Female,"Las Vegas, NV",Fashion accessories,58,11/6/22,Credit card,6
5485,WALM068,55+,Non-Binary,"Houston, TX",Home and lifestyle,52,7/22/22,Credit card,7
5486,WALM076,45-54,Non-Binary,"Providence, RI",Fashion accessories,112,3/4/21,Credit card,4
5487,WALM033,18-24,Non-Binary,"Sioux Falls, SD",Home and lifestyle,177,4/4/19,Credit card,4
5488,WALM051,45-54,Non-Binary,"Wilmington, DE",Fashion accessories,66,7/15/23,Credit card,3
5489,WALM008,18-24,Male,"Albuquerque, NM",Home and lifestyle,90,5/6/21,Credit card,3
5490,WALM040,18-24,Prefer Not to Say,"Cheyenne, WY",Fashion accessories,23,10/19/19,Credit card,5
5491,WALM097,45-54,Prefer Not to Say,"Billings, MT",Home and lifestyle,83,7/14/23,Credit card,7
5492,WALM017,25-34,Prefer Not to Say,"Burlington, VT",Fashion accessories,180,2/1/22,Credit card,7
5493,WALM030,25-34,Non-Binary,"Detroit, MI",Home and lifestyle,148,12/7/21,Credit card,7
5494,WALM048,18-24,Prefer Not to Say,"Hartford, CT",Fashion accessories,60,4/11/19,Credit card,7
5495,WALM072,25-34,Female,"New Orleans, LA",Home and lifestyle,76,4/6/19,Credit card,3
5496,WALM071,55+,Male,"Anchorage, AK",Fashion accessories,82,5/25/19,Credit card,4
5497,WALM067,25-34,Female,"Fargo, ND",Home and lifestyle,132,4/7/23,Credit card,4
5498,WALM047,45-54,Male,"Chicago, IL",Fashion accessories,170,9/17/19,Credit card,7
5499,WALM058,35-44,Prefer Not to Say,"Minneapolis, MN",Home and lifestyle,92,5/13/23,Credit card,7
5500,WALM088,18-24,Male,"Seattle, WA",Fashion accessories,41,11/3/20,Credit card,7
5501,WALM066,35-44,Female,"Anchorage, AK",Home and lifestyle,73,3/2/21,Credit card,3
5502,WALM051,45-54,Prefer Not to Say,"Cheyenne, WY",Fashion accessories,177,7/11/22,Credit card,6
5503,WALM091,55+,Prefer Not to Say,"Nashville, TN",Home and lifestyle,90,9/5/20,Credit card,4
5504,WALM048,18-24,Female,"Orlando, FL",Fashion accessories,37,7/28/20,Credit card,4
5505,WALM041,18-24,Male,"Wichita, KS",Home and lifestyle,46,4/17/20,Ewallet,5
5506,WALM036,55+,Prefer Not to Say,"Oklahoma City, OK",Fashion accessories,53,12/17/21,Credit card,4
5507,WALM048,25-34,Prefer Not to Say,"Nashville, TN",Home and lifestyle,81,7/27/22,Credit card,5
5508,WALM034,25-34,Male,"Providence, RI",Fashion accessories,118,4/23/21,Credit card,5
5509,WALM061,35-44,Prefer Not to Say,"Los Angeles, CA",Home and lifestyle,34,2/5/20,Credit card,6
5510,WALM026,25-34,Non-Binary,"Orlando, FL",Fashion accessories,55,4/25/20,Credit card,6
5511,WALM014,18-24,Non-Binary,"Los Angeles, CA",Home and lifestyle,29,7/27/21,Credit card,6
5512,WALM088,55+,Male,"Virginia Beach, VA",Fashion accessories,60,2/14/21,Credit card,3
5513,WALM014,18-24,Male,"Charleston, WV",Home and lifestyle,30,3/22/23,Credit card,6
5514,WALM036,35-44,Male,"Columbus, OH",Fashion accessories,192,6/1/23,Credit card,7
5515,WALM083,45-54,Non-Binary,"Newark, NJ",Home and lifestyle,112,9/14/19,Credit card,7
5516,WALM040,55+,Non-Binary,"Boise, ID",Fashion accessories,90,6/22/20,Credit card,6
5517,WALM040,45-54,Prefer Not to Say,"Sioux Falls, SD",Home and lifestyle,156,12/9/19,Credit card,5
5518,WALM071,45-54,Prefer Not to Say,"Wichita, KS",Fashion accessories,124,5/6/21,Credit card,4
5519,WALM095,35-44,Female,"Philadelphia, PA",Home and lifestyle,90,10/1/23,Credit card,4
5520,WALM098,18-24,Prefer Not to Say,"Phoenix, AZ",Fashion accessories,30,7/21/21,Credit card,3
5521,WALM021,45-54,Non-Binary,"Providence, RI",Home and lifestyle,117,1/2/22,Credit card,4
5522,WALM067,25-34,Male,"Atlanta, GA",Fashion accessories,213,4/23/22,Credit card,7
5523,WALM048,25-34,Female,"Minneapolis, MN",Home and lifestyle,138,4/5/22,Credit card,7
5524,WALM098,18-24,Male,"Newark, NJ",Fashion accessories,150,5/21/19,Credit card,3
5525,WALM097,18-24,Non-Binary,"Charleston, SC",Home and lifestyle,246,2/21/19,Credit card,7
5526,WALM018,55+,Prefer Not to Say,"Milwaukee, WI",Fashion accessories,84,3/31/20,Credit card,5
5527,WALM048,35-44,Male,"Oklahoma City, OK",Home and lifestyle,76,9/9/20,Credit card,7
5528,WALM010,25-34,Prefer Not to Say,"Hartford, CT",Fashion accessories,252,4/5/23,Credit card,4
5529,WALM053,45-54,Prefer Not to Say,"Detroit, MI",Home and lifestyle,201,1/25/23,Credit card,3
5530,WALM004,35-44,Prefer Not to Say,"Manchester, NH",Fashion accessories,66,3/11/20,Credit card,7
5531,WALM045,45-54,Male,"Milwaukee, WI",Home and lifestyle,20,6/1/19,Credit card,7
5532,WALM067,55+,Prefer Not to Say,"Honolulu, HI",Fashion accessories,159,3/11/23,Credit card,5
5533,WALM061,55+,Male,"Los Angeles, CA",Home and lifestyle,132,1/15/21,Credit card,3
5534,WALM052,55+,Prefer Not to Say,"Houston, TX",Fashion accessories,126,7/2/23,Credit card,3
5535,WALM042,55+,Non-Binary,"Baltimore, MD",Home and lifestyle,84,1/27/22,Credit card,5
5536,WALM079,55+,Prefer Not to Say,"Baltimore, MD",Fashion accessories,216,8/3/22,Credit card,5
5537,WALM015,25-34,Female,"Charlotte, NC",Home and lifestyle,44,3/28/20,Credit card,3
5538,WALM060,18-24,Male,"Indianapolis, IN",Fashion accessories,75,10/4/23,Credit card,5
5539,WALM076,25-34,Female,"Baltimore, MD",Home and lifestyle,228,10/14/20,Credit card,6
5540,WALM072,55+,Non-Binary,"Los Angeles, CA",Fashion accessories,30,7/22/22,Credit card,4
5541,WALM008,18-24,Female,"Charleston, WV",Home and lifestyle,255,2/6/21,Credit card,3
5542,WALM015,55+,Prefer Not to Say,"Manchester, NH",Fashion accessories,98,3/12/19,Credit card,7
5543,WALM036,25-34,Female,"Seattle, WA",Home and lifestyle,108,3/5/22,Credit card,5
5544,WALM072,55+,Prefer Not to Say,"Portland, ME",Fashion accessories,144,2/22/23,Credit card,6
5545,WALM063,35-44,Non-Binary,"Phoenix, AZ",Home and lifestyle,48,11/10/22,Credit card,5
5546,WALM006,55+,Non-Binary,"Jackson, MS",Fashion accessories,170,3/1/22,Credit card,6
5547,WALM045,35-44,Female,"Honolulu, HI",Home and lifestyle,136,10/13/20,Credit card,3
5548,WALM062,35-44,Male,"Sioux Falls, SD",Fashion accessories,29,2/16/23,Credit card,6
5549,WALM049,35-44,Non-Binary,"New York City, NY",Home and lifestyle,216,11/4/21,Credit card,4
5550,WALM039,45-54,Male,"Jackson, MS",Fashion accessories,44,7/10/19,Credit card,5
5551,WALM080,35-44,Male,"Milwaukee, WI",Home and lifestyle,47,11/25/23,Credit card,5
5552,WALM011,45-54,Female,"Salt Lake City, UT",Fashion accessories,168,4/20/20,Credit card,3
5553,WALM090,35-44,Male,"Oklahoma City, OK",Home and lifestyle,60,4/10/23,Credit card,7
5554,WALM047,18-24,Male,"Omaha, NE",Fashion accessories,201,2/8/22,Credit card,4
5555,WALM067,35-44,Male,"Oklahoma City, OK",Home and lifestyle,63,7/20/19,Credit card,5
5556,WALM015,55+,Prefer Not to Say,"Providence, RI",Fashion accessories,35,5/17/19,Credit card,3
5557,WALM051,18-24,Female,"Birmingham, AL",Home and lifestyle,228,6/22/19,Credit card,6
5558,WALM094,55+,Prefer Not to Say,"Honolulu, HI",Fashion accessories,45,12/11/19,Credit card,3
5559,WALM018,25-34,Prefer Not to Say,"Des Moines, IA",Home and lifestyle,68,8/29/20,Credit card,3
5560,WALM014,55+,Non-Binary,"New York City, NY",Fashion accessories,34,12/9/20,Credit card,3
5561,WALM014,55+,Male,"Jackson, MS",Home and lifestyle,73,1/21/19,Credit card,5
5562,WALM021,45-54,Female,"Omaha, NE",Fashion accessories,39,9/20/20,Credit card,3
5563,WALM037,25-34,Male,"Charleston, SC",Home and lifestyle,129,12/1/23,Credit card,3
5564,WALM090,55+,Prefer Not to Say,"Anchorage, AK",Fashion accessories,94,11/14/23,Credit card,5
5565,WALM049,45-54,Female,"Boston, MA",Home and lifestyle,51,7/15/21,Credit card,7
5566,WALM002,35-44,Prefer Not to Say,"Hartford, CT",Fashion accessories,26,12/22/20,Credit card,4
5567,WALM027,35-44,Prefer Not to Say,"Wichita, KS",Home and lifestyle,16,5/31/20,Credit card,5
5568,WALM096,55+,Prefer Not to Say,"Honolulu, HI",Fashion accessories,45,9/13/20,Credit card,3
5569,WALM095,25-34,Non-Binary,"Phoenix, AZ",Home and lifestyle,58,8/11/21,Credit card,6
5570,WALM063,18-24,Male,"Fargo, ND",Fashion accessories,80,4/1/20,Credit card,5
5571,WALM009,45-54,Female,"Atlanta, GA",Home and lifestyle,180,9/12/21,Credit card,7
5572,WALM011,18-24,Female,"Des Moines, IA",Fashion accessories,82,3/23/20,Credit card,6
5573,WALM090,25-34,Non-Binary,"Philadelphia, PA",Home and lifestyle,195,1/31/21,Credit card,7
5574,WALM001,35-44,Male,"Honolulu, HI",Fashion accessories,16,4/29/22,Credit card,6
5575,WALM066,35-44,Female,"Charleston, WV",Home and lifestyle,93,1/16/23,Credit card,6
5576,WALM036,45-54,Prefer Not to Say,"Portland, OR",Fashion accessories,234,10/24/22,Credit card,3
5577,WALM079,45-54,Non-Binary,"Orlando, FL",Home and lifestyle,45,2/19/22,Credit card,4
5578,WALM016,18-24,Prefer Not to Say,"Milwaukee, WI",Fashion accessories,189,12/28/22,Credit card,5
5579,WALM041,45-54,Prefer Not to Say,"Sioux Falls, SD",Home and lifestyle,58,4/19/22,Ewallet,3
5580,WALM085,45-54,Non-Binary,"Denver, CO",Fashion accessories,96,6/15/19,Credit card,6
5581,WALM008,55+,Prefer Not to Say,"Philadelphia, PA",Home and lifestyle,37,7/2/21,Credit card,3
5582,WALM020,45-54,Non-Binary,"Wichita, KS",Fashion accessories,150,4/9/19,Credit card,5
5583,WALM022,25-34,Non-Binary,"Charleston, SC",Home and lifestyle,146,4/12/19,Credit card,3
5584,WALM019,25-34,Male,"Oklahoma City, OK",Fashion accessories,123,3/3/20,Credit card,6
5585,WALM014,45-54,Non-Binary,"Birmingham, AL",Home and lifestyle,41,5/19/20,Credit card,3
5586,WALM090,45-54,Non-Binary,"Detroit, MI",Fashion accessories,104,3/7/22,Credit card,5
5587,WALM068,45-54,Non-Binary,"Wichita, KS",Home and lifestyle,136,5/21/20,Credit card,3
5588,WALM072,45-54,Non-Binary,"Louisville, KY",Fashion accessories,46,7/7/23,Credit card,4
5589,WALM070,55+,Male,"Detroit, MI",Home and lifestyle,237,4/5/22,Credit card,7
5590,WALM037,55+,Female,"Manchester, NH",Fashion accessories,19,6/26/19,Credit card,4
5591,WALM091,25-34,Non-Binary,"Baltimore, MD",Home and lifestyle,124,9/25/21,Credit card,7
5592,WALM014,45-54,Non-Binary,"Detroit, MI",Fashion accessories,168,1/5/21,Credit card,3
5593,WALM044,25-34,Female,"Manchester, NH",Home and lifestyle,22,12/12/19,Credit card,4
5594,WALM093,35-44,Female,"Milwaukee, WI",Fashion accessories,123,10/18/19,Credit card,4
5595,WALM067,35-44,Male,"Seattle, WA",Home and lifestyle,171,12/5/20,Credit card,7
5596,WALM007,35-44,Male,"Chicago, IL",Fashion accessories,48,10/30/22,Credit card,5
5597,WALM060,25-34,Female,"Los Angeles, CA",Home and lifestyle,117,10/25/21,Credit card,3
5598,WALM081,18-24,Female,"Columbus, OH",Fashion accessories,60,10/13/22,Credit card,3
5599,WALM091,45-54,Prefer Not to Say,"Portland, ME",Home and lifestyle,43,9/26/22,Credit card,3
5600,WALM060,18-24,Female,"Charlotte, NC",Fashion accessories,152,1/15/21,Credit card,3
5601,WALM060,55+,Non-Binary,"Baltimore, MD",Home and lifestyle,243,6/2/20,Credit card,6
5602,WALM066,55+,Female,"Providence, RI",Fashion accessories,62,7/2/23,Credit card,5
5603,WALM022,35-44,Female,"Houston, TX",Home and lifestyle,51,8/30/19,Credit card,3
5604,WALM062,25-34,Male,"Charleston, WV",Fashion accessories,34,10/3/19,Credit card,5
5605,WALM033,55+,Prefer Not to Say,"Los Angeles, CA",Home and lifestyle,117,1/22/21,Credit card,3
5606,WALM012,25-34,Female,"Little Rock, AR",Fashion accessories,192,10/17/22,Credit card,7
5607,WALM093,25-34,Female,"New York City, NY",Home and lifestyle,82,6/27/21,Credit card,3
5608,WALM015,35-44,Female,"New Orleans, LA",Fashion accessories,23,1/12/19,Credit card,5
5609,WALM062,25-34,Male,"Wilmington, DE",Home and lifestyle,150,7/15/22,Credit card,6
5610,WALM088,45-54,Male,"Wilmington, DE",Fashion accessories,90,7/15/22,Credit card,7
5611,WALM096,18-24,Male,"Houston, TX",Home and lifestyle,84,1/1/21,Credit card,6
5612,WALM022,25-34,Female,"Indianapolis, IN",Fashion accessories,231,9/16/21,Credit card,6
5613,WALM097,18-24,Female,"Charleston, WV",Home and lifestyle,28,5/1/21,Credit card,5
5614,WALM030,35-44,Male,"Indianapolis, IN",Fashion accessories,58,8/14/21,Credit card,5
5615,WALM017,35-44,Non-Binary,"St. Louis, MO",Home and lifestyle,126,3/4/19,Credit card,3
5616,WALM015,55+,Prefer Not to Say,"Albuquerque, NM",Fashion accessories,62,1/24/21,Credit card,5
5617,WALM058,25-34,Prefer Not to Say,"Honolulu, HI",Home and lifestyle,32,6/8/22,Credit card,5
5618,WALM060,55+,Prefer Not to Say,"Wilmington, DE",Fashion accessories,82,10/16/19,Credit card,6
5619,WALM083,35-44,Non-Binary,"Chicago, IL",Home and lifestyle,82,10/14/20,Credit card,3
5620,WALM024,45-54,Non-Binary,"Little Rock, AR",Fashion accessories,27,11/18/19,Credit card,7
5621,WALM024,35-44,Non-Binary,"New Orleans, LA",Home and lifestyle,246,9/27/23,Credit card,4
5622,WALM077,55+,Non-Binary,"Houston, TX",Fashion accessories,93,10/1/23,Credit card,3
5623,WALM004,45-54,Female,"Portland, ME",Home and lifestyle,20,7/6/23,Credit card,7
5624,WALM010,25-34,Prefer Not to Say,"Wichita, KS",Fashion accessories,120,11/26/20,Credit card,7
5625,WALM019,55+,Non-Binary,"Burlington, VT",Home and lifestyle,39,6/9/20,Credit card,7
5626,WALM091,55+,Prefer Not to Say,"Providence, RI",Fashion accessories,177,3/15/21,Credit card,6
5627,WALM031,35-44,Male,"Des Moines, IA",Home and lifestyle,49,4/14/21,Credit card,6
5628,WALM060,18-24,Non-Binary,"Burlington, VT",Fashion accessories,49,9/21/23,Credit card,7
5629,WALM021,25-34,Female,"Jackson, MS",Home and lifestyle,120,9/1/23,Credit card,5
5630,WALM072,55+,Female,"Billings, MT",Fashion accessories,41,1/11/21,Credit card,5
5631,WALM100,45-54,Non-Binary,"Portland, ME",Home and lifestyle,124,1/17/19,Credit card,3
5632,WALM015,25-34,Prefer Not to Say,"Portland, OR",Fashion accessories,63,11/25/23,Credit card,4
5633,WALM094,18-24,Female,"Charleston, SC",Home and lifestyle,152,11/5/23,Credit card,5
5634,WALM062,18-24,Female,"Hartford, CT",Fashion accessories,164,9/15/19,Credit card,3
5635,WALM066,55+,Male,"Columbus, OH",Home and lifestyle,60,5/13/23,Credit card,7
5636,WALM080,45-54,Prefer Not to Say,"Portland, ME",Fashion accessories,168,7/26/22,Credit card,3
5637,WALM022,55+,Non-Binary,"Denver, CO",Home and lifestyle,48,9/11/20,Credit card,7
5638,WALM016,18-24,Female,"Cheyenne, WY",Fashion accessories,74,9/6/19,Credit card,5
5639,WALM031,25-34,Prefer Not to Say,"Honolulu, HI",Home and lifestyle,108,3/22/22,Credit card,3
5640,WALM010,35-44,Prefer Not to Say,"Portland, ME",Fashion accessories,138,5/26/23,Credit card,3
5641,WALM067,45-54,Female,"Baltimore, MD",Home and lifestyle,90,4/18/21,Credit card,6
5642,WALM019,45-54,Male,"Houston, TX",Fashion accessories,168,1/11/20,Credit card,6
5643,WALM011,25-34,Non-Binary,"Houston, TX",Home and lifestyle,82,12/8/21,Credit card,4
5644,WALM052,45-54,Male,"Hartford, CT",Fashion accessories,61,11/15/23,Credit card,3
5645,WALM076,45-54,Non-Binary,"Oklahoma City, OK",Home and lifestyle,156,5/24/23,Credit card,4
5646,WALM067,45-54,Female,"Anchorage, AK",Fashion accessories,39,3/1/19,Credit card,6
5647,WALM045,18-24,Non-Binary,"Billings, MT",Home and lifestyle,84,2/25/21,Credit card,4
5648,WALM091,35-44,Female,"Atlanta, GA",Fashion accessories,135,3/15/19,Credit card,5
5649,WALM061,18-24,Female,"Sioux Falls, SD",Home and lifestyle,24,4/14/22,Credit card,4
5650,WALM090,25-34,Male,"Cheyenne, WY",Fashion accessories,58,12/3/21,Credit card,3
5651,WALM078,35-44,Male,"Seattle, WA",Home and lifestyle,58,8/1/19,Credit card,4
5652,WALM015,25-34,Prefer Not to Say,"Little Rock, AR",Fashion accessories,141,2/19/20,Credit card,7
5653,WALM047,55+,Non-Binary,"Salt Lake City, UT",Home and lifestyle,124,1/17/20,Credit card,7
5654,WALM026,25-34,Female,"Providence, RI",Fashion accessories,62,7/28/23,Credit card,5
5655,WALM057,45-54,Male,"Los Angeles, CA",Home and lifestyle,23,11/27/21,Credit card,6
5656,WALM100,45-54,Female,"Minneapolis, MN",Fashion accessories,75,11/11/20,Credit card,3
5657,WALM020,55+,Prefer Not to Say,"Oklahoma City, OK",Home and lifestyle,132,2/7/22,Credit card,7
5658,WALM053,25-34,Non-Binary,"Indianapolis, IN",Fashion accessories,216,11/30/23,Credit card,6
5659,WALM063,45-54,Male,"Denver, CO",Home and lifestyle,110,11/21/22,Credit card,6
5660,WALM022,25-34,Non-Binary,"Charleston, WV",Fashion accessories,84,9/18/20,Credit card,5
5661,WALM006,55+,Male,"Albuquerque, NM",Home and lifestyle,128,11/16/23,Credit card,3
5662,WALM011,55+,Prefer Not to Say,"Albuquerque, NM",Fashion accessories,69,12/28/19,Credit card,7
5663,WALM020,45-54,Male,"Salt Lake City, UT",Home and lifestyle,58,9/13/21,Credit card,7
5664,WALM051,35-44,Male,"Providence, RI",Fashion accessories,68,9/22/19,Credit card,7
5665,WALM022,18-24,Non-Binary,"Boston, MA",Home and lifestyle,132,8/27/20,Credit card,4
5666,WALM079,25-34,Male,"Salt Lake City, UT",Fashion accessories,156,6/7/19,Credit card,3
5667,WALM002,35-44,Male,"Boston, MA",Home and lifestyle,158,10/8/23,Credit card,3
5668,WALM077,25-34,Prefer Not to Say,"Portland, ME",Fashion accessories,222,10/7/19,Credit card,7
5669,WALM090,25-34,Male,"Fargo, ND",Home and lifestyle,19,6/15/21,Credit card,6
5670,WALM066,45-54,Non-Binary,"New Orleans, LA",Fashion accessories,140,10/15/23,Credit card,3
5671,WALM019,55+,Male,"Manchester, NH",Home and lifestyle,120,8/15/19,Credit card,6
5672,WALM042,35-44,Non-Binary,"Charlotte, NC",Fashion accessories,82,10/19/22,Credit card,6
5673,WALM040,25-34,Female,"Los Angeles, CA",Home and lifestyle,120,11/21/23,Credit card,6
5674,WALM063,55+,Prefer Not to Say,"Albuquerque, NM",Fashion accessories,41,8/15/19,Credit card,3
5675,WALM093,35-44,Male,"Boise, ID",Home and lifestyle,79,5/25/21,Credit card,4
5676,WALM013,18-24,Male,"Salt Lake City, UT",Fashion accessories,38,11/1/21,Credit card,6
5677,WALM098,35-44,Male,"Houston, TX",Home and lifestyle,68,2/14/22,Credit card,3
5678,WALM045,25-34,Male,"Los Angeles, CA",Fashion accessories,46,2/28/21,Credit card,5
5679,WALM079,25-34,Female,"Atlanta, GA",Home and lifestyle,56,8/26/22,Credit card,4
5680,WALM021,45-54,Prefer Not to Say,"Louisville, KY",Fashion accessories,68,5/24/21,Credit card,3
5681,WALM067,35-44,Male,"Houston, TX",Home and lifestyle,150,3/10/19,Credit card,3
5682,WALM047,45-54,Male,"Boston, MA",Fashion accessories,142,11/16/21,Credit card,7
5683,WALM070,55+,Non-Binary,"Jackson, MS",Home and lifestyle,36,6/25/22,Credit card,3
5684,WALM019,18-24,Female,"Indianapolis, IN",Fashion accessories,66,9/27/20,Credit card,4
5685,WALM011,18-24,Male,"Houston, TX",Home and lifestyle,87,1/6/23,Credit card,4
5686,WALM097,25-34,Non-Binary,"Portland, ME",Fashion accessories,74,12/25/22,Credit card,3
5687,WALM011,35-44,Prefer Not to Say,"Indianapolis, IN",Home and lifestyle,28,4/20/19,Credit card,6
5688,WALM011,25-34,Female,"St. Louis, MO",Fashion accessories,60,11/19/23,Credit card,4
5689,WALM079,45-54,Female,"Wichita, KS",Home and lifestyle,170,5/15/19,Credit card,7
5690,WALM021,55+,Female,"Houston, TX",Fashion accessories,162,1/9/20,Credit card,3
5691,WALM011,55+,Non-Binary,"Baltimore, MD",Home and lifestyle,61,4/21/23,Credit card,3
5692,WALM023,18-24,Female,"Virginia Beach, VA",Fashion accessories,54,6/16/20,Credit card,4
5693,WALM090,18-24,Male,"Birmingham, AL",Home and lifestyle,46,7/16/20,Credit card,4
5694,WALM023,35-44,Prefer Not to Say,"Wichita, KS",Fashion accessories,243,10/28/19,Credit card,4
5695,WALM070,55+,Non-Binary,"Houston, TX",Home and lifestyle,40,6/5/19,Credit card,6
5696,WALM058,25-34,Female,"Las Vegas, NV",Fashion accessories,183,6/7/20,Credit card,3
5697,WALM080,55+,Female,"Portland, OR",Home and lifestyle,48,5/23/21,Credit card,7
5698,WALM081,55+,Male,"Albuquerque, NM",Fashion accessories,78,8/27/20,Credit card,5
5699,WALM028,18-24,Female,"Birmingham, AL",Home and lifestyle,148,9/2/20,Credit card,3
5700,WALM052,55+,Female,"Los Angeles, CA",Fashion accessories,177,7/23/22,Credit card,4
5701,WALM057,25-34,Female,"Seattle, WA",Home and lifestyle,48,9/4/19,Credit card,6
5702,WALM091,25-34,Male,"Minneapolis, MN",Fashion accessories,246,4/5/22,Credit card,6
5703,WALM037,35-44,Non-Binary,"Indianapolis, IN",Home and lifestyle,168,4/23/23,Credit card,3
5704,WALM026,55+,Non-Binary,"Burlington, VT",Fashion accessories,234,1/14/22,Credit card,3
5705,WALM100,18-24,Non-Binary,"Columbus, OH",Home and lifestyle,77,6/13/22,Credit card,6
5706,WALM064,18-24,Male,"Las Vegas, NV",Fashion accessories,18,5/13/20,Credit card,4
5707,WALM060,55+,Male,"Orlando, FL",Home and lifestyle,69,8/25/23,Credit card,6
5708,WALM031,18-24,Non-Binary,"Albuquerque, NM",Fashion accessories,72,9/12/20,Credit card,7
5709,WALM076,18-24,Prefer Not to Say,"Las Vegas, NV",Home and lifestyle,136,11/27/22,Credit card,5
5710,WALM019,45-54,Female,"Portland, OR",Fashion accessories,166,6/1/19,Credit card,4
5711,WALM078,18-24,Female,"Phoenix, AZ",Home and lifestyle,132,6/30/20,Credit card,7
5712,WALM064,25-34,Prefer Not to Say,"Baltimore, MD",Fashion accessories,66,5/29/22,Credit card,3
5713,WALM091,45-54,Non-Binary,"New Orleans, LA",Home and lifestyle,47,1/28/20,Credit card,5
5714,WALM071,55+,Prefer Not to Say,"Portland, ME",Fashion accessories,114,5/2/21,Credit card,5
5715,WALM052,25-34,Non-Binary,"Wilmington, DE",Home and lifestyle,55,10/9/23,Credit card,4
5716,WALM052,55+,Female,"Seattle, WA",Fashion accessories,86,10/8/22,Credit card,6
5717,WALM097,35-44,Prefer Not to Say,"Providence, RI",Home and lifestyle,82,12/20/19,Credit card,6
5718,WALM080,45-54,Male,"Wichita, KS",Fashion accessories,158,8/6/21,Credit card,3
5719,WALM064,35-44,Prefer Not to Say,"Baltimore, MD",Home and lifestyle,34,10/19/20,Credit card,4
5720,WALM047,18-24,Male,"Orlando, FL",Fashion accessories,57,5/31/19,Credit card,6
5721,WALM080,25-34,Non-Binary,"Fargo, ND",Home and lifestyle,210,10/30/22,Credit card,7
5722,WALM006,25-34,Non-Binary,"Philadelphia, PA",Fashion accessories,63,7/9/19,Credit card,3
5723,WALM015,45-54,Prefer Not to Say,"Hartford, CT",Home and lifestyle,29,7/1/19,Credit card,5
5724,WALM085,55+,Male,"Indianapolis, IN",Fashion accessories,80,4/24/19,Credit card,3
5725,WALM058,45-54,Female,"Wilmington, DE",Home and lifestyle,45,3/4/22,Credit card,6
5726,WALM066,45-54,Prefer Not to Say,"Honolulu, HI",Fashion accessories,174,5/2/20,Credit card,7
5727,WALM015,18-24,Female,"Denver, CO",Home and lifestyle,132,6/9/19,Credit card,5
5728,WALM045,35-44,Prefer Not to Say,"Jackson, MS",Fashion accessories,30,5/2/19,Ewallet,5
5729,WALM016,45-54,Female,"Seattle, WA",Home and lifestyle,62,4/22/19,Credit card,5
5730,WALM097,35-44,Female,"Honolulu, HI",Fashion accessories,45,6/16/21,Credit card,5
5731,WALM049,45-54,Prefer Not to Say,"Minneapolis, MN",Home and lifestyle,69,12/2/23,Credit card,5
5732,WALM002,18-24,Female,"Charlotte, NC",Fashion accessories,45,9/1/20,Credit card,3
5733,WALM063,25-34,Non-Binary,"Portland, ME",Home and lifestyle,158,9/7/22,Credit card,7
5734,WALM051,25-34,Male,"Honolulu, HI",Fashion accessories,102,9/22/20,Credit card,5
5735,WALM100,35-44,Prefer Not to Say,"Indianapolis, IN",Home and lifestyle,52,4/16/20,Credit card,4
5736,WALM088,55+,Male,"Des Moines, IA",Fashion accessories,62,4/26/21,Credit card,3
5737,WALM088,45-54,Prefer Not to Say,"Baltimore, MD",Home and lifestyle,64,4/11/19,Credit card,3
5738,WALM004,25-34,Prefer Not to Say,"Baltimore, MD",Fashion accessories,123,10/18/23,Credit card,6
5739,WALM093,25-34,Non-Binary,"Columbus, OH",Home and lifestyle,77,8/16/20,Credit card,5
5740,WALM064,45-54,Prefer Not to Say,"Cheyenne, WY",Fashion accessories,79,1/19/23,Credit card,4
5741,WALM044,35-44,Prefer Not to Say,"Billings, MT",Home and lifestyle,72,10/23/22,Credit card,4
5742,WALM015,18-24,Prefer Not to Say,"Milwaukee, WI",Fashion accessories,96,1/23/20,Credit card,7
5743,WALM072,18-24,Non-Binary,"Las Vegas, NV",Home and lifestyle,154,1/3/22,Credit card,3
5744,WALM023,35-44,Female,"Charlotte, NC",Fashion accessories,21,3/10/23,Credit card,5
5745,WALM002,55+,Non-Binary,"Virginia Beach, VA",Home and lifestyle,66,5/29/22,Credit card,5
5746,WALM044,18-24,Non-Binary,"Philadelphia, PA",Fashion accessories,73,8/14/23,Credit card,3
5747,WALM088,18-24,Non-Binary,"Las Vegas, NV",Home and lifestyle,156,10/22/19,Credit card,7
5748,WALM044,45-54,Male,"Philadelphia, PA",Fashion accessories,75,11/2/20,Credit card,5
5749,WALM024,55+,Female,"Phoenix, AZ",Home and lifestyle,156,6/25/22,Credit card,6
5750,WALM079,25-34,Male,"Atlanta, GA",Fashion accessories,75,12/21/22,Credit card,3
5751,WALM096,55+,Female,"Louisville, KY",Home and lifestyle,174,6/28/22,Credit card,4
5752,WALM022,45-54,Male,"Denver, CO",Fashion accessories,52,5/5/20,Credit card,4
5753,WALM067,35-44,Non-Binary,"Atlanta, GA",Home and lifestyle,234,11/17/23,Credit card,6
5754,WALM098,18-24,Prefer Not to Say,"Chicago, IL",Fashion accessories,64,4/5/23,Credit card,7
5755,WALM001,25-34,Male,"New York City, NY",Home and lifestyle,222,9/8/21,Credit card,3
5756,WALM047,18-24,Male,"Salt Lake City, UT",Fashion accessories,68,9/22/21,Credit card,6
5757,WALM053,25-34,Male,"Orlando, FL",Home and lifestyle,62,12/4/20,Credit card,4
5758,WALM022,18-24,Male,"New York City, NY",Fashion accessories,57,6/15/21,Credit card,4
5759,WALM034,35-44,Prefer Not to Say,"Charleston, WV",Home and lifestyle,72,1/5/19,Credit card,5
5760,WALM001,55+,Prefer Not to Say,"Boston, MA",Fashion accessories,130,1/11/22,Credit card,5
5761,WALM063,25-34,Non-Binary,"Jackson, MS",Home and lifestyle,147,10/5/23,Credit card,6
5762,WALM078,25-34,Prefer Not to Say,"Houston, TX",Fashion accessories,192,2/22/21,Credit card,6
5763,WALM081,18-24,Female,"Columbus, OH",Home and lifestyle,154,8/30/22,Credit card,4
5764,WALM064,45-54,Non-Binary,"Billings, MT",Fashion accessories,67,9/7/19,Credit card,5
5765,WALM016,25-34,Non-Binary,"New Orleans, LA",Home and lifestyle,59,5/30/23,Credit card,3
5766,WALM027,45-54,Non-Binary,"Albuquerque, NM",Fashion accessories,246,3/18/20,Credit card,5
5767,WALM028,18-24,Female,"New York City, NY",Home and lifestyle,82,9/2/22,Credit card,5
5768,WALM033,18-24,Prefer Not to Say,"Oklahoma City, OK",Fashion accessories,21,12/26/21,Credit card,6
5769,WALM067,18-24,Male,"Indianapolis, IN",Home and lifestyle,168,6/13/21,Credit card,4
5770,WALM019,25-34,Non-Binary,"Minneapolis, MN",Fashion accessories,92,7/4/19,Credit card,6
5771,WALM095,18-24,Female,"Des Moines, IA",Home and lifestyle,69,7/3/23,Credit card,5
5772,WALM079,35-44,Non-Binary,"Louisville, KY",Fashion accessories,134,3/25/19,Credit card,4
5773,WALM044,25-34,Female,"St. Louis, MO",Home and lifestyle,74,3/12/22,Credit card,4
5774,WALM016,45-54,Non-Binary,"Baltimore, MD",Fashion accessories,144,8/12/21,Credit card,5
5775,WALM060,55+,Male,"Oklahoma City, OK",Home and lifestyle,75,10/29/20,Credit card,4
5776,WALM043,55+,Prefer Not to Say,"Newark, NJ",Fashion accessories,81,6/7/20,Credit card,5
5777,WALM020,45-54,Male,"Atlanta, GA",Home and lifestyle,93,12/14/21,Credit card,4
5778,WALM033,45-54,Female,"Columbus, OH",Fashion accessories,73,3/26/19,Credit card,6
5779,WALM088,45-54,Male,"Portland, ME",Home and lifestyle,46,12/30/22,Credit card,4
5780,WALM026,55+,Male,"Jackson, MS",Fashion accessories,34,11/3/23,Credit card,6
5781,WALM043,55+,Prefer Not to Say,"Burlington, VT",Home and lifestyle,128,4/21/21,Credit card,4
5782,WALM045,45-54,Prefer Not to Say,"Louisville, KY",Fashion accessories,66,2/7/21,Ewallet,4
5783,WALM040,18-24,Prefer Not to Say,"Portland, OR",Home and lifestyle,50,1/31/23,Credit card,5
5784,WALM051,25-34,Male,"Jackson, MS",Fashion accessories,48,4/14/20,Credit card,5
5785,WALM070,55+,Non-Binary,"Omaha, NE",Home and lifestyle,152,8/30/20,Credit card,4
5786,WALM067,45-54,Female,"Milwaukee, WI",Fashion accessories,166,2/20/23,Credit card,7
5787,WALM091,45-54,Male,"Louisville, KY",Home and lifestyle,59,5/28/23,Credit card,6
5788,WALM049,35-44,Non-Binary,"New Orleans, LA",Fashion accessories,210,10/7/21,Credit card,7
5789,WALM071,35-44,Non-Binary,"Burlington, VT",Home and lifestyle,37,8/25/20,Credit card,3
5790,WALM077,55+,Male,"Manchester, NH",Fashion accessories,38,5/19/19,Credit card,7
5791,WALM078,25-34,Prefer Not to Say,"Charleston, WV",Home and lifestyle,166,4/30/19,Credit card,3
5792,WALM098,35-44,Male,"Boston, MA",Fashion accessories,129,4/20/21,Credit card,6
5793,WALM006,25-34,Male,"Virginia Beach, VA",Home and lifestyle,140,1/17/20,Credit card,6
5794,WALM015,55+,Male,"Hartford, CT",Fashion accessories,158,2/2/23,Credit card,5
5795,WALM008,25-34,Male,"Virginia Beach, VA",Home and lifestyle,30,6/23/22,Credit card,7
5796,WALM016,25-34,Prefer Not to Say,"Wilmington, DE",Fashion accessories,34,10/17/21,Credit card,3
5797,WALM048,25-34,Female,"Minneapolis, MN",Home and lifestyle,21,3/17/22,Credit card,6
5798,WALM017,25-34,Male,"Jackson, MS",Fashion accessories,90,10/17/19,Credit card,3
5799,WALM090,25-34,Prefer Not to Say,"Columbus, OH",Home and lifestyle,37,5/5/23,Credit card,6
5800,WALM009,25-34,Female,"Anchorage, AK",Fashion accessories,24,5/13/22,Credit card,7
5801,WALM022,45-54,Prefer Not to Say,"Phoenix, AZ",Home and lifestyle,234,3/12/19,Credit card,3
5802,WALM026,55+,Non-Binary,"Wilmington, DE",Fashion accessories,92,4/17/20,Credit card,7
5803,WALM007,18-24,Male,"Louisville, KY",Home and lifestyle,210,12/7/21,Credit card,3
5804,WALM023,18-24,Female,"Little Rock, AR",Fashion accessories,207,11/29/21,Credit card,3
5805,WALM070,25-34,Prefer Not to Say,"New Orleans, LA",Home and lifestyle,128,3/31/20,Credit card,4
5806,WALM007,45-54,Male,"Baltimore, MD",Fashion accessories,189,5/17/23,Credit card,4
5807,WALM037,18-24,Male,"Omaha, NE",Home and lifestyle,38,8/8/23,Credit card,5
5808,WALM070,35-44,Female,"Sioux Falls, SD",Fashion accessories,104,4/28/21,Credit card,3
5809,WALM092,55+,Non-Binary,"Newark, NJ",Home and lifestyle,70,3/25/19,Credit card,6
5810,WALM049,25-34,Male,"New York City, NY",Fashion accessories,153,1/3/20,Credit card,5
5811,WALM060,18-24,Non-Binary,"Chicago, IL",Home and lifestyle,120,10/21/19,Credit card,6
5812,WALM012,35-44,Prefer Not to Say,"Anchorage, AK",Fashion accessories,36,5/2/23,Credit card,4
5813,WALM058,25-34,Prefer Not to Say,"Des Moines, IA",Home and lifestyle,40,4/17/20,Credit card,5
5814,WALM061,18-24,Female,"Houston, TX",Fashion accessories,152,7/8/20,Credit card,6
5815,WALM088,18-24,Prefer Not to Say,"Sioux Falls, SD",Home and lifestyle,114,7/5/22,Credit card,7
5816,WALM043,25-34,Female,"Charlotte, NC",Fashion accessories,180,2/21/19,Credit card,4
5817,WALM021,55+,Non-Binary,"Honolulu, HI",Home and lifestyle,17,1/8/23,Credit card,6
5818,WALM013,18-24,Prefer Not to Say,"Providence, RI",Fashion accessories,90,4/15/23,Credit card,3
5819,WALM018,25-34,Prefer Not to Say,"Charleston, WV",Home and lifestyle,132,1/27/20,Credit card,4
5820,WALM007,18-24,Non-Binary,"Jackson, MS",Fashion accessories,112,2/18/22,Credit card,3
5821,WALM017,55+,Prefer Not to Say,"Fargo, ND",Home and lifestyle,108,5/3/22,Credit card,4
5822,WALM001,18-24,Non-Binary,"Providence, RI",Fashion accessories,118,6/13/20,Credit card,3
5823,WALM091,18-24,Female,"Burlington, VT",Home and lifestyle,186,3/22/22,Credit card,3
5824,WALM097,55+,Non-Binary,"Jackson, MS",Fashion accessories,129,12/18/22,Credit card,3
5825,WALM023,55+,Non-Binary,"Albuquerque, NM",Home and lifestyle,98,6/10/21,Credit card,6
5826,WALM027,18-24,Male,"Manchester, NH",Fashion accessories,98,3/18/19,Credit card,5
5827,WALM088,35-44,Female,"Atlanta, GA",Home and lifestyle,70,11/25/19,Credit card,7
5828,WALM024,25-34,Non-Binary,"St. Louis, MO",Fashion accessories,52,6/5/20,Credit card,5
5829,WALM093,25-34,Prefer Not to Say,"Virginia Beach, VA",Home and lifestyle,102,5/9/19,Credit card,6
5830,WALM051,18-24,Male,"New York City, NY",Fashion accessories,84,3/28/22,Credit card,5
5831,WALM008,25-34,Prefer Not to Say,"New York City, NY",Home and lifestyle,56,5/22/23,Credit card,5
5832,WALM068,35-44,Prefer Not to Say,"Oklahoma City, OK",Fashion accessories,114,6/29/20,Credit card,3
5833,WALM058,25-34,Male,"Houston, TX",Home and lifestyle,74,12/26/19,Credit card,7
5834,WALM092,55+,Non-Binary,"Seattle, WA",Fashion accessories,134,4/6/20,Credit card,6
5835,WALM010,45-54,Prefer Not to Say,"Orlando, FL",Home and lifestyle,40,11/30/19,Credit card,7
5836,WALM096,35-44,Male,"Wilmington, DE",Fashion accessories,207,6/26/21,Credit card,5
5837,WALM097,55+,Non-Binary,"Philadelphia, PA",Home and lifestyle,34,1/17/20,Credit card,5
5838,WALM018,55+,Prefer Not to Say,"Charlotte, NC",Fashion accessories,72,3/3/19,Credit card,3
5839,WALM093,18-24,Male,"Virginia Beach, VA",Home and lifestyle,134,3/3/23,Credit card,6
5840,WALM018,25-34,Female,"Detroit, MI",Fashion accessories,168,7/4/21,Credit card,7
5841,WALM007,18-24,Male,"Louisville, KY",Home and lifestyle,28,12/11/19,Credit card,6
5842,WALM006,35-44,Prefer Not to Say,"Los Angeles, CA",Fashion accessories,82,9/6/21,Credit card,5
5843,WALM058,55+,Female,"Newark, NJ",Home and lifestyle,72,11/2/22,Credit card,6
5844,WALM076,45-54,Non-Binary,"Sioux Falls, SD",Fashion accessories,58,11/13/21,Credit card,6
5845,WALM069,35-44,Female,"Portland, ME",Home and lifestyle,96,2/23/19,Credit card,4
5846,WALM006,25-34,Non-Binary,"Hartford, CT",Fashion accessories,255,4/30/23,Credit card,4
5847,WALM006,45-54,Male,"Portland, OR",Home and lifestyle,84,7/29/19,Credit card,4
5848,WALM061,55+,Female,"Salt Lake City, UT",Fashion accessories,112,6/14/23,Credit card,6
5849,WALM027,18-24,Prefer Not to Say,"Portland, OR",Home and lifestyle,35,9/10/21,Credit card,6
5850,WALM059,18-24,Prefer Not to Say,"Honolulu, HI",Fashion accessories,96,11/7/23,Credit card,4
5851,WALM022,45-54,Prefer Not to Say,"Sioux Falls, SD",Home and lifestyle,45,12/9/23,Credit card,4
5852,WALM017,35-44,Male,"Hartford, CT",Fashion accessories,33,6/9/22,Credit card,6
5853,WALM014,18-24,Male,"Charlotte, NC",Home and lifestyle,41,2/28/23,Credit card,4
5854,WALM002,55+,Male,"Virginia Beach, VA",Fashion accessories,124,3/13/20,Credit card,5
5855,WALM052,35-44,Prefer Not to Say,"Orlando, FL",Home and lifestyle,130,10/20/21,Credit card,4
5856,WALM022,35-44,Male,"Salt Lake City, UT",Fashion accessories,61,3/18/19,Credit card,6
5857,WALM096,35-44,Female,"Milwaukee, WI",Home and lifestyle,156,6/25/23,Credit card,6
5858,WALM083,55+,Female,"Birmingham, AL",Fashion accessories,60,6/28/23,Credit card,3
5859,WALM094,35-44,Female,"Burlington, VT",Home and lifestyle,61,1/23/20,Credit card,7
5860,WALM064,18-24,Male,"Salt Lake City, UT",Fashion accessories,150,1/12/23,Credit card,5
5861,WALM066,25-34,Prefer Not to Say,"Honolulu, HI",Home and lifestyle,144,6/29/21,Credit card,7
5862,WALM078,25-34,Male,"Portland, OR",Fashion accessories,72,8/3/19,Credit card,5
5863,WALM006,45-54,Male,"Honolulu, HI",Home and lifestyle,94,7/21/23,Credit card,4
5864,WALM015,55+,Male,"Orlando, FL",Fashion accessories,156,1/23/23,Credit card,4
5865,WALM078,55+,Non-Binary,"Denver, CO",Home and lifestyle,129,2/11/20,Credit card,6
5866,WALM002,18-24,Female,"Providence, RI",Fashion accessories,192,9/7/23,Credit card,3
5867,WALM033,25-34,Prefer Not to Say,"Los Angeles, CA",Home and lifestyle,180,2/12/21,Credit card,7
5868,WALM083,45-54,Prefer Not to Say,"Newark, NJ",Fashion accessories,56,12/10/21,Credit card,4
5869,WALM023,18-24,Prefer Not to Say,"Boise, ID",Home and lifestyle,58,11/15/19,Credit card,6
5870,WALM085,25-34,Prefer Not to Say,"Atlanta, GA",Fashion accessories,177,11/22/23,Credit card,7
5871,WALM016,25-34,Prefer Not to Say,"Birmingham, AL",Home and lifestyle,88,11/1/20,Credit card,6
5872,WALM030,55+,Non-Binary,"Burlington, VT",Fashion accessories,90,6/20/23,Credit card,6
5873,WALM095,55+,Male,"Billings, MT",Home and lifestyle,159,8/16/21,Credit card,3
5874,WALM061,35-44,Non-Binary,"Jackson, MS",Fashion accessories,63,7/22/22,Credit card,5
5875,WALM094,55+,Male,"Charleston, SC",Home and lifestyle,21,6/12/23,Credit card,3
5876,WALM067,25-34,Prefer Not to Say,"Cheyenne, WY",Fashion accessories,29,9/8/19,Credit card,7
5877,WALM012,55+,Non-Binary,"Portland, ME",Home and lifestyle,15,6/27/19,Credit card,6
5878,WALM030,25-34,Male,"Wichita, KS",Fashion accessories,84,10/6/19,Credit card,3
5879,WALM091,35-44,Female,"Las Vegas, NV",Home and lifestyle,136,10/12/23,Credit card,6
5880,WALM097,55+,Non-Binary,"Billings, MT",Fashion accessories,216,1/4/21,Credit card,5
5881,WALM057,35-44,Female,"Baltimore, MD",Home and lifestyle,38,10/21/23,Credit card,5
5882,WALM059,45-54,Non-Binary,"Des Moines, IA",Fashion accessories,78,5/28/22,Credit card,4
5883,WALM028,45-54,Female,"Columbus, OH",Home and lifestyle,128,4/17/22,Credit card,3
5884,WALM066,55+,Non-Binary,"St. Louis, MO",Fashion accessories,72,9/13/23,Credit card,5
5885,WALM091,18-24,Female,"Providence, RI",Home and lifestyle,68,7/24/21,Credit card,6
5886,WALM085,55+,Male,"New York City, NY",Fashion accessories,77,12/15/21,Credit card,5
5887,WALM085,55+,Prefer Not to Say,"Hartford, CT",Home and lifestyle,156,4/2/23,Credit card,6
5888,WALM041,25-34,Female,"Minneapolis, MN",Fashion accessories,74,8/3/20,Ewallet,6
5889,WALM041,25-34,Male,"Portland, ME",Home and lifestyle,69,12/13/22,Ewallet,7
5890,WALM023,18-24,Prefer Not to Say,"Charleston, SC",Fashion accessories,46,8/22/21,Credit card,5
5891,WALM005,35-44,Non-Binary,"New York City, NY",Home and lifestyle,24,3/17/23,Credit card,5
5892,WALM011,45-54,Female,"Albuquerque, NM",Fashion accessories,34,8/17/21,Credit card,5
5893,WALM002,45-54,Non-Binary,"Sioux Falls, SD",Home and lifestyle,23,9/4/22,Credit card,6
5894,WALM001,35-44,Non-Binary,"Houston, TX",Fashion accessories,138,2/13/23,Credit card,7
5895,WALM067,55+,Male,"Anchorage, AK",Home and lifestyle,45,7/17/22,Credit card,4
5896,WALM095,18-24,Male,"Boston, MA",Fashion accessories,249,9/23/19,Credit card,4
5897,WALM006,45-54,Prefer Not to Say,"Birmingham, AL",Home and lifestyle,170,5/11/19,Credit card,3
5898,WALM049,18-24,Non-Binary,"Little Rock, AR",Fashion accessories,159,9/19/23,Credit card,7
5899,WALM031,25-34,Male,"Wilmington, DE",Home and lifestyle,81,1/15/20,Credit card,4
5900,WALM064,45-54,Non-Binary,"Milwaukee, WI",Fashion accessories,160,2/16/21,Credit card,6
5901,WALM031,35-44,Male,"Detroit, MI",Home and lifestyle,30,9/5/20,Credit card,3
5902,WALM081,55+,Non-Binary,"Oklahoma City, OK",Fashion accessories,82,4/22/21,Credit card,7
5903,WALM018,25-34,Prefer Not to Say,"Indianapolis, IN",Home and lifestyle,73,7/15/21,Credit card,4
5904,WALM008,35-44,Female,"Wichita, KS",Fashion accessories,34,3/29/21,Credit card,4
5905,WALM012,18-24,Prefer Not to Say,"Los Angeles, CA",Home and lifestyle,104,2/9/23,Credit card,7
5906,WALM020,18-24,Male,"Las Vegas, NV",Fashion accessories,237,5/24/23,Credit card,3
5907,WALM039,45-54,Male,"Portland, ME",Home and lifestyle,87,7/16/21,Credit card,7
5908,WALM011,25-34,Female,"Orlando, FL",Fashion accessories,207,10/12/21,Credit card,5
5909,WALM041,18-24,Prefer Not to Say,"Louisville, KY",Home and lifestyle,237,3/25/19,Ewallet,4
5910,WALM019,25-34,Prefer Not to Say,"Billings, MT",Fashion accessories,150,6/24/20,Credit card,6
5911,WALM095,25-34,Prefer Not to Say,"Charleston, SC",Home and lifestyle,80,11/3/23,Credit card,7
5912,WALM023,35-44,Male,"Newark, NJ",Fashion accessories,78,3/5/20,Credit card,3
5913,WALM022,35-44,Prefer Not to Say,"Seattle, WA",Home and lifestyle,120,7/22/19,Credit card,4
5914,WALM022,45-54,Male,"Columbus, OH",Fashion accessories,138,4/25/22,Credit card,6
5915,WALM018,55+,Male,"Philadelphia, PA",Home and lifestyle,138,12/30/21,Credit card,3
5916,WALM031,18-24,Non-Binary,"Albuquerque, NM",Fashion accessories,134,4/27/21,Credit card,7
5917,WALM082,55+,Male,"Manchester, NH",Home and lifestyle,102,1/7/19,Cash,6
5918,WALM009,35-44,Non-Binary,"Columbus, OH",Fashion accessories,63,5/13/19,Credit card,3
5919,WALM009,55+,Prefer Not to Say,"Billings, MT",Home and lifestyle,86,4/1/21,Credit card,4
5920,WALM065,35-44,Male,"Providence, RI",Fashion accessories,73,9/29/19,Credit card,6
5921,WALM009,18-24,Male,"Detroit, MI",Home and lifestyle,166,7/14/20,Credit card,3
5922,WALM084,45-54,Non-Binary,"Nashville, TN",Fashion accessories,222,10/26/23,Credit card,5
5923,WALM073,25-34,Female,"Sioux Falls, SD",Home and lifestyle,160,4/26/20,Credit card,6
5924,WALM054,25-34,Female,"Sioux Falls, SD",Fashion accessories,243,9/9/19,Credit card,5
5925,WALM003,35-44,Male,"Hartford, CT",Home and lifestyle,105,12/31/20,Credit card,6
5926,WALM058,45-54,Prefer Not to Say,"Las Vegas, NV",Fashion accessories,34,2/4/22,Credit card,7
5927,WALM009,45-54,Prefer Not to Say,"Atlanta, GA",Home and lifestyle,94,3/29/23,Credit card,3
5928,WALM029,18-24,Male,"Charleston, SC",Fashion accessories,156,7/12/19,Credit card,5
5929,WALM055,45-54,Non-Binary,"Los Angeles, CA",Home and lifestyle,160,12/27/21,Credit card,7
5930,WALM050,18-24,Prefer Not to Say,"Little Rock, AR",Fashion accessories,128,12/23/19,Ewallet,3
5931,WALM009,25-34,Non-Binary,"Detroit, MI",Home and lifestyle,65,9/29/22,Credit card,5
5932,WALM046,25-34,Female,"Charleston, SC",Fashion accessories,34,10/3/23,Credit card,6
5933,WALM074,55+,Male,"Albuquerque, NM",Home and lifestyle,87,2/23/21,Cash,3
5934,WALM074,45-54,Prefer Not to Say,"Atlanta, GA",Fashion accessories,132,6/20/20,Cash,4
5935,WALM082,55+,Non-Binary,"Seattle, WA",Home and lifestyle,252,11/30/20,Cash,4
5936,WALM056,25-34,Male,"Burlington, VT",Fashion accessories,156,2/8/23,Credit card,6
5937,WALM073,55+,Female,"Milwaukee, WI",Home and lifestyle,78,1/4/20,Credit card,5
5938,WALM069,35-44,Female,"Baltimore, MD",Fashion accessories,64,7/10/21,Credit card,4
5939,WALM025,35-44,Male,"Indianapolis, IN",Home and lifestyle,168,10/25/23,Credit card,7
5940,WALM089,55+,Female,"Oklahoma City, OK",Fashion accessories,159,1/26/21,Credit card,7
5941,WALM025,18-24,Non-Binary,"Denver, CO",Home and lifestyle,49,4/18/19,Credit card,4
5942,WALM074,18-24,Female,"Newark, NJ",Fashion accessories,231,9/27/22,Cash,3
5943,WALM035,45-54,Prefer Not to Say,"Albuquerque, NM",Home and lifestyle,84,9/14/22,Credit card,7
5944,WALM074,35-44,Male,"Las Vegas, NV",Fashion accessories,162,7/23/23,Cash,7
5945,WALM029,25-34,Male,"Houston, TX",Home and lifestyle,65,8/30/22,Credit card,6
5946,WALM035,25-34,Prefer Not to Say,"Little Rock, AR",Fashion accessories,44,3/1/19,Credit card,3
5947,WALM056,18-24,Female,"Des Moines, IA",Home and lifestyle,21,11/5/19,Credit card,4
5948,WALM030,35-44,Prefer Not to Say,"Birmingham, AL",Fashion accessories,120,8/17/23,Credit card,5
5949,WALM075,55+,Male,"Manchester, NH",Home and lifestyle,82,2/11/21,Credit card,3
5950,WALM084,25-34,Male,"Boise, ID",Fashion accessories,164,7/26/20,Credit card,7
5951,WALM009,25-34,Prefer Not to Say,"St. Louis, MO",Home and lifestyle,96,11/16/19,Credit card,5
5952,WALM030,55+,Female,"Atlanta, GA",Fashion accessories,22,2/8/19,Credit card,5
5953,WALM003,45-54,Non-Binary,"Wichita, KS",Home and lifestyle,69,7/23/22,Credit card,5
5954,WALM073,45-54,Non-Binary,"Charleston, SC",Fashion accessories,80,3/19/22,Credit card,6
5955,WALM087,55+,Prefer Not to Say,"Houston, TX",Home and lifestyle,84,8/1/20,Credit card,7
5956,WALM055,18-24,Non-Binary,"Little Rock, AR",Fashion accessories,49,11/25/19,Credit card,3
5957,WALM084,55+,Non-Binary,"Fargo, ND",Home and lifestyle,39,9/19/20,Credit card,6
5958,WALM054,25-34,Female,"St. Louis, MO",Fashion accessories,142,3/22/19,Credit card,4
5959,WALM058,45-54,Prefer Not to Say,"Cheyenne, WY",Home and lifestyle,51,5/2/23,Credit card,7
5960,WALM084,45-54,Non-Binary,"Las Vegas, NV",Fashion accessories,88,11/9/19,Credit card,5
5961,WALM009,55+,Female,"Honolulu, HI",Home and lifestyle,70,4/17/23,Credit card,5
5962,WALM003,55+,Non-Binary,"Portland, OR",Fashion accessories,75,6/19/22,Credit card,7
5963,WALM009,35-44,Male,"Phoenix, AZ",Home and lifestyle,20,7/5/20,Credit card,6
5964,WALM058,35-44,Prefer Not to Say,"Minneapolis, MN",Fashion accessories,15,8/17/22,Credit card,5
5965,WALM055,35-44,Male,"Seattle, WA",Home and lifestyle,75,7/5/21,Credit card,3
5966,WALM029,45-54,Male,"Boston, MA",Fashion accessories,85,11/17/23,Credit card,3
5967,WALM087,45-54,Prefer Not to Say,"Charleston, SC",Home and lifestyle,82,4/1/20,Credit card,6
5968,WALM099,45-54,Male,"St. Louis, MO",Fashion accessories,46,11/6/22,Credit card,5
5969,WALM038,18-24,Female,"Denver, CO",Home and lifestyle,240,9/19/21,Credit card,4
5970,WALM025,25-34,Female,"Burlington, VT",Fashion accessories,144,8/24/22,Credit card,7
5971,WALM084,25-34,Non-Binary,"Little Rock, AR",Home and lifestyle,48,3/19/20,Credit card,7
5972,WALM087,55+,Male,"Milwaukee, WI",Fashion accessories,22,8/12/23,Credit card,3
5973,WALM050,25-34,Female,"Cheyenne, WY",Home and lifestyle,42,1/21/21,Credit card,3
5974,WALM056,55+,Female,"Orlando, FL",Fashion accessories,44,6/15/21,Credit card,7
5975,WALM074,45-54,Male,"Boston, MA",Home and lifestyle,26,5/28/19,Cash,4
5976,WALM009,55+,Prefer Not to Say,"Louisville, KY",Fashion accessories,108,9/24/21,Credit card,3
5977,WALM035,25-34,Prefer Not to Say,"Sioux Falls, SD",Home and lifestyle,48,3/7/23,Credit card,4
5978,WALM058,25-34,Female,"Nashville, TN",Fashion accessories,166,6/7/19,Credit card,6
5979,WALM056,55+,Male,"Columbus, OH",Home and lifestyle,120,9/10/20,Credit card,6
5980,WALM003,18-24,Male,"Charleston, WV",Fashion accessories,123,8/19/23,Credit card,4
5981,WALM089,18-24,Non-Binary,"Sioux Falls, SD",Home and lifestyle,28,2/26/19,Credit card,6
5982,WALM050,25-34,Non-Binary,"Wichita, KS",Fashion accessories,216,5/22/21,Ewallet,7
5983,WALM058,25-34,Female,"Baltimore, MD",Home and lifestyle,98,12/2/21,Credit card,7
5984,WALM082,35-44,Female,"Phoenix, AZ",Fashion accessories,180,12/15/20,Cash,7
5985,WALM099,35-44,Prefer Not to Say,"Honolulu, HI",Home and lifestyle,70,8/24/23,Credit card,5
5986,WALM075,45-54,Non-Binary,"Sioux Falls, SD",Fashion accessories,100,8/10/21,Credit card,4
5987,WALM055,45-54,Male,"Honolulu, HI",Home and lifestyle,32,2/3/21,Credit card,6
5988,WALM009,25-34,Female,"Cheyenne, WY",Fashion accessories,26,2/7/20,Credit card,3
5989,WALM030,25-34,Prefer Not to Say,"Los Angeles, CA",Home and lifestyle,50,5/2/21,Credit card,5
5990,WALM069,55+,Female,"Honolulu, HI",Fashion accessories,62,8/25/22,Credit card,4
5991,WALM029,55+,Prefer Not to Say,"Virginia Beach, VA",Home and lifestyle,162,7/15/22,Credit card,7
5992,WALM069,18-24,Male,"Portland, ME",Fashion accessories,72,8/29/20,Credit card,4
5993,WALM082,25-34,Non-Binary,"Charlotte, NC",Home and lifestyle,57,8/2/19,Cash,4
5994,WALM069,18-24,Female,"Louisville, KY",Fashion accessories,45,7/14/22,Credit card,5
5995,WALM073,45-54,Female,"Charleston, WV",Home and lifestyle,81,12/21/20,Credit card,7
5996,WALM069,45-54,Non-Binary,"Orlando, FL",Fashion accessories,98,5/2/23,Credit card,6
5997,WALM030,35-44,Non-Binary,"Charlotte, NC",Home and lifestyle,32,2/12/23,Credit card,7
5998,WALM029,55+,Prefer Not to Say,"Indianapolis, IN",Fashion accessories,73,7/14/22,Credit card,3
5999,WALM046,18-24,Female,"Sioux Falls, SD",Home and lifestyle,67,5/16/19,Credit card,4
6000,WALM032,18-24,Female,"Louisville, KY",Fashion accessories,117,6/8/19,Credit card,5
6001,WALM073,18-24,Female,"Indianapolis, IN",Home and lifestyle,148,10/11/19,Credit card,4
6002,WALM030,45-54,Non-Binary,"Chicago, IL",Fashion accessories,44,1/6/22,Credit card,7
6003,WALM084,55+,Non-Binary,"Fargo, ND",Home and lifestyle,249,5/2/19,Credit card,3
6004,WALM087,55+,Non-Binary,"Anchorage, AK",Fashion accessories,46,6/17/22,Credit card,5
6005,WALM069,18-24,Prefer Not to Say,"Minneapolis, MN",Home and lifestyle,58,1/11/22,Credit card,7
6006,WALM087,35-44,Non-Binary,"Portland, OR",Fashion accessories,136,7/4/22,Credit card,4
6007,WALM030,18-24,Prefer Not to Say,"Boise, ID",Home and lifestyle,130,2/9/23,Credit card,6
6008,WALM074,18-24,Male,"Houston, TX",Fashion accessories,168,11/24/22,Cash,6
6009,WALM086,45-54,Non-Binary,"Boise, ID",Home and lifestyle,136,9/23/19,Credit card,7
6010,WALM073,55+,Female,"Houston, TX",Fashion accessories,42,9/8/21,Credit card,5
6011,WALM074,55+,Prefer Not to Say,"Manchester, NH",Home and lifestyle,144,5/29/23,Cash,6
6012,WALM030,18-24,Prefer Not to Say,"Providence, RI",Fashion accessories,177,11/22/19,Credit card,3
6013,WALM035,25-34,Prefer Not to Say,"Boston, MA",Home and lifestyle,123,8/24/22,Credit card,6
6014,WALM082,55+,Male,"Milwaukee, WI",Fashion accessories,174,4/18/21,Cash,6
6015,WALM082,55+,Female,"New Orleans, LA",Home and lifestyle,162,2/11/23,Cash,3
6016,WALM082,18-24,Non-Binary,"Boise, ID",Fashion accessories,70,3/29/20,Cash,7
6017,WALM032,25-34,Female,"Boston, MA",Home and lifestyle,40,2/11/21,Credit card,3
6018,WALM032,18-24,Female,"Atlanta, GA",Fashion accessories,90,5/23/19,Credit card,7
6019,WALM056,55+,Non-Binary,"Manchester, NH",Home and lifestyle,55,1/11/21,Credit card,5
6020,WALM046,35-44,Prefer Not to Say,"Las Vegas, NV",Fashion accessories,56,6/15/20,Credit card,4
6021,WALM084,25-34,Prefer Not to Say,"Birmingham, AL",Home and lifestyle,53,7/20/22,Credit card,7
6022,WALM099,45-54,Male,"Orlando, FL",Fashion accessories,156,9/29/23,Credit card,5
6023,WALM073,55+,Female,"Hartford, CT",Home and lifestyle,55,6/23/20,Credit card,4
6024,WALM029,25-34,Male,"Wichita, KS",Fashion accessories,70,4/4/19,Credit card,6
6025,WALM003,25-34,Non-Binary,"Columbus, OH",Home and lifestyle,150,4/10/23,Credit card,7
6026,WALM089,18-24,Female,"Jackson, MS",Fashion accessories,33,12/2/21,Credit card,6
6027,WALM086,25-34,Prefer Not to Say,"Detroit, MI",Home and lifestyle,141,1/8/23,Credit card,4
6028,WALM069,55+,Female,"Columbus, OH",Fashion accessories,126,4/30/21,Credit card,3
6029,WALM046,45-54,Female,"Honolulu, HI",Home and lifestyle,166,8/15/20,Credit card,5
6030,WALM056,35-44,Female,"Houston, TX",Fashion accessories,207,9/19/20,Credit card,3
6031,WALM050,35-44,Non-Binary,"Boston, MA",Home and lifestyle,30,1/10/19,Ewallet,6
6032,WALM055,55+,Male,"Manchester, NH",Fashion accessories,204,10/30/19,Credit card,6
6033,WALM086,35-44,Prefer Not to Say,"Baltimore, MD",Home and lifestyle,71,1/11/23,Credit card,6
6034,WALM032,55+,Female,"Birmingham, AL",Fashion accessories,34,3/21/22,Credit card,7
6035,WALM075,18-24,Prefer Not to Say,"Providence, RI",Home and lifestyle,64,6/5/21,Credit card,3
6036,WALM065,55+,Male,"New York City, NY",Fashion accessories,59,7/25/20,Credit card,7
6037,WALM046,55+,Prefer Not to Say,"Seattle, WA",Home and lifestyle,54,8/28/22,Credit card,7
6038,WALM087,35-44,Prefer Not to Say,"Billings, MT",Fashion accessories,42,8/12/21,Credit card,3
6039,WALM087,55+,Prefer Not to Say,"Wilmington, DE",Home and lifestyle,26,2/6/19,Credit card,4
6040,WALM032,18-24,Male,"Newark, NJ",Fashion accessories,40,4/26/20,Credit card,5
6041,WALM058,35-44,Female,"Little Rock, AR",Home and lifestyle,67,2/26/19,Credit card,5
6042,WALM086,35-44,Prefer Not to Say,"Wichita, KS",Fashion accessories,70,4/7/20,Credit card,6
6043,WALM030,35-44,Female,"Minneapolis, MN",Home and lifestyle,32,7/25/22,Credit card,6
6044,WALM082,35-44,Prefer Not to Say,"Hartford, CT",Fashion accessories,207,2/5/19,Cash,7
6045,WALM087,45-54,Prefer Not to Say,"Detroit, MI",Home and lifestyle,58,8/25/19,Credit card,6
6046,WALM074,45-54,Male,"Seattle, WA",Fashion accessories,35,3/9/19,Cash,3
6047,WALM029,18-24,Non-Binary,"New York City, NY",Home and lifestyle,116,6/4/20,Credit card,5
6048,WALM003,25-34,Female,"Boise, ID",Fashion accessories,63,6/23/22,Credit card,7
6049,WALM074,35-44,Female,"Charleston, WV",Home and lifestyle,108,7/12/21,Cash,7
6050,WALM082,55+,Non-Binary,"Orlando, FL",Fashion accessories,69,12/9/21,Cash,6
6051,WALM056,45-54,Prefer Not to Say,"Billings, MT",Home and lifestyle,110,8/19/21,Credit card,4
6052,WALM003,55+,Female,"Boston, MA",Fashion accessories,28,1/28/23,Credit card,6
6053,WALM075,35-44,Male,"Wichita, KS",Home and lifestyle,86,6/13/21,Credit card,5
6054,WALM032,35-44,Non-Binary,"Baltimore, MD",Fashion accessories,52,10/1/23,Credit card,5
6055,WALM046,45-54,Female,"Providence, RI",Home and lifestyle,74,6/14/20,Credit card,4
6056,WALM065,35-44,Prefer Not to Say,"Indianapolis, IN",Fashion accessories,231,7/21/19,Credit card,5
6057,WALM075,25-34,Female,"Sioux Falls, SD",Home and lifestyle,57,6/24/21,Credit card,5
6058,WALM084,45-54,Male,"Las Vegas, NV",Fashion accessories,94,5/30/20,Credit card,6
6059,WALM089,25-34,Non-Binary,"Portland, OR",Home and lifestyle,249,12/4/20,Credit card,5
6060,WALM032,18-24,Male,"Atlanta, GA",Fashion accessories,30,11/18/22,Credit card,6
6061,WALM035,55+,Non-Binary,"Sioux Falls, SD",Home and lifestyle,126,3/1/20,Credit card,7
6062,WALM032,55+,Non-Binary,"Minneapolis, MN",Fashion accessories,40,11/17/20,Credit card,3
6063,WALM054,55+,Prefer Not to Say,"Minneapolis, MN",Home and lifestyle,105,12/17/22,Credit card,5
6064,WALM054,35-44,Prefer Not to Say,"Las Vegas, NV",Fashion accessories,92,12/23/22,Credit card,5
6065,WALM046,45-54,Male,"Detroit, MI",Home and lifestyle,32,1/11/22,Credit card,4
6066,WALM058,45-54,Male,"Los Angeles, CA",Fashion accessories,84,12/29/23,Credit card,3
6067,WALM075,55+,Male,"Baltimore, MD",Home and lifestyle,62,1/27/19,Credit card,4
6068,WALM054,25-34,Prefer Not to Say,"Omaha, NE",Fashion accessories,90,12/27/23,Credit card,6
6069,WALM087,25-34,Prefer Not to Say,"Anchorage, AK",Home and lifestyle,35,1/3/23,Credit card,5
6070,WALM054,18-24,Male,"Columbus, OH",Fashion accessories,189,11/26/22,Credit card,5
6071,WALM029,18-24,Prefer Not to Say,"New York City, NY",Home and lifestyle,147,8/14/19,Credit card,6
6072,WALM069,45-54,Female,"New York City, NY",Fashion accessories,72,10/23/20,Credit card,7
6073,WALM009,25-34,Non-Binary,"Charlotte, NC",Home and lifestyle,74,4/15/19,Credit card,7
6074,WALM054,18-24,Prefer Not to Say,"New York City, NY",Fashion accessories,198,2/1/20,Credit card,5
6075,WALM073,25-34,Male,"Salt Lake City, UT",Home and lifestyle,174,7/24/23,Credit card,7
6076,WALM065,55+,Male,"Minneapolis, MN",Fashion accessories,249,12/31/23,Credit card,5
6077,WALM075,35-44,Male,"Phoenix, AZ",Home and lifestyle,160,6/8/19,Credit card,6
6078,WALM065,18-24,Prefer Not to Say,"Omaha, NE",Fashion accessories,114,7/28/19,Credit card,5
6079,WALM046,18-24,Female,"Sioux Falls, SD",Home and lifestyle,29,4/20/21,Credit card,5
6080,WALM032,35-44,Prefer Not to Say,"Albuquerque, NM",Fashion accessories,134,12/9/21,Credit card,5
6081,WALM086,55+,Male,"Boise, ID",Home and lifestyle,54,11/10/20,Credit card,5
6082,WALM073,45-54,Female,"Minneapolis, MN",Fashion accessories,51,9/8/23,Credit card,7
6083,WALM050,45-54,Non-Binary,"New Orleans, LA",Home and lifestyle,96,6/22/20,Ewallet,5
6084,WALM032,18-24,Male,"Los Angeles, CA",Fashion accessories,48,2/27/20,Credit card,3
6085,WALM050,45-54,Female,"Phoenix, AZ",Home and lifestyle,74,2/16/20,Ewallet,4
6086,WALM087,55+,Non-Binary,"Des Moines, IA",Fashion accessories,108,4/5/19,Credit card,5
6087,WALM009,55+,Male,"Houston, TX",Home and lifestyle,76,5/14/22,Credit card,5
6088,WALM074,35-44,Non-Binary,"Little Rock, AR",Fashion accessories,73,11/22/19,Cash,7
6089,WALM056,18-24,Male,"Orlando, FL",Home and lifestyle,41,3/16/21,Credit card,5
6090,WALM009,35-44,Non-Binary,"Orlando, FL",Fashion accessories,45,11/30/22,Credit card,4
6091,WALM086,45-54,Male,"Wilmington, DE",Home and lifestyle,52,6/3/23,Credit card,6
6092,WALM050,45-54,Female,"Charleston, SC",Fashion accessories,192,8/8/19,Ewallet,7
6093,WALM084,18-24,Prefer Not to Say,"Boise, ID",Home and lifestyle,45,7/1/21,Credit card,5
6094,WALM065,45-54,Prefer Not to Say,"Milwaukee, WI",Fashion accessories,31,4/6/20,Credit card,7
6095,WALM087,35-44,Male,"Houston, TX",Home and lifestyle,48,5/2/21,Credit card,3
6096,WALM065,25-34,Prefer Not to Say,"Manchester, NH",Fashion accessories,142,3/23/23,Credit card,3
6097,WALM035,45-54,Female,"Billings, MT",Home and lifestyle,20,4/21/20,Credit card,5
6098,WALM054,25-34,Prefer Not to Say,"New Orleans, LA",Fashion accessories,195,12/14/21,Credit card,6
6099,WALM055,55+,Male,"Baltimore, MD",Home and lifestyle,120,6/7/21,Credit card,6
6100,WALM003,55+,Non-Binary,"Chicago, IL",Fashion accessories,26,1/31/23,Credit card,6
6101,WALM099,25-34,Prefer Not to Say,"Minneapolis, MN",Home and lifestyle,234,1/1/21,Credit card,3
6102,WALM074,35-44,Non-Binary,"Chicago, IL",Fashion accessories,65,3/24/19,Cash,4
6103,WALM054,18-24,Male,"Seattle, WA",Home and lifestyle,40,11/16/22,Credit card,3
6104,WALM069,18-24,Female,"Sioux Falls, SD",Fashion accessories,102,8/30/20,Credit card,3
6105,WALM065,25-34,Female,"Chicago, IL",Home and lifestyle,56,11/12/23,Credit card,5
6106,WALM035,35-44,Prefer Not to Say,"Louisville, KY",Fashion accessories,42,8/3/21,Credit card,7
6107,WALM029,18-24,Non-Binary,"Anchorage, AK",Home and lifestyle,129,2/27/22,Credit card,7
6108,WALM069,35-44,Non-Binary,"Cheyenne, WY",Fashion accessories,114,7/12/22,Credit card,5
6109,WALM029,35-44,Non-Binary,"Cheyenne, WY",Home and lifestyle,56,6/25/22,Credit card,4
6110,WALM082,45-54,Male,"Baltimore, MD",Fashion accessories,34,10/23/19,Cash,3
6111,WALM075,55+,Non-Binary,"Milwaukee, WI",Home and lifestyle,34,9/23/20,Credit card,4
6112,WALM046,35-44,Prefer Not to Say,"Sioux Falls, SD",Fashion accessories,118,8/30/22,Credit card,3
6113,WALM073,18-24,Female,"Las Vegas, NV",Home and lifestyle,110,4/9/23,Credit card,7
6114,WALM086,55+,Male,"Charlotte, NC",Fashion accessories,68,11/15/23,Credit card,6
6115,WALM075,35-44,Non-Binary,"St. Louis, MO",Home and lifestyle,56,7/23/19,Credit card,7
6116,WALM073,35-44,Prefer Not to Say,"Little Rock, AR",Fashion accessories,40,1/22/23,Credit card,3
6117,WALM050,55+,Female,"Las Vegas, NV",Home and lifestyle,70,8/4/19,Ewallet,7
6118,WALM086,55+,Female,"Cheyenne, WY",Fashion accessories,28,1/12/19,Credit card,5
6119,WALM025,55+,Female,"Virginia Beach, VA",Home and lifestyle,73,9/7/22,Credit card,7
6120,WALM069,45-54,Female,"Chicago, IL",Fashion accessories,63,1/30/21,Credit card,3
6121,WALM065,45-54,Prefer Not to Say,"Providence, RI",Home and lifestyle,50,9/9/20,Credit card,6
6122,WALM050,45-54,Female,"Louisville, KY",Fashion accessories,96,2/9/23,Ewallet,5
6123,WALM058,18-24,Prefer Not to Say,"Boston, MA",Home and lifestyle,124,5/17/19,Credit card,4
6124,WALM029,25-34,Female,"Sioux Falls, SD",Fashion accessories,35,7/28/21,Credit card,3
6125,WALM058,25-34,Non-Binary,"Oklahoma City, OK",Home and lifestyle,104,12/11/23,Credit card,7
6126,WALM030,45-54,Non-Binary,"Boston, MA",Fashion accessories,158,10/12/23,Credit card,7
6127,WALM073,45-54,Female,"Charlotte, NC",Home and lifestyle,42,8/9/22,Credit card,6
6128,WALM084,25-34,Male,"Newark, NJ",Fashion accessories,222,7/3/23,Credit card,5
6129,WALM046,45-54,Prefer Not to Say,"Charlotte, NC",Home and lifestyle,45,5/7/21,Credit card,6
6130,WALM046,18-24,Prefer Not to Say,"Omaha, NE",Fashion accessories,195,12/19/21,Credit card,7
6131,WALM087,25-34,Non-Binary,"Salt Lake City, UT",Home and lifestyle,44,1/17/21,Credit card,5
6132,WALM089,25-34,Female,"Milwaukee, WI",Fashion accessories,19,4/25/21,Credit card,7
6133,WALM038,35-44,Female,"Minneapolis, MN",Home and lifestyle,58,8/18/19,Credit card,4
6134,WALM054,45-54,Male,"Cheyenne, WY",Fashion accessories,77,5/11/19,Credit card,7
6135,WALM003,35-44,Non-Binary,"Portland, OR",Home and lifestyle,84,6/16/19,Credit card,7
6136,WALM073,35-44,Female,"Manchester, NH",Fashion accessories,114,10/23/23,Credit card,5
6137,WALM009,45-54,Male,"Des Moines, IA",Home and lifestyle,195,12/17/22,Credit card,3
6138,WALM003,25-34,Non-Binary,"Las Vegas, NV",Fashion accessories,210,5/23/22,Credit card,7
6139,WALM030,35-44,Non-Binary,"New Orleans, LA",Home and lifestyle,78,12/31/23,Credit card,7
6140,WALM086,55+,Non-Binary,"Little Rock, AR",Fashion accessories,142,2/21/22,Credit card,3
6141,WALM089,55+,Female,"St. Louis, MO",Home and lifestyle,62,7/22/20,Credit card,5
6142,WALM009,18-24,Prefer Not to Say,"Houston, TX",Fashion accessories,29,2/4/19,Credit card,7
6143,WALM058,25-34,Male,"Burlington, VT",Home and lifestyle,99,1/8/23,Credit card,7
6144,WALM055,35-44,Non-Binary,"Houston, TX",Fashion accessories,156,7/11/20,Credit card,6
6145,WALM056,25-34,Prefer Not to Say,"Billings, MT",Home and lifestyle,120,11/30/21,Credit card,4
6146,WALM074,35-44,Female,"Houston, TX",Fashion accessories,28,6/4/21,Cash,3
6147,WALM084,45-54,Female,"Baltimore, MD",Home and lifestyle,45,9/28/23,Credit card,3
6148,WALM003,18-24,Prefer Not to Say,"Jackson, MS",Fashion accessories,54,11/20/21,Credit card,7
6149,WALM029,18-24,Female,"Sioux Falls, SD",Home and lifestyle,150,8/28/23,Credit card,5
6150,WALM050,35-44,Female,"St. Louis, MO",Fashion accessories,46,5/31/21,Ewallet,7
6151,WALM009,45-54,Female,"Wilmington, DE",Home and lifestyle,100,8/20/21,Credit card,6
6152,WALM035,45-54,Female,"Orlando, FL",Fashion accessories,159,7/27/20,Credit card,3
6153,WALM009,25-34,Female,"Providence, RI",Home and lifestyle,49,10/1/22,Credit card,6
6154,WALM075,45-54,Non-Binary,"Wilmington, DE",Fashion accessories,75,3/14/23,Credit card,6
6155,WALM055,25-34,Male,"Des Moines, IA",Home and lifestyle,118,1/31/20,Credit card,7
6156,WALM056,25-34,Prefer Not to Say,"Burlington, VT",Fashion accessories,87,6/28/21,Credit card,5
6157,WALM087,25-34,Male,"Jackson, MS",Home and lifestyle,96,7/5/20,Credit card,4
6158,WALM087,25-34,Prefer Not to Say,"Houston, TX",Fashion accessories,92,12/13/22,Credit card,6
6159,WALM084,18-24,Male,"Boise, ID",Home and lifestyle,186,6/20/19,Credit card,7
6160,WALM084,45-54,Male,"Phoenix, AZ",Fashion accessories,138,3/19/19,Credit card,3
6161,WALM025,45-54,Male,"Orlando, FL",Home and lifestyle,58,8/16/23,Credit card,7
6162,WALM086,55+,Non-Binary,"Boston, MA",Fashion accessories,174,11/13/19,Credit card,7
6163,WALM032,45-54,Male,"Wilmington, DE",Home and lifestyle,61,11/9/19,Credit card,3
6164,WALM035,45-54,Female,"Sioux Falls, SD",Fashion accessories,84,1/2/23,Credit card,5
6165,WALM065,35-44,Male,"Albuquerque, NM",Electronic accessories,134,8/5/20,Credit card,7
6166,WALM073,55+,Prefer Not to Say,"Baltimore, MD",Electronic accessories,160,6/22/22,Credit card,5
6167,WALM075,55+,Prefer Not to Say,"Orlando, FL",Electronic accessories,63,1/14/20,Credit card,6
6168,WALM075,45-54,Female,"Sioux Falls, SD",Electronic accessories,39,7/12/23,Credit card,7
6169,WALM055,25-34,Prefer Not to Say,"Des Moines, IA",Electronic accessories,168,4/16/22,Credit card,5
6170,WALM055,55+,Male,"Wichita, KS",Electronic accessories,162,3/17/19,Credit card,5
6171,WALM029,25-34,Male,"Portland, ME",Electronic accessories,56,5/8/19,Credit card,5
6172,WALM073,35-44,Male,"Wichita, KS",Electronic accessories,60,1/9/21,Credit card,3
6173,WALM038,18-24,Female,"Burlington, VT",Electronic accessories,158,9/10/20,Credit card,7
6174,WALM009,55+,Male,"Chicago, IL",Electronic accessories,58,3/4/23,Credit card,4
6175,WALM082,25-34,Non-Binary,"Columbus, OH",Electronic accessories,243,2/24/23,Cash,6
6176,WALM065,35-44,Prefer Not to Say,"Jackson, MS",Electronic accessories,59,8/31/20,Credit card,4
6177,WALM069,18-24,Prefer Not to Say,"Charleston, SC",Electronic accessories,37,7/15/21,Credit card,6
6178,WALM069,45-54,Non-Binary,"Atlanta, GA",Electronic accessories,42,5/28/23,Credit card,7
6179,WALM046,55+,Male,"Los Angeles, CA",Electronic accessories,231,2/20/19,Credit card,3
6180,WALM073,55+,Female,"Milwaukee, WI",Electronic accessories,160,8/5/20,Credit card,4
6181,WALM038,35-44,Non-Binary,"Virginia Beach, VA",Electronic accessories,168,8/27/23,Credit card,5
6182,WALM035,25-34,Prefer Not to Say,"Milwaukee, WI",Electronic accessories,126,6/1/21,Credit card,4
6183,WALM056,18-24,Prefer Not to Say,"Seattle, WA",Electronic accessories,234,1/26/19,Credit card,3
6184,WALM065,25-34,Male,"Anchorage, AK",Electronic accessories,28,8/16/21,Credit card,6
6185,WALM082,55+,Prefer Not to Say,"Boston, MA",Electronic accessories,204,5/6/21,Cash,7
6186,WALM030,45-54,Male,"Fargo, ND",Electronic accessories,84,2/21/21,Credit card,4
6187,WALM025,18-24,Non-Binary,"Charlotte, NC",Electronic accessories,126,3/17/22,Credit card,3
6188,WALM029,35-44,Female,"Indianapolis, IN",Electronic accessories,120,9/1/22,Credit card,4
6189,WALM009,55+,Prefer Not to Say,"Orlando, FL",Electronic accessories,69,11/9/21,Credit card,4
6190,WALM046,35-44,Non-Binary,"Phoenix, AZ",Electronic accessories,180,10/28/20,Credit card,4
6191,WALM050,35-44,Male,"Oklahoma City, OK",Electronic accessories,243,8/22/23,Ewallet,6
6192,WALM032,55+,Prefer Not to Say,"Charleston, WV",Electronic accessories,165,3/9/21,Credit card,7
6193,WALM065,55+,Prefer Not to Say,"Orlando, FL",Electronic accessories,64,6/6/20,Credit card,3
6194,WALM055,18-24,Female,"Burlington, VT",Electronic accessories,43,10/24/23,Credit card,7
6195,WALM055,55+,Non-Binary,"Boston, MA",Electronic accessories,129,1/27/23,Credit card,6
6196,WALM069,18-24,Female,"Nashville, TN",Electronic accessories,54,7/17/19,Credit card,7
6197,WALM032,18-24,Non-Binary,"Burlington, VT",Electronic accessories,112,9/4/20,Credit card,6
6198,WALM086,18-24,Male,"Philadelphia, PA",Electronic accessories,130,10/6/19,Credit card,6
6199,WALM073,55+,Prefer Not to Say,"Boise, ID",Electronic accessories,54,11/16/22,Credit card,3
6200,WALM075,35-44,Male,"Wilmington, DE",Electronic accessories,35,4/2/23,Credit card,3
6201,WALM032,55+,Female,"Indianapolis, IN",Electronic accessories,66,5/25/21,Credit card,7
6202,WALM003,55+,Non-Binary,"Minneapolis, MN",Electronic accessories,201,10/30/20,Credit card,4
6203,WALM086,45-54,Male,"Salt Lake City, UT",Electronic accessories,42,9/26/19,Credit card,7
6204,WALM075,18-24,Male,"Phoenix, AZ",Electronic accessories,130,9/4/23,Credit card,7
6205,WALM082,45-54,Male,"Portland, OR",Electronic accessories,79,8/19/19,Cash,6
6206,WALM089,45-54,Prefer Not to Say,"Oklahoma City, OK",Electronic accessories,222,4/27/19,Credit card,4
6207,WALM073,55+,Non-Binary,"Indianapolis, IN",Electronic accessories,111,6/9/21,Credit card,5
6208,WALM087,45-54,Male,"New York City, NY",Electronic accessories,90,1/29/21,Credit card,7
6209,WALM082,35-44,Male,"Burlington, VT",Electronic accessories,19,3/5/23,Cash,4
6210,WALM056,25-34,Prefer Not to Say,"Charlotte, NC",Electronic accessories,46,6/11/19,Credit card,3
6211,WALM075,35-44,Prefer Not to Say,"Charlotte, NC",Electronic accessories,111,8/10/20,Credit card,4
6212,WALM025,55+,Female,"Minneapolis, MN",Electronic accessories,99,11/10/20,Credit card,7
6213,WALM073,25-34,Non-Binary,"Newark, NJ",Electronic accessories,168,11/18/19,Credit card,7
6214,WALM046,35-44,Prefer Not to Say,"Detroit, MI",Electronic accessories,204,6/20/22,Credit card,4
6215,WALM009,35-44,Non-Binary,"Chicago, IL",Electronic accessories,134,1/7/23,Credit card,6
6216,WALM035,18-24,Female,"Burlington, VT",Electronic accessories,170,11/8/22,Credit card,7
6217,WALM003,18-24,Female,"Oklahoma City, OK",Electronic accessories,204,10/12/23,Credit card,4
6218,WALM032,25-34,Male,"St. Louis, MO",Electronic accessories,44,8/23/19,Credit card,5
6219,WALM038,18-24,Female,"Anchorage, AK",Electronic accessories,22,6/20/21,Credit card,4
6220,WALM082,18-24,Female,"Charleston, WV",Electronic accessories,71,2/23/21,Cash,3
6221,WALM025,25-34,Prefer Not to Say,"St. Louis, MO",Electronic accessories,60,9/8/19,Credit card,4
6222,WALM056,55+,Non-Binary,"Nashville, TN",Electronic accessories,141,9/22/23,Credit card,7
6223,WALM029,55+,Non-Binary,"Wilmington, DE",Electronic accessories,158,8/4/21,Credit card,5
6224,WALM054,18-24,Male,"Billings, MT",Electronic accessories,72,1/19/21,Credit card,4
6225,WALM056,45-54,Prefer Not to Say,"Salt Lake City, UT",Electronic accessories,135,7/14/21,Credit card,6
6226,WALM009,55+,Male,"Milwaukee, WI",Electronic accessories,88,8/15/20,Credit card,7
6227,WALM082,35-44,Non-Binary,"Virginia Beach, VA",Electronic accessories,46,4/29/22,Cash,6
6228,WALM073,35-44,Female,"Omaha, NE",Electronic accessories,231,5/23/23,Credit card,7
6229,WALM099,45-54,Female,"Baltimore, MD",Electronic accessories,48,5/13/20,Credit card,6
6230,WALM054,25-34,Female,"Orlando, FL",Electronic accessories,144,3/4/19,Credit card,3
6231,WALM073,25-34,Prefer Not to Say,"St. Louis, MO",Electronic accessories,204,3/17/22,Credit card,4
6232,WALM065,55+,Male,"New Orleans, LA",Electronic accessories,135,11/5/20,Credit card,3
6233,WALM087,25-34,Prefer Not to Say,"Wichita, KS",Electronic accessories,186,9/29/21,Credit card,6
6234,WALM089,25-34,Non-Binary,"Seattle, WA",Electronic accessories,112,11/29/21,Credit card,6
6235,WALM087,45-54,Non-Binary,"Baltimore, MD",Electronic accessories,65,4/3/23,Credit card,4
6236,WALM050,18-24,Non-Binary,"Providence, RI",Electronic accessories,164,9/1/23,Ewallet,3
6237,WALM069,45-54,Female,"New Orleans, LA",Electronic accessories,50,12/8/19,Credit card,3
6238,WALM032,55+,Prefer Not to Say,"Salt Lake City, UT",Electronic accessories,219,5/13/23,Credit card,5
6239,WALM046,55+,Prefer Not to Say,"New Orleans, LA",Electronic accessories,37,11/2/20,Credit card,6
6240,WALM032,25-34,Prefer Not to Say,"Billings, MT",Electronic accessories,56,8/10/21,Credit card,6
6241,WALM087,18-24,Non-Binary,"Oklahoma City, OK",Electronic accessories,243,7/3/19,Credit card,6
6242,WALM074,18-24,Prefer Not to Say,"Omaha, NE",Electronic accessories,142,7/22/23,Cash,3
6243,WALM038,18-24,Non-Binary,"Fargo, ND",Electronic accessories,162,3/19/23,Credit card,5
6244,WALM082,55+,Prefer Not to Say,"Denver, CO",Electronic accessories,60,2/6/23,Cash,4
6245,WALM082,35-44,Male,"Albuquerque, NM",Electronic accessories,75,12/17/20,Cash,7
6246,WALM069,35-44,Prefer Not to Say,"Charleston, WV",Electronic accessories,52,2/6/20,Credit card,5
6247,WALM032,35-44,Non-Binary,"Philadelphia, PA",Electronic accessories,144,6/20/22,Credit card,3
6248,WALM046,45-54,Female,"Charleston, WV",Electronic accessories,165,9/4/20,Credit card,7
6249,WALM009,45-54,Prefer Not to Say,"Charleston, WV",Electronic accessories,18,3/21/22,Credit card,5
6250,WALM029,55+,Male,"Providence, RI",Electronic accessories,234,2/24/23,Credit card,7
6251,WALM089,55+,Prefer Not to Say,"Seattle, WA",Electronic accessories,34,7/12/21,Credit card,5
6252,WALM029,55+,Female,"Anchorage, AK",Electronic accessories,72,8/30/21,Credit card,6
6253,WALM074,35-44,Male,"Denver, CO",Electronic accessories,16,6/9/23,Cash,3
6254,WALM050,45-54,Non-Binary,"Virginia Beach, VA",Electronic accessories,210,9/4/21,Ewallet,6
6255,WALM089,35-44,Prefer Not to Say,"Albuquerque, NM",Electronic accessories,100,7/23/19,Credit card,7
6256,WALM069,25-34,Male,"Fargo, ND",Electronic accessories,171,7/24/19,Credit card,3
6257,WALM075,35-44,Male,"Charleston, SC",Electronic accessories,87,2/6/21,Credit card,5
6258,WALM029,55+,Male,"Des Moines, IA",Electronic accessories,114,9/4/20,Credit card,6
6259,WALM035,18-24,Non-Binary,"Little Rock, AR",Electronic accessories,108,4/19/22,Credit card,7
6260,WALM058,18-24,Prefer Not to Say,"Wilmington, DE",Electronic accessories,195,2/27/19,Credit card,3
6261,WALM082,18-24,Male,"Houston, TX",Electronic accessories,134,9/5/21,Cash,6
6262,WALM054,55+,Non-Binary,"Detroit, MI",Electronic accessories,90,4/13/22,Credit card,4
6263,WALM009,45-54,Female,"Las Vegas, NV",Electronic accessories,70,4/16/21,Credit card,4
6264,WALM055,35-44,Male,"Wilmington, DE",Electronic accessories,183,4/22/23,Credit card,7
6265,WALM003,45-54,Prefer Not to Say,"Chicago, IL",Electronic accessories,87,1/27/20,Credit card,5
6266,WALM035,25-34,Male,"Wichita, KS",Electronic accessories,57,12/4/19,Credit card,6
6267,WALM075,55+,Female,"Des Moines, IA",Electronic accessories,47,12/14/19,Credit card,4
6268,WALM075,18-24,Non-Binary,"Milwaukee, WI",Electronic accessories,68,3/13/23,Credit card,6
6269,WALM030,55+,Male,"Oklahoma City, OK",Electronic accessories,46,3/4/21,Credit card,4
6270,WALM030,18-24,Non-Binary,"Baltimore, MD",Electronic accessories,30,8/18/20,Credit card,5
6271,WALM099,55+,Prefer Not to Say,"Billings, MT",Electronic accessories,73,10/5/21,Credit card,7
6272,WALM038,25-34,Non-Binary,"Los Angeles, CA",Electronic accessories,114,1/15/20,Credit card,7
6273,WALM074,25-34,Non-Binary,"Wilmington, DE",Electronic accessories,160,1/1/23,Cash,3
6274,WALM055,35-44,Prefer Not to Say,"St. Louis, MO",Electronic accessories,246,5/7/21,Credit card,3
6275,WALM086,55+,Prefer Not to Say,"Houston, TX",Electronic accessories,152,3/2/19,Credit card,4
6276,WALM099,25-34,Female,"Orlando, FL",Electronic accessories,75,5/15/20,Credit card,5
6277,WALM032,18-24,Female,"Louisville, KY",Electronic accessories,195,8/1/19,Credit card,3
6278,WALM074,18-24,Non-Binary,"Philadelphia, PA",Electronic accessories,44,5/26/21,Cash,3
6279,WALM089,25-34,Prefer Not to Say,"St. Louis, MO",Electronic accessories,57,10/10/22,Credit card,7
6280,WALM065,35-44,Prefer Not to Say,"Charlotte, NC",Electronic accessories,60,1/12/22,Credit card,3
6281,WALM065,25-34,Female,"Orlando, FL",Electronic accessories,98,7/28/23,Credit card,6
6282,WALM086,45-54,Male,"Charlotte, NC",Electronic accessories,98,1/20/23,Credit card,7
6283,WALM086,45-54,Non-Binary,"Denver, CO",Electronic accessories,129,9/29/20,Credit card,5
6284,WALM084,25-34,Female,"Newark, NJ",Electronic accessories,114,5/28/21,Credit card,7
6285,WALM009,25-34,Non-Binary,"Seattle, WA",Electronic accessories,154,12/20/22,Credit card,7
6286,WALM050,45-54,Non-Binary,"New Orleans, LA",Electronic accessories,58,10/18/21,Ewallet,5
6287,WALM082,45-54,Male,"Charleston, SC",Electronic accessories,118,11/5/22,Cash,5
6288,WALM029,35-44,Non-Binary,"Des Moines, IA",Electronic accessories,152,1/18/20,Credit card,5
6289,WALM029,18-24,Prefer Not to Say,"Boise, ID",Electronic accessories,225,1/16/20,Credit card,6
6290,WALM089,25-34,Prefer Not to Say,"Wilmington, DE",Electronic accessories,120,1/17/19,Credit card,3
6291,WALM089,45-54,Prefer Not to Say,"Chicago, IL",Electronic accessories,45,9/7/19,Credit card,7
6292,WALM025,55+,Non-Binary,"Anchorage, AK",Electronic accessories,98,8/10/22,Credit card,3
6293,WALM035,18-24,Female,"Phoenix, AZ",Electronic accessories,64,5/7/22,Credit card,7
6294,WALM058,45-54,Prefer Not to Say,"Portland, ME",Electronic accessories,48,11/14/22,Credit card,6
6295,WALM086,55+,Prefer Not to Say,"Las Vegas, NV",Electronic accessories,19,10/31/22,Credit card,3
6296,WALM003,55+,Prefer Not to Say,"Wilmington, DE",Electronic accessories,96,10/22/22,Credit card,5
6297,WALM073,35-44,Female,"Hartford, CT",Electronic accessories,156,1/11/21,Credit card,7
6298,WALM074,18-24,Non-Binary,"Atlanta, GA",Electronic accessories,183,12/8/20,Cash,4
6299,WALM087,18-24,Non-Binary,"Seattle, WA",Electronic accessories,148,6/29/22,Credit card,5
6300,WALM009,45-54,Male,"Wilmington, DE",Electronic accessories,69,7/26/22,Credit card,7
6301,WALM035,35-44,Prefer Not to Say,"Atlanta, GA",Electronic accessories,138,7/5/19,Credit card,3
6302,WALM003,45-54,Female,"Burlington, VT",Electronic accessories,144,7/28/21,Credit card,6
6303,WALM009,25-34,Non-Binary,"Phoenix, AZ",Electronic accessories,21,6/17/20,Credit card,7
6304,WALM055,18-24,Non-Binary,"Orlando, FL",Electronic accessories,52,5/24/21,Credit card,6
6305,WALM069,18-24,Non-Binary,"Anchorage, AK",Electronic accessories,66,5/2/22,Credit card,7
6306,WALM086,35-44,Prefer Not to Say,"Des Moines, IA",Electronic accessories,45,2/18/21,Credit card,5
6307,WALM075,18-24,Male,"Phoenix, AZ",Electronic accessories,114,12/28/20,Credit card,3
6308,WALM046,45-54,Non-Binary,"Jackson, MS",Electronic accessories,84,1/26/23,Credit card,6
6309,WALM054,45-54,Non-Binary,"Providence, RI",Electronic accessories,57,9/7/19,Credit card,7
6310,WALM075,18-24,Male,"Portland, OR",Electronic accessories,153,4/22/19,Credit card,3
6311,WALM035,45-54,Female,"Little Rock, AR",Electronic accessories,41,10/7/19,Credit card,6
6312,WALM056,18-24,Non-Binary,"Burlington, VT",Electronic accessories,64,12/15/22,Credit card,7
6313,WALM054,55+,Female,"Billings, MT",Electronic accessories,74,4/24/22,Credit card,3
6314,WALM009,25-34,Female,"Little Rock, AR",Electronic accessories,60,2/7/23,Credit card,5
6315,WALM054,18-24,Prefer Not to Say,"Portland, ME",Electronic accessories,231,10/15/21,Credit card,3
6316,WALM084,18-24,Female,"Wichita, KS",Electronic accessories,216,7/13/22,Credit card,3
6317,WALM035,18-24,Prefer Not to Say,"Detroit, MI",Electronic accessories,68,12/11/22,Credit card,7
6318,WALM003,18-24,Male,"Las Vegas, NV",Electronic accessories,183,4/3/19,Credit card,4
6319,WALM087,18-24,Female,"Orlando, FL",Electronic accessories,71,7/15/23,Credit card,7
6320,WALM056,45-54,Female,"Anchorage, AK",Electronic accessories,81,6/19/22,Credit card,6
6321,WALM075,18-24,Non-Binary,"Los Angeles, CA",Electronic accessories,93,12/13/23,Credit card,3
6322,WALM003,25-34,Female,"Providence, RI",Electronic accessories,150,7/3/19,Credit card,4
6323,WALM086,45-54,Female,"Detroit, MI",Electronic accessories,210,2/1/19,Credit card,6
6324,WALM035,25-34,Male,"Milwaukee, WI",Electronic accessories,75,11/15/19,Credit card,4
6325,WALM073,18-24,Female,"Las Vegas, NV",Electronic accessories,19,10/18/22,Credit card,3
6326,WALM025,35-44,Non-Binary,"Phoenix, AZ",Electronic accessories,56,1/2/20,Credit card,7
6327,WALM046,35-44,Female,"Orlando, FL",Electronic accessories,126,11/1/22,Credit card,5
6328,WALM073,18-24,Non-Binary,"Fargo, ND",Electronic accessories,36,8/27/19,Credit card,7
6329,WALM069,25-34,Non-Binary,"Wilmington, DE",Electronic accessories,82,8/24/20,Credit card,4
6330,WALM003,45-54,Prefer Not to Say,"Boise, ID",Electronic accessories,136,3/11/20,Credit card,5
6331,WALM084,55+,Female,"Wilmington, DE",Electronic accessories,42,6/18/20,Credit card,5
6332,WALM009,35-44,Non-Binary,"Omaha, NE",Electronic accessories,160,2/1/22,Credit card,7
6333,WALM086,55+,Non-Binary,"New York City, NY",Electronic accessories,99,2/20/23,Credit card,5
6334,WALM055,45-54,Female,"Chicago, IL",Electronic accessories,37,9/2/23,Credit card,6
6335,WALM073,55+,Non-Binary,"Newark, NJ",Electronic accessories,46,7/15/23,Credit card,5
6336,WALM087,25-34,Male,"Jackson, MS",Electronic accessories,189,3/15/23,Credit card,5
6337,WALM099,25-34,Female,"Wichita, KS",Electronic accessories,22,11/15/23,Credit card,6
6338,WALM009,55+,Female,"Orlando, FL",Electronic accessories,84,2/25/19,Credit card,7
6339,WALM084,45-54,Male,"Wichita, KS",Electronic accessories,57,2/18/20,Credit card,3
6340,WALM003,55+,Prefer Not to Say,"Honolulu, HI",Electronic accessories,100,8/11/19,Credit card,7
6341,WALM054,35-44,Prefer Not to Say,"Hartford, CT",Electronic accessories,204,3/21/19,Credit card,7
6342,WALM074,45-54,Prefer Not to Say,"Wichita, KS",Electronic accessories,144,1/26/23,Cash,3
6343,WALM069,45-54,Non-Binary,"New York City, NY",Electronic accessories,58,11/12/20,Credit card,6
6344,WALM084,35-44,Male,"Des Moines, IA",Electronic accessories,52,7/20/22,Credit card,7
6345,WALM058,45-54,Male,"Chicago, IL",Electronic accessories,45,1/9/21,Credit card,4
6346,WALM056,55+,Prefer Not to Say,"Burlington, VT",Electronic accessories,32,3/4/21,Credit card,3
6347,WALM084,25-34,Female,"Sioux Falls, SD",Electronic accessories,243,10/20/21,Credit card,3
6348,WALM009,18-24,Prefer Not to Say,"Columbus, OH",Electronic accessories,26,10/8/20,Credit card,5
6349,WALM032,55+,Female,"Minneapolis, MN",Electronic accessories,73,9/19/21,Credit card,3
6350,WALM087,25-34,Non-Binary,"Little Rock, AR",Electronic accessories,48,10/9/21,Credit card,3
6351,WALM058,25-34,Female,"Los Angeles, CA",Electronic accessories,33,3/21/23,Credit card,7
6352,WALM029,55+,Female,"Boston, MA",Electronic accessories,75,4/22/22,Credit card,7
6353,WALM032,35-44,Female,"Honolulu, HI",Electronic accessories,231,9/16/21,Credit card,4
6354,WALM089,25-34,Female,"Cheyenne, WY",Electronic accessories,150,6/9/23,Credit card,5
6355,WALM058,18-24,Non-Binary,"Little Rock, AR",Electronic accessories,43,4/6/20,Credit card,5
6356,WALM046,35-44,Prefer Not to Say,"Newark, NJ",Electronic accessories,57,8/15/23,Credit card,6
6357,WALM069,35-44,Prefer Not to Say,"Anchorage, AK",Electronic accessories,108,4/28/21,Credit card,5
6358,WALM058,45-54,Prefer Not to Say,"Sioux Falls, SD",Electronic accessories,252,4/7/23,Credit card,3
6359,WALM099,55+,Male,"Sioux Falls, SD",Electronic accessories,66,3/7/21,Credit card,5
6360,WALM035,18-24,Prefer Not to Say,"Las Vegas, NV",Electronic accessories,74,9/19/22,Credit card,6
6361,WALM025,55+,Male,"Nashville, TN",Electronic accessories,192,7/7/22,Credit card,6
6362,WALM089,55+,Female,"Oklahoma City, OK",Electronic accessories,25,5/28/21,Credit card,6
6363,WALM038,18-24,Male,"Charlotte, NC",Electronic accessories,58,10/18/21,Credit card,4
6364,WALM075,18-24,Female,"Portland, OR",Electronic accessories,82,8/2/19,Credit card,4
6365,WALM082,25-34,Female,"Providence, RI",Electronic accessories,40,7/22/19,Cash,7
6366,WALM074,25-34,Male,"Manchester, NH",Electronic accessories,216,5/11/23,Cash,4
6367,WALM058,55+,Male,"Boise, ID",Electronic accessories,60,9/5/21,Credit card,5
6368,WALM032,55+,Non-Binary,"Charleston, WV",Electronic accessories,17,11/15/21,Credit card,4
6369,WALM038,45-54,Female,"Anchorage, AK",Electronic accessories,58,3/21/20,Credit card,5
6370,WALM029,35-44,Prefer Not to Say,"Providence, RI",Electronic accessories,204,10/4/23,Credit card,7
6371,WALM082,45-54,Male,"Anchorage, AK",Electronic accessories,94,8/28/19,Cash,6
6372,WALM055,25-34,Prefer Not to Say,"Albuquerque, NM",Electronic accessories,74,6/17/19,Credit card,6
6373,WALM054,55+,Male,"Oklahoma City, OK",Electronic accessories,30,6/26/23,Credit card,6
6374,WALM055,45-54,Non-Binary,"Baltimore, MD",Electronic accessories,57,4/2/19,Credit card,4
6375,WALM032,25-34,Prefer Not to Say,"Boise, ID",Electronic accessories,96,11/11/21,Credit card,7
6376,WALM054,35-44,Female,"Hartford, CT",Electronic accessories,60,3/6/19,Credit card,5
6377,WALM050,18-24,Male,"Baltimore, MD",Electronic accessories,69,7/6/23,Ewallet,3
6378,WALM009,45-54,Prefer Not to Say,"Des Moines, IA",Electronic accessories,50,7/25/22,Credit card,7
6379,WALM029,18-24,Non-Binary,"Philadelphia, PA",Electronic accessories,41,6/13/20,Credit card,6
6380,WALM087,25-34,Male,"Cheyenne, WY",Electronic accessories,48,4/5/21,Credit card,7
6381,WALM054,25-34,Female,"Hartford, CT",Electronic accessories,219,3/28/22,Credit card,4
6382,WALM075,55+,Female,"Seattle, WA",Electronic accessories,116,3/5/23,Credit card,4
6383,WALM050,45-54,Non-Binary,"Phoenix, AZ",Electronic accessories,165,4/19/21,Ewallet,6
6384,WALM058,55+,Prefer Not to Say,"Oklahoma City, OK",Electronic accessories,41,7/5/19,Credit card,3
6385,WALM086,25-34,Male,"Indianapolis, IN",Electronic accessories,168,6/2/23,Credit card,5
6386,WALM035,25-34,Female,"Virginia Beach, VA",Electronic accessories,51,4/6/22,Credit card,6
6387,WALM075,45-54,Non-Binary,"Atlanta, GA",Electronic accessories,132,11/30/23,Credit card,3
6388,WALM054,35-44,Male,"Billings, MT",Electronic accessories,246,1/25/23,Credit card,3
6389,WALM003,18-24,Non-Binary,"Charleston, WV",Electronic accessories,30,7/22/22,Credit card,6
6390,WALM025,45-54,Non-Binary,"Little Rock, AR",Electronic accessories,57,5/18/19,Credit card,5
6391,WALM075,45-54,Non-Binary,"Houston, TX",Electronic accessories,82,3/22/20,Credit card,4
6392,WALM003,25-34,Male,"Milwaukee, WI",Electronic accessories,68,6/1/21,Credit card,3
6393,WALM046,55+,Male,"Detroit, MI",Electronic accessories,201,12/29/19,Credit card,4
6394,WALM084,35-44,Female,"Philadelphia, PA",Electronic accessories,195,4/29/20,Credit card,5
6395,WALM056,18-24,Prefer Not to Say,"Charleston, SC",Home and lifestyle,118,4/11/22,Credit card,5
6396,WALM038,25-34,Female,"Denver, CO",Fashion accessories,140,4/19/22,Credit card,6
6397,WALM032,45-54,Prefer Not to Say,"Detroit, MI",Home and lifestyle,90,3/9/20,Credit card,7
6398,WALM089,55+,Female,"Billings, MT",Fashion accessories,198,9/7/21,Credit card,6
6399,WALM065,25-34,Male,"Newark, NJ",Home and lifestyle,66,4/12/23,Credit card,7
6400,WALM073,45-54,Non-Binary,"Los Angeles, CA",Fashion accessories,237,5/14/19,Credit card,7
6401,WALM025,35-44,Non-Binary,"Denver, CO",Home and lifestyle,150,8/27/21,Credit card,3
6402,WALM050,55+,Non-Binary,"Providence, RI",Fashion accessories,174,10/6/21,Ewallet,6
6403,WALM069,35-44,Female,"Charlotte, NC",Home and lifestyle,90,1/10/22,Credit card,5
6404,WALM099,55+,Prefer Not to Say,"Anchorage, AK",Fashion accessories,88,12/28/19,Credit card,4
6405,WALM065,35-44,Male,"Baltimore, MD",Home and lifestyle,122,6/3/22,Credit card,3
6406,WALM009,35-44,Non-Binary,"Nashville, TN",Fashion accessories,77,3/13/20,Credit card,4
6407,WALM087,35-44,Non-Binary,"Minneapolis, MN",Home and lifestyle,71,2/28/20,Credit card,3
6408,WALM058,45-54,Male,"Columbus, OH",Fashion accessories,31,7/15/20,Credit card,3
6409,WALM082,45-54,Non-Binary,"Wichita, KS",Home and lifestyle,135,11/10/20,Cash,5
6410,WALM087,18-24,Non-Binary,"Newark, NJ",Fashion accessories,246,8/25/22,Credit card,6
6411,WALM055,35-44,Prefer Not to Say,"Chicago, IL",Home and lifestyle,28,6/4/23,Credit card,5
6412,WALM046,45-54,Male,"Boise, ID",Fashion accessories,38,12/17/20,Credit card,7
6413,WALM055,55+,Male,"Newark, NJ",Home and lifestyle,86,2/18/19,Credit card,4
6414,WALM082,35-44,Female,"Honolulu, HI",Fashion accessories,75,7/23/23,Cash,6
6415,WALM058,18-24,Non-Binary,"Little Rock, AR",Home and lifestyle,122,8/27/22,Credit card,3
6416,WALM009,55+,Female,"Denver, CO",Fashion accessories,117,2/2/20,Credit card,4
6417,WALM046,35-44,Female,"Columbus, OH",Home and lifestyle,41,9/24/22,Credit card,7
6418,WALM069,45-54,Male,"Louisville, KY",Fashion accessories,60,10/19/23,Credit card,5
6419,WALM050,45-54,Prefer Not to Say,"Houston, TX",Home and lifestyle,252,6/5/22,Ewallet,5
6420,WALM099,18-24,Non-Binary,"Columbus, OH",Fashion accessories,17,9/15/20,Credit card,6
6421,WALM030,45-54,Prefer Not to Say,"Las Vegas, NV",Home and lifestyle,168,7/3/20,Credit card,4
6422,WALM029,25-34,Non-Binary,"Denver, CO",Fashion accessories,146,11/29/19,Credit card,7
6423,WALM030,55+,Non-Binary,"Indianapolis, IN",Home and lifestyle,30,9/1/21,Credit card,4
6424,WALM054,45-54,Male,"Virginia Beach, VA",Fashion accessories,76,8/17/21,Credit card,6
6425,WALM065,25-34,Non-Binary,"Cheyenne, WY",Home and lifestyle,96,10/29/20,Credit card,5
6426,WALM082,25-34,Female,"Burlington, VT",Fashion accessories,106,5/1/23,Cash,3
6427,WALM099,55+,Male,"Indianapolis, IN",Home and lifestyle,37,8/31/19,Credit card,4
6428,WALM029,35-44,Female,"Omaha, NE",Fashion accessories,210,9/27/22,Credit card,4
6429,WALM056,55+,Non-Binary,"Manchester, NH",Home and lifestyle,26,5/8/22,Credit card,6
6430,WALM082,55+,Female,"Albuquerque, NM",Fashion accessories,62,10/25/22,Cash,6
6431,WALM029,25-34,Non-Binary,"Seattle, WA",Home and lifestyle,69,5/9/23,Credit card,6
6432,WALM073,25-34,Non-Binary,"Milwaukee, WI",Fashion accessories,50,10/29/19,Credit card,4
6433,WALM075,35-44,Prefer Not to Say,"New Orleans, LA",Home and lifestyle,87,3/28/22,Credit card,6
6434,WALM032,35-44,Female,"Salt Lake City, UT",Fashion accessories,153,5/24/22,Credit card,5
6435,WALM025,45-54,Non-Binary,"Portland, ME",Home and lifestyle,88,8/23/19,Credit card,7
6436,WALM056,25-34,Male,"New Orleans, LA",Fashion accessories,46,11/9/21,Credit card,6
6437,WALM038,18-24,Prefer Not to Say,"Wichita, KS",Home and lifestyle,234,4/14/21,Credit card,7
6438,WALM030,45-54,Non-Binary,"Newark, NJ",Fashion accessories,57,1/10/19,Credit card,5
6439,WALM087,18-24,Female,"Las Vegas, NV",Home and lifestyle,15,11/8/20,Credit card,5
6440,WALM025,18-24,Male,"Jackson, MS",Fashion accessories,24,12/26/19,Credit card,4
6441,WALM009,35-44,Prefer Not to Say,"Columbus, OH",Home and lifestyle,75,5/26/19,Credit card,7
6442,WALM003,35-44,Male,"St. Louis, MO",Fashion accessories,40,12/8/19,Credit card,5
6443,WALM073,55+,Prefer Not to Say,"Nashville, TN",Home and lifestyle,86,11/13/23,Credit card,6
6444,WALM055,45-54,Prefer Not to Say,"Los Angeles, CA",Fashion accessories,50,6/27/23,Credit card,6
6445,WALM030,45-54,Female,"Salt Lake City, UT",Home and lifestyle,207,5/21/22,Credit card,6
6446,WALM056,18-24,Male,"Birmingham, AL",Fashion accessories,114,11/17/22,Credit card,5
6447,WALM058,18-24,Prefer Not to Say,"Omaha, NE",Home and lifestyle,135,5/9/21,Credit card,5
6448,WALM074,25-34,Non-Binary,"Cheyenne, WY",Fashion accessories,37,12/26/22,Cash,5
6449,WALM050,45-54,Female,"Charleston, SC",Home and lifestyle,50,5/13/23,Ewallet,6
6450,WALM030,18-24,Male,"Louisville, KY",Fashion accessories,153,10/11/21,Credit card,7
6451,WALM084,45-54,Male,"Portland, ME",Home and lifestyle,21,9/17/21,Credit card,4
6452,WALM025,45-54,Male,"Baltimore, MD",Fashion accessories,30,6/28/21,Credit card,4
6453,WALM089,25-34,Prefer Not to Say,"Charleston, SC",Home and lifestyle,114,3/28/21,Credit card,7
6454,WALM099,18-24,Prefer Not to Say,"Anchorage, AK",Fashion accessories,144,5/24/21,Credit card,3
6455,WALM038,18-24,Female,"Wilmington, DE",Home and lifestyle,78,11/16/23,Credit card,4
6456,WALM075,18-24,Non-Binary,"Sioux Falls, SD",Fashion accessories,78,12/10/20,Credit card,4
6457,WALM046,45-54,Non-Binary,"Hartford, CT",Home and lifestyle,41,11/10/19,Credit card,7
6458,WALM009,18-24,Male,"Omaha, NE",Fashion accessories,85,5/12/22,Credit card,6
6459,WALM055,25-34,Non-Binary,"Oklahoma City, OK",Home and lifestyle,88,2/28/20,Credit card,6
6460,WALM029,35-44,Male,"New Orleans, LA",Fashion accessories,219,7/3/22,Credit card,7
6461,WALM054,35-44,Male,"Baltimore, MD",Home and lifestyle,83,8/8/22,Credit card,4
6462,WALM054,45-54,Female,"Minneapolis, MN",Fashion accessories,111,9/23/21,Credit card,4
6463,WALM003,25-34,Non-Binary,"Hartford, CT",Home and lifestyle,150,11/22/20,Credit card,3
6464,WALM032,18-24,Female,"Boise, ID",Fashion accessories,210,4/23/22,Credit card,5
6465,WALM074,35-44,Male,"Fargo, ND",Home and lifestyle,249,10/15/20,Cash,4
6466,WALM035,45-54,Non-Binary,"Virginia Beach, VA",Fashion accessories,42,10/24/20,Credit card,7
6467,WALM030,25-34,Non-Binary,"Seattle, WA",Home and lifestyle,234,1/1/20,Credit card,6
6468,WALM009,35-44,Male,"Houston, TX",Fashion accessories,41,3/12/22,Credit card,7
6469,WALM055,35-44,Prefer Not to Say,"Sioux Falls, SD",Home and lifestyle,111,2/1/20,Credit card,4
6470,WALM086,45-54,Prefer Not to Say,"Atlanta, GA",Fashion accessories,228,8/13/19,Credit card,6
6471,WALM069,25-34,Female,"Omaha, NE",Home and lifestyle,63,9/18/21,Credit card,7
6472,WALM069,18-24,Prefer Not to Say,"Orlando, FL",Fashion accessories,92,11/3/22,Credit card,6
6473,WALM089,35-44,Male,"Nashville, TN",Home and lifestyle,213,2/23/19,Credit card,7
6474,WALM038,35-44,Male,"Manchester, NH",Fashion accessories,80,10/16/22,Credit card,3
6475,WALM074,18-24,Non-Binary,"New York City, NY",Home and lifestyle,189,8/30/19,Cash,3
6476,WALM086,25-34,Non-Binary,"Charlotte, NC",Fashion accessories,37,10/15/22,Credit card,6
6477,WALM050,35-44,Female,"Manchester, NH",Home and lifestyle,72,1/17/20,Ewallet,6
6478,WALM069,55+,Male,"Manchester, NH",Fashion accessories,79,1/12/19,Credit card,5
6479,WALM099,55+,Male,"Philadelphia, PA",Home and lifestyle,123,8/20/22,Credit card,6
6480,WALM029,55+,Male,"Providence, RI",Fashion accessories,168,12/7/22,Credit card,7
6481,WALM058,55+,Female,"St. Louis, MO",Home and lifestyle,59,3/11/21,Credit card,5
6482,WALM009,45-54,Male,"Albuquerque, NM",Fashion accessories,102,4/19/22,Credit card,7
6483,WALM073,55+,Female,"Portland, OR",Home and lifestyle,160,10/5/21,Credit card,7
6484,WALM074,35-44,Prefer Not to Say,"Indianapolis, IN",Fashion accessories,144,9/6/23,Cash,6
6485,WALM065,25-34,Male,"Birmingham, AL",Home and lifestyle,192,11/3/21,Credit card,5
6486,WALM086,18-24,Prefer Not to Say,"Phoenix, AZ",Fashion accessories,43,10/24/23,Credit card,3
6487,WALM084,45-54,Prefer Not to Say,"Milwaukee, WI",Home and lifestyle,140,3/21/19,Credit card,4
6488,WALM056,18-24,Prefer Not to Say,"Fargo, ND",Fashion accessories,159,12/13/20,Credit card,3
6489,WALM084,18-24,Female,"Charleston, SC",Home and lifestyle,156,4/7/23,Credit card,7
6490,WALM056,25-34,Non-Binary,"Columbus, OH",Fashion accessories,150,5/12/19,Credit card,3
6491,WALM030,25-34,Female,"Baltimore, MD",Home and lifestyle,147,6/22/19,Credit card,7
6492,WALM038,55+,Prefer Not to Say,"Providence, RI",Fashion accessories,63,12/11/20,Credit card,4
6493,WALM003,18-24,Non-Binary,"Honolulu, HI",Home and lifestyle,148,10/6/20,Credit card,5
6494,WALM086,25-34,Prefer Not to Say,"Omaha, NE",Fashion accessories,25,4/8/22,Credit card,4
6495,WALM029,55+,Male,"Oklahoma City, OK",Home and lifestyle,110,12/9/21,Credit card,6
6496,WALM032,35-44,Male,"Portland, OR",Fashion accessories,198,11/6/19,Credit card,7
6497,WALM065,45-54,Non-Binary,"Albuquerque, NM",Home and lifestyle,237,9/4/23,Credit card,5
6498,WALM058,35-44,Female,"Phoenix, AZ",Fashion accessories,102,9/8/22,Credit card,7
6499,WALM069,55+,Female,"Boston, MA",Home and lifestyle,122,9/20/22,Credit card,6
6500,WALM074,35-44,Female,"Fargo, ND",Fashion accessories,75,7/27/22,Cash,6
6501,WALM030,55+,Prefer Not to Say,"Billings, MT",Home and lifestyle,66,2/9/19,Credit card,5
6502,WALM055,18-24,Female,"Wichita, KS",Fashion accessories,213,1/27/20,Credit card,4
6503,WALM075,18-24,Non-Binary,"Houston, TX",Home and lifestyle,255,2/22/20,Credit card,7
6504,WALM099,55+,Non-Binary,"Boise, ID",Fashion accessories,86,1/12/21,Credit card,3
6505,WALM074,45-54,Prefer Not to Say,"Baltimore, MD",Home and lifestyle,63,5/16/21,Cash,3
6506,WALM025,35-44,Male,"Boise, ID",Fashion accessories,117,7/15/23,Credit card,6
6507,WALM073,55+,Non-Binary,"Virginia Beach, VA",Home and lifestyle,39,7/8/23,Credit card,7
6508,WALM082,45-54,Female,"Baltimore, MD",Fashion accessories,34,11/11/19,Cash,4
6509,WALM075,45-54,Male,"Wichita, KS",Home and lifestyle,69,11/1/21,Credit card,6
6510,WALM050,55+,Prefer Not to Say,"Manchester, NH",Fashion accessories,77,12/7/22,Ewallet,3
6511,WALM099,18-24,Prefer Not to Say,"Virginia Beach, VA",Home and lifestyle,32,7/2/21,Credit card,4
6512,WALM073,25-34,Female,"Baltimore, MD",Fashion accessories,243,3/23/22,Credit card,4
6513,WALM058,45-54,Male,"Billings, MT",Home and lifestyle,130,9/29/20,Credit card,6
6514,WALM084,55+,Male,"Little Rock, AR",Fashion accessories,255,4/23/21,Credit card,5
6515,WALM035,45-54,Male,"Virginia Beach, VA",Home and lifestyle,165,10/3/22,Credit card,6
6516,WALM054,55+,Male,"Charlotte, NC",Fashion accessories,120,1/15/19,Credit card,3
6517,WALM082,25-34,Non-Binary,"Virginia Beach, VA",Home and lifestyle,80,5/11/23,Cash,5
6518,WALM087,55+,Non-Binary,"Milwaukee, WI",Fashion accessories,44,10/21/19,Credit card,3
6519,WALM032,35-44,Male,"Providence, RI",Home and lifestyle,80,11/13/20,Credit card,4
6520,WALM082,35-44,Non-Binary,"Los Angeles, CA",Fashion accessories,117,6/8/21,Cash,7
6521,WALM084,35-44,Female,"Nashville, TN",Home and lifestyle,44,7/14/21,Credit card,3
6522,WALM074,25-34,Non-Binary,"Houston, TX",Fashion accessories,222,9/25/19,Cash,6
6523,WALM050,55+,Prefer Not to Say,"Las Vegas, NV",Home and lifestyle,32,3/2/21,Ewallet,7
6524,WALM003,25-34,Prefer Not to Say,"Boston, MA",Fashion accessories,102,7/27/23,Credit card,5
6525,WALM050,45-54,Prefer Not to Say,"Boston, MA",Home and lifestyle,158,12/17/22,Ewallet,7
6526,WALM082,45-54,Male,"Indianapolis, IN",Fashion accessories,64,10/14/19,Cash,7
6527,WALM065,25-34,Non-Binary,"Charleston, WV",Home and lifestyle,210,2/16/22,Credit card,5
6528,WALM073,45-54,Male,"Portland, ME",Fashion accessories,38,10/11/20,Credit card,6
6529,WALM029,45-54,Prefer Not to Say,"Atlanta, GA",Home and lifestyle,140,1/7/19,Credit card,4
6530,WALM054,45-54,Female,"Manchester, NH",Fashion accessories,174,1/16/20,Credit card,4
6531,WALM074,55+,Non-Binary,"Phoenix, AZ",Home and lifestyle,63,8/6/23,Cash,5
6532,WALM069,55+,Non-Binary,"Oklahoma City, OK",Fashion accessories,75,4/4/21,Credit card,4
6533,WALM087,18-24,Female,"St. Louis, MO",Home and lifestyle,147,6/26/21,Credit card,7
6534,WALM046,45-54,Male,"Philadelphia, PA",Fashion accessories,36,10/6/19,Credit card,6
6535,WALM055,25-34,Female,"Orlando, FL",Home and lifestyle,40,5/2/23,Credit card,5
6536,WALM029,35-44,Non-Binary,"Baltimore, MD",Fashion accessories,45,12/12/23,Credit card,7
6537,WALM050,45-54,Non-Binary,"Manchester, NH",Home and lifestyle,249,10/27/21,Ewallet,5
6538,WALM084,18-24,Female,"Newark, NJ",Fashion accessories,164,2/1/23,Credit card,5
6539,WALM058,25-34,Female,"Houston, TX",Home and lifestyle,38,9/12/19,Credit card,7
6540,WALM035,45-54,Female,"Wichita, KS",Fashion accessories,40,2/15/22,Credit card,5
6541,WALM025,55+,Prefer Not to Say,"Baltimore, MD",Home and lifestyle,198,12/17/23,Credit card,6
6542,WALM069,55+,Prefer Not to Say,"Albuquerque, NM",Fashion accessories,102,4/10/21,Credit card,5
6543,WALM074,45-54,Non-Binary,"Cheyenne, WY",Home and lifestyle,152,6/23/21,Cash,5
6544,WALM030,45-54,Female,"Birmingham, AL",Fashion accessories,37,8/6/19,Credit card,7
6545,WALM009,45-54,Female,"Jackson, MS",Home and lifestyle,114,5/8/22,Credit card,4
6546,WALM074,25-34,Non-Binary,"Indianapolis, IN",Fashion accessories,60,11/20/23,Cash,4
6547,WALM032,25-34,Prefer Not to Say,"Los Angeles, CA",Home and lifestyle,195,5/15/19,Credit card,4
6548,WALM056,45-54,Male,"St. Louis, MO",Fashion accessories,111,5/29/19,Credit card,3
6549,WALM025,18-24,Non-Binary,"Charleston, SC",Home and lifestyle,64,10/22/20,Credit card,7
6550,WALM038,25-34,Female,"Hartford, CT",Fashion accessories,249,11/26/23,Credit card,3
6551,WALM035,55+,Prefer Not to Say,"Charleston, SC",Home and lifestyle,28,9/20/20,Credit card,6
6552,WALM056,18-24,Male,"Portland, ME",Fashion accessories,81,8/26/19,Credit card,7
6553,WALM086,25-34,Prefer Not to Say,"Omaha, NE",Home and lifestyle,48,10/21/20,Credit card,3
6554,WALM050,45-54,Prefer Not to Say,"Phoenix, AZ",Fashion accessories,144,10/27/23,Ewallet,6
6555,WALM038,25-34,Prefer Not to Say,"Charlotte, NC",Home and lifestyle,69,4/17/21,Credit card,6
6556,WALM003,35-44,Female,"Orlando, FL",Fashion accessories,39,5/24/23,Credit card,3
6557,WALM074,18-24,Non-Binary,"Boise, ID",Home and lifestyle,198,10/5/20,Cash,7
6558,WALM035,55+,Prefer Not to Say,"Atlanta, GA",Fashion accessories,71,1/5/20,Credit card,3
6559,WALM032,35-44,Male,"Seattle, WA",Home and lifestyle,216,8/21/20,Credit card,3
6560,WALM065,35-44,Prefer Not to Say,"Minneapolis, MN",Fashion accessories,16,12/11/22,Credit card,7
6561,WALM087,45-54,Female,"Manchester, NH",Home and lifestyle,123,6/16/23,Credit card,5
6562,WALM075,18-24,Male,"Providence, RI",Fashion accessories,40,7/8/21,Credit card,3
6563,WALM032,25-34,Non-Binary,"Honolulu, HI",Home and lifestyle,90,3/18/21,Credit card,4
6564,WALM084,55+,Prefer Not to Say,"Anchorage, AK",Fashion accessories,165,10/31/20,Credit card,6
6565,WALM086,35-44,Non-Binary,"Columbus, OH",Home and lifestyle,69,5/22/20,Credit card,4
6566,WALM055,45-54,Female,"Little Rock, AR",Fashion accessories,201,9/15/20,Credit card,3
6567,WALM055,18-24,Male,"Salt Lake City, UT",Home and lifestyle,183,10/28/23,Credit card,5
6568,WALM032,35-44,Non-Binary,"Cheyenne, WY",Fashion accessories,48,8/9/23,Credit card,4
6569,WALM032,18-24,Prefer Not to Say,"Portland, ME",Home and lifestyle,58,12/14/22,Credit card,5
6570,WALM038,35-44,Prefer Not to Say,"Jackson, MS",Fashion accessories,252,8/24/20,Credit card,7
6571,WALM025,18-24,Prefer Not to Say,"Portland, ME",Home and lifestyle,82,3/17/22,Credit card,4
6572,WALM029,25-34,Male,"Houston, TX",Fashion accessories,56,4/2/20,Credit card,6
6573,WALM058,35-44,Non-Binary,"Portland, OR",Home and lifestyle,20,7/26/21,Credit card,3
6574,WALM038,45-54,Male,"Atlanta, GA",Fashion accessories,44,4/28/23,Credit card,6
6575,WALM086,18-24,Non-Binary,"Minneapolis, MN",Home and lifestyle,195,12/2/22,Credit card,3
6576,WALM086,35-44,Prefer Not to Say,"St. Louis, MO",Fashion accessories,35,1/1/23,Credit card,6
6577,WALM046,45-54,Non-Binary,"Honolulu, HI",Home and lifestyle,50,8/21/20,Credit card,7
6578,WALM054,35-44,Non-Binary,"Salt Lake City, UT",Fashion accessories,35,4/25/19,Credit card,6
6579,WALM055,55+,Prefer Not to Say,"Wilmington, DE",Home and lifestyle,135,12/22/21,Credit card,6
6580,WALM084,45-54,Prefer Not to Say,"Indianapolis, IN",Fashion accessories,106,3/12/22,Credit card,7
6581,WALM050,18-24,Non-Binary,"Indianapolis, IN",Home and lifestyle,57,3/1/19,Ewallet,5
6582,WALM009,55+,Prefer Not to Say,"Omaha, NE",Fashion accessories,144,11/3/22,Credit card,6
6583,WALM099,55+,Male,"Wichita, KS",Home and lifestyle,255,5/18/21,Credit card,4
6584,WALM054,25-34,Female,"Jackson, MS",Fashion accessories,87,6/8/19,Credit card,5
6585,WALM009,18-24,Female,"Little Rock, AR",Home and lifestyle,160,9/9/20,Credit card,6
6586,WALM032,25-34,Female,"Orlando, FL",Fashion accessories,66,4/9/23,Credit card,6
6587,WALM089,25-34,Prefer Not to Say,"Salt Lake City, UT",Home and lifestyle,186,9/21/19,Credit card,3
6588,WALM099,35-44,Prefer Not to Say,"Portland, OR",Fashion accessories,36,3/21/19,Credit card,4
6589,WALM069,35-44,Female,"Charlotte, NC",Home and lifestyle,87,1/8/19,Credit card,4
6590,WALM003,25-34,Non-Binary,"Houston, TX",Fashion accessories,148,5/31/23,Credit card,4
6591,WALM032,35-44,Prefer Not to Say,"Cheyenne, WY",Home and lifestyle,27,6/20/22,Credit card,6
6592,WALM050,55+,Non-Binary,"Honolulu, HI",Fashion accessories,44,5/16/19,Ewallet,5
6593,WALM069,35-44,Male,"Wilmington, DE",Home and lifestyle,86,11/5/20,Credit card,6
6594,WALM087,45-54,Non-Binary,"St. Louis, MO",Fashion accessories,53,7/11/20,Credit card,4
6595,WALM056,25-34,Male,"Phoenix, AZ",Home and lifestyle,134,2/23/22,Credit card,3
6596,WALM082,45-54,Male,"Wichita, KS",Fashion accessories,52,4/23/20,Cash,4
6597,WALM075,35-44,Female,"Indianapolis, IN",Home and lifestyle,158,4/25/22,Credit card,6
6598,WALM056,25-34,Female,"Denver, CO",Fashion accessories,100,2/1/21,Credit card,3
6599,WALM035,35-44,Male,"Houston, TX",Home and lifestyle,231,10/5/19,Credit card,7
6600,WALM025,55+,Male,"Omaha, NE",Fashion accessories,20,11/1/23,Credit card,7
6601,WALM030,45-54,Prefer Not to Say,"Portland, ME",Home and lifestyle,68,5/11/20,Credit card,6
6602,WALM035,45-54,Non-Binary,"Cheyenne, WY",Fashion accessories,171,11/15/22,Credit card,5
6603,WALM046,35-44,Non-Binary,"Newark, NJ",Home and lifestyle,82,5/1/22,Credit card,5
6604,WALM089,18-24,Prefer Not to Say,"New York City, NY",Fashion accessories,106,10/3/20,Credit card,5
6605,WALM075,55+,Male,"Birmingham, AL",Home and lifestyle,50,12/8/19,Credit card,4
6606,WALM029,25-34,Prefer Not to Say,"Billings, MT",Fashion accessories,74,6/30/23,Credit card,4
6607,WALM058,45-54,Prefer Not to Say,"Phoenix, AZ",Home and lifestyle,123,9/26/22,Credit card,4
6608,WALM069,25-34,Male,"Phoenix, AZ",Fashion accessories,100,8/23/19,Credit card,6
6609,WALM054,55+,Male,"Columbus, OH",Home and lifestyle,168,1/3/22,Credit card,4
6610,WALM038,35-44,Prefer Not to Say,"Orlando, FL",Fashion accessories,80,8/13/22,Credit card,7
6611,WALM056,25-34,Female,"Oklahoma City, OK",Home and lifestyle,213,5/2/21,Credit card,6
6612,WALM038,45-54,Male,"Las Vegas, NV",Fashion accessories,82,4/21/22,Credit card,3
6613,WALM069,55+,Non-Binary,"Salt Lake City, UT",Home and lifestyle,144,5/4/22,Credit card,4
6614,WALM038,35-44,Non-Binary,"Omaha, NE",Fashion accessories,177,9/16/22,Credit card,4
6615,WALM038,45-54,Male,"Phoenix, AZ",Home and lifestyle,165,12/15/22,Credit card,7
6616,WALM035,18-24,Female,"Indianapolis, IN",Fashion accessories,162,8/6/22,Credit card,4
6617,WALM035,35-44,Male,"Phoenix, AZ",Home and lifestyle,134,11/8/19,Credit card,3
6618,WALM099,25-34,Prefer Not to Say,"New Orleans, LA",Fashion accessories,16,2/24/20,Credit card,3
6619,WALM099,18-24,Female,"Detroit, MI",Home and lifestyle,118,7/31/21,Credit card,3
6620,WALM046,35-44,Prefer Not to Say,"Atlanta, GA",Fashion accessories,110,8/29/22,Credit card,4
6621,WALM054,45-54,Non-Binary,"Portland, ME",Home and lifestyle,123,5/14/23,Credit card,7
6622,WALM065,25-34,Female,"Albuquerque, NM",Fashion accessories,164,3/8/21,Credit card,4
6623,WALM075,55+,Male,"Boston, MA",Home and lifestyle,58,6/1/22,Credit card,4
6624,WALM009,35-44,Female,"Birmingham, AL",Fashion accessories,147,3/15/22,Credit card,7
6625,WALM055,35-44,Female,"Virginia Beach, VA",Home and lifestyle,44,9/6/23,Credit card,4
6626,WALM055,35-44,Non-Binary,"Baltimore, MD",Fashion accessories,114,11/21/19,Credit card,6
6627,WALM050,45-54,Prefer Not to Say,"Newark, NJ",Home and lifestyle,225,2/19/20,Ewallet,3
6628,WALM025,55+,Male,"Omaha, NE",Fashion accessories,135,2/13/22,Credit card,6
6629,WALM075,18-24,Prefer Not to Say,"Providence, RI",Home and lifestyle,171,9/4/22,Credit card,3
6630,WALM009,45-54,Male,"Boston, MA",Fashion accessories,47,7/25/20,Credit card,6
6631,WALM032,18-24,Non-Binary,"Fargo, ND",Home and lifestyle,50,5/14/19,Credit card,5
6632,WALM073,55+,Non-Binary,"Wilmington, DE",Fashion accessories,243,9/2/20,Credit card,6
6633,WALM009,18-24,Male,"Boston, MA",Home and lifestyle,136,12/30/19,Credit card,6
6634,WALM086,25-34,Male,"Minneapolis, MN",Fashion accessories,105,7/5/19,Credit card,7
6635,WALM089,55+,Prefer Not to Say,"Fargo, ND",Home and lifestyle,78,4/25/21,Credit card,4
6636,WALM075,45-54,Prefer Not to Say,"Indianapolis, IN",Fashion accessories,166,9/20/20,Credit card,6
6637,WALM032,35-44,Male,"Newark, NJ",Home and lifestyle,87,10/5/23,Credit card,5
6638,WALM009,25-34,Female,"Houston, TX",Fashion accessories,160,6/16/21,Credit card,4
6639,WALM075,45-54,Non-Binary,"Providence, RI",Home and lifestyle,74,6/3/22,Credit card,6
6640,WALM087,18-24,Male,"Hartford, CT",Fashion accessories,68,1/3/19,Credit card,5
6641,WALM084,35-44,Non-Binary,"Oklahoma City, OK",Home and lifestyle,90,9/2/23,Credit card,3
6642,WALM069,18-24,Prefer Not to Say,"Jackson, MS",Fashion accessories,192,8/3/23,Credit card,6
6643,WALM058,18-24,Male,"Jackson, MS",Home and lifestyle,48,4/4/21,Credit card,6
6644,WALM073,25-34,Female,"Wichita, KS",Fashion accessories,62,2/17/22,Credit card,4
6645,WALM058,45-54,Prefer Not to Say,"Denver, CO",Home and lifestyle,80,11/14/21,Credit card,5
6646,WALM030,35-44,Male,"Charleston, WV",Fashion accessories,174,5/2/21,Credit card,6
6647,WALM082,45-54,Non-Binary,"Detroit, MI",Home and lifestyle,180,6/21/22,Cash,6
6648,WALM025,35-44,Prefer Not to Say,"New York City, NY",Fashion accessories,83,12/2/22,Credit card,6
6649,WALM054,55+,Non-Binary,"Jackson, MS",Home and lifestyle,38,1/8/19,Credit card,6
6650,WALM046,55+,Female,"Birmingham, AL",Fashion accessories,67,2/27/20,Credit card,3
6651,WALM038,35-44,Non-Binary,"Portland, OR",Home and lifestyle,210,7/17/22,Credit card,7
6652,WALM073,45-54,Female,"Wichita, KS",Fashion accessories,144,1/5/21,Credit card,6
6653,WALM055,35-44,Non-Binary,"Milwaukee, WI",Home and lifestyle,78,10/23/20,Credit card,4
6654,WALM086,25-34,Female,"Baltimore, MD",Fashion accessories,30,4/21/23,Credit card,5
6655,WALM075,35-44,Female,"Portland, ME",Home and lifestyle,79,1/5/20,Credit card,3
6656,WALM030,55+,Male,"Charlotte, NC",Fashion accessories,122,9/19/21,Credit card,3
6657,WALM054,25-34,Prefer Not to Say,"Los Angeles, CA",Home and lifestyle,44,7/5/19,Credit card,5
6658,WALM058,45-54,Female,"Los Angeles, CA",Fashion accessories,160,12/6/23,Credit card,3
6659,WALM046,35-44,Male,"Omaha, NE",Home and lifestyle,20,8/6/23,Credit card,6
6660,WALM075,18-24,Male,"Providence, RI",Fashion accessories,136,11/30/19,Credit card,7
6661,WALM054,18-24,Male,"Manchester, NH",Home and lifestyle,32,7/31/21,Credit card,7
6662,WALM056,35-44,Non-Binary,"Denver, CO",Fashion accessories,105,7/10/21,Credit card,4
6663,WALM035,18-24,Female,"Orlando, FL",Home and lifestyle,76,10/30/19,Credit card,4
6664,WALM050,18-24,Female,"Cheyenne, WY",Fashion accessories,72,3/24/21,Ewallet,3
6665,WALM003,18-24,Female,"Anchorage, AK",Home and lifestyle,50,6/24/23,Credit card,3
6666,WALM069,35-44,Non-Binary,"New Orleans, LA",Fashion accessories,27,2/25/20,Credit card,7
6667,WALM009,45-54,Non-Binary,"Atlanta, GA",Home and lifestyle,198,1/25/23,Credit card,4
6668,WALM003,45-54,Female,"Las Vegas, NV",Fashion accessories,51,11/7/23,Credit card,5
6669,WALM074,55+,Non-Binary,"Hartford, CT",Home and lifestyle,85,4/11/19,Credit card,7
6670,WALM058,35-44,Non-Binary,"Des Moines, IA",Fashion accessories,106,11/14/23,Credit card,4
6671,WALM089,45-54,Prefer Not to Say,"Newark, NJ",Home and lifestyle,24,7/22/20,Credit card,7
6672,WALM038,45-54,Male,"Charleston, WV",Fashion accessories,156,4/20/21,Credit card,7
6673,WALM086,18-24,Female,"Fargo, ND",Home and lifestyle,54,6/9/20,Credit card,5
6674,WALM089,35-44,Non-Binary,"Wichita, KS",Fashion accessories,198,2/22/20,Credit card,5
6675,WALM084,35-44,Female,"Newark, NJ",Home and lifestyle,112,8/14/21,Credit card,5
6676,WALM054,18-24,Non-Binary,"Wilmington, DE",Fashion accessories,51,9/11/20,Credit card,6
6677,WALM030,25-34,Female,"Los Angeles, CA",Home and lifestyle,76,6/23/21,Credit card,3
6678,WALM069,18-24,Male,"Birmingham, AL",Fashion accessories,66,12/26/19,Credit card,5
6679,WALM056,18-24,Male,"Boise, ID",Home and lifestyle,222,10/31/20,Credit card,3
6680,WALM084,35-44,Female,"Honolulu, HI",Fashion accessories,183,7/23/22,Credit card,3
6681,WALM055,45-54,Female,"Atlanta, GA",Home and lifestyle,162,11/16/21,Credit card,7
6682,WALM058,55+,Non-Binary,"Orlando, FL",Fashion accessories,73,4/9/22,Credit card,5
6683,WALM030,25-34,Non-Binary,"Oklahoma City, OK",Home and lifestyle,68,12/17/20,Credit card,7
6684,WALM089,55+,Male,"Baltimore, MD",Fashion accessories,69,2/14/20,Credit card,6
6685,WALM046,25-34,Prefer Not to Say,"Portland, OR",Home and lifestyle,198,10/1/20,Credit card,3
6686,WALM065,45-54,Male,"Burlington, VT",Fashion accessories,192,4/20/23,Credit card,3
6687,WALM058,55+,Prefer Not to Say,"Philadelphia, PA",Home and lifestyle,85,10/5/23,Credit card,5
6688,WALM087,55+,Prefer Not to Say,"Indianapolis, IN",Fashion accessories,19,8/26/20,Credit card,4
6689,WALM029,18-24,Prefer Not to Say,"Wilmington, DE",Home and lifestyle,76,11/19/22,Credit card,6
6690,WALM069,25-34,Female,"Anchorage, AK",Fashion accessories,51,2/2/22,Credit card,6
6691,WALM069,18-24,Female,"Des Moines, IA",Home and lifestyle,96,1/4/22,Credit card,5
6692,WALM003,45-54,Non-Binary,"Boise, ID",Fashion accessories,168,6/8/20,Credit card,5
6693,WALM038,18-24,Prefer Not to Say,"Jackson, MS",Home and lifestyle,42,4/9/19,Credit card,4
6694,WALM055,55+,Non-Binary,"Little Rock, AR",Fashion accessories,144,7/15/20,Credit card,4
6695,WALM046,35-44,Male,"Oklahoma City, OK",Home and lifestyle,132,10/3/22,Credit card,4
6696,WALM030,55+,Non-Binary,"Des Moines, IA",Fashion accessories,114,8/24/20,Credit card,3
6697,WALM056,25-34,Male,"Portland, ME",Home and lifestyle,132,5/6/23,Credit card,4
6698,WALM038,35-44,Non-Binary,"Houston, TX",Fashion accessories,26,1/14/20,Credit card,5
6699,WALM029,35-44,Non-Binary,"Philadelphia, PA",Home and lifestyle,132,9/25/19,Credit card,7
6700,WALM030,35-44,Female,"Charleston, WV",Fashion accessories,213,2/3/21,Credit card,6
6701,WALM030,18-24,Male,"Houston, TX",Home and lifestyle,66,8/31/19,Credit card,6
6702,WALM030,25-34,Non-Binary,"Virginia Beach, VA",Fashion accessories,140,11/1/20,Credit card,5
6703,WALM035,55+,Male,"Omaha, NE",Home and lifestyle,32,5/11/23,Credit card,3
6704,WALM056,35-44,Non-Binary,"Salt Lake City, UT",Fashion accessories,38,6/12/19,Credit card,5
6705,WALM055,25-34,Male,"Orlando, FL",Home and lifestyle,64,4/21/21,Credit card,4
6706,WALM054,25-34,Prefer Not to Say,"Charlotte, NC",Fashion accessories,216,5/25/21,Credit card,5
6707,WALM084,45-54,Female,"Oklahoma City, OK",Home and lifestyle,174,9/30/22,Credit card,3
6708,WALM030,25-34,Male,"Denver, CO",Fashion accessories,78,9/21/23,Credit card,4
6709,WALM069,35-44,Prefer Not to Say,"New York City, NY",Home and lifestyle,114,1/19/22,Credit card,6
6710,WALM025,25-34,Female,"Wilmington, DE",Fashion accessories,63,2/15/20,Credit card,7
6711,WALM032,45-54,Non-Binary,"Houston, TX",Home and lifestyle,189,3/1/22,Credit card,6
6712,WALM099,18-24,Male,"Charleston, SC",Fashion accessories,62,4/15/21,Credit card,5
6713,WALM073,45-54,Prefer Not to Say,"Atlanta, GA",Home and lifestyle,66,7/31/23,Credit card,7
6714,WALM038,45-54,Prefer Not to Say,"Charlotte, NC",Fashion accessories,88,6/2/22,Credit card,5
6715,WALM046,45-54,Prefer Not to Say,"Omaha, NE",Home and lifestyle,162,6/30/23,Credit card,3
6716,WALM055,18-24,Male,"Phoenix, AZ",Fashion accessories,150,7/3/20,Credit card,6
6717,WALM050,55+,Non-Binary,"Virginia Beach, VA",Home and lifestyle,74,11/6/20,Ewallet,4
6718,WALM046,55+,Female,"Orlando, FL",Fashion accessories,73,8/15/22,Credit card,6
6719,WALM030,18-24,Non-Binary,"Indianapolis, IN",Home and lifestyle,67,4/10/23,Credit card,3
6720,WALM065,18-24,Female,"Sioux Falls, SD",Fashion accessories,41,4/20/22,Credit card,4
6721,WALM032,35-44,Male,"Fargo, ND",Home and lifestyle,35,6/19/21,Credit card,3
6722,WALM050,55+,Non-Binary,"Charlotte, NC",Fashion accessories,35,12/30/22,Ewallet,5
6723,WALM084,45-54,Prefer Not to Say,"Philadelphia, PA",Home and lifestyle,63,1/31/19,Credit card,5
6724,WALM054,18-24,Male,"Portland, OR",Fashion accessories,105,1/3/19,Credit card,4
6725,WALM075,25-34,Male,"Honolulu, HI",Home and lifestyle,160,7/9/19,Credit card,3
6726,WALM058,25-34,Non-Binary,"Houston, TX",Fashion accessories,213,4/8/22,Credit card,7
6727,WALM089,35-44,Prefer Not to Say,"Billings, MT",Home and lifestyle,132,10/29/20,Credit card,6
6728,WALM073,45-54,Male,"Des Moines, IA",Fashion accessories,216,6/3/22,Credit card,7
6729,WALM065,55+,Non-Binary,"Houston, TX",Home and lifestyle,49,12/26/22,Credit card,7
6730,WALM029,35-44,Non-Binary,"Hartford, CT",Fashion accessories,45,3/21/20,Credit card,7
6731,WALM074,25-34,Female,"Seattle, WA",Home and lifestyle,156,7/15/19,Credit card,3
6732,WALM075,55+,Prefer Not to Say,"New Orleans, LA",Fashion accessories,81,7/25/21,Credit card,7
6733,WALM073,35-44,Female,"Detroit, MI",Home and lifestyle,90,2/4/20,Credit card,7
6734,WALM073,18-24,Non-Binary,"St. Louis, MO",Fashion accessories,142,2/9/19,Credit card,5
6735,WALM074,35-44,Non-Binary,"Des Moines, IA",Home and lifestyle,84,12/18/20,Credit card,6
6736,WALM055,25-34,Prefer Not to Say,"Wichita, KS",Fashion accessories,80,12/15/20,Credit card,6
6737,WALM029,45-54,Prefer Not to Say,"Birmingham, AL",Home and lifestyle,198,12/2/23,Credit card,3
6738,WALM058,18-24,Prefer Not to Say,"Providence, RI",Fashion accessories,59,1/14/20,Credit card,4
6739,WALM073,55+,Female,"Chicago, IL",Home and lifestyle,65,4/12/22,Credit card,4
6740,WALM069,55+,Prefer Not to Say,"Portland, OR",Fashion accessories,105,5/15/23,Credit card,4
6741,WALM082,18-24,Male,"Manchester, NH",Home and lifestyle,198,7/24/22,Credit card,3
6742,WALM025,35-44,Male,"Jackson, MS",Fashion accessories,104,10/27/20,Credit card,3
6743,WALM069,35-44,Male,"Detroit, MI",Home and lifestyle,114,5/24/22,Credit card,4
6744,WALM055,25-34,Prefer Not to Say,"Milwaukee, WI",Fashion accessories,63,6/9/19,Credit card,7
6745,WALM099,55+,Prefer Not to Say,"Atlanta, GA",Home and lifestyle,153,9/5/20,Credit card,3
6746,WALM074,18-24,Female,"Denver, CO",Fashion accessories,15,5/10/19,Credit card,7
6747,WALM050,25-34,Female,"Cheyenne, WY",Home and lifestyle,135,4/24/20,Ewallet,4
6748,WALM084,25-34,Female,"Columbus, OH",Fashion accessories,43,7/29/22,Credit card,3
6749,WALM099,45-54,Non-Binary,"Sioux Falls, SD",Home and lifestyle,66,12/25/23,Credit card,4
6750,WALM082,55+,Female,"New York City, NY",Fashion accessories,166,2/2/22,Credit card,4
6751,WALM086,18-24,Non-Binary,"Providence, RI",Home and lifestyle,88,7/19/22,Credit card,4
6752,WALM055,18-24,Non-Binary,"Phoenix, AZ",Fashion accessories,25,4/11/19,Credit card,6
6753,WALM099,25-34,Male,"Los Angeles, CA",Home and lifestyle,246,7/16/23,Credit card,4
6754,WALM058,25-34,Female,"Omaha, NE",Fashion accessories,78,1/2/19,Credit card,6
6755,WALM035,35-44,Non-Binary,"Minneapolis, MN",Home and lifestyle,159,10/23/23,Credit card,7
6756,WALM030,45-54,Female,"Seattle, WA",Fashion accessories,76,5/21/23,Credit card,4
6757,WALM074,45-54,Female,"Fargo, ND",Home and lifestyle,65,4/8/19,Credit card,5
6758,WALM035,35-44,Prefer Not to Say,"Newark, NJ",Fashion accessories,36,7/31/23,Credit card,6
6759,WALM009,25-34,Prefer Not to Say,"Charleston, SC",Home and lifestyle,240,12/30/23,Credit card,4
6760,WALM054,25-34,Non-Binary,"Charleston, SC",Fashion accessories,96,10/9/21,Credit card,3
6761,WALM073,35-44,Male,"Newark, NJ",Home and lifestyle,146,11/29/23,Credit card,7
6762,WALM069,55+,Male,"Boise, ID",Fashion accessories,174,10/18/23,Credit card,6
6763,WALM084,35-44,Prefer Not to Say,"Phoenix, AZ",Home and lifestyle,51,4/26/21,Credit card,3
6764,WALM055,35-44,Prefer Not to Say,"Burlington, VT",Fashion accessories,60,1/12/23,Credit card,5
6765,WALM046,45-54,Prefer Not to Say,"Boise, ID",Home and lifestyle,165,2/19/22,Credit card,5
6766,WALM029,55+,Female,"Orlando, FL",Fashion accessories,69,8/25/20,Credit card,4
6767,WALM058,18-24,Non-Binary,"Baltimore, MD",Home and lifestyle,192,4/27/20,Credit card,5
6768,WALM074,25-34,Female,"Hartford, CT",Fashion accessories,132,3/28/22,Credit card,7
6769,WALM073,35-44,Female,"Milwaukee, WI",Home and lifestyle,67,4/5/20,Credit card,6
6770,WALM084,25-34,Female,"Los Angeles, CA",Fashion accessories,189,5/6/22,Credit card,6
6771,WALM038,18-24,Male,"Denver, CO",Home and lifestyle,112,2/12/20,Credit card,7
6772,WALM032,35-44,Non-Binary,"Birmingham, AL",Fashion accessories,24,8/23/20,Credit card,4
6773,WALM029,18-24,Non-Binary,"Las Vegas, NV",Home and lifestyle,47,3/6/23,Credit card,6
6774,WALM058,25-34,Female,"Jackson, MS",Fashion accessories,70,1/14/23,Credit card,6
6775,WALM087,18-24,Male,"Burlington, VT",Home and lifestyle,228,5/14/20,Credit card,5
6776,WALM046,25-34,Non-Binary,"Albuquerque, NM",Fashion accessories,216,4/2/19,Credit card,6
6777,WALM087,55+,Male,"Birmingham, AL",Home and lifestyle,40,6/25/20,Credit card,5
6778,WALM084,18-24,Non-Binary,"Boston, MA",Fashion accessories,46,8/14/23,Credit card,3
6779,WALM032,25-34,Female,"Phoenix, AZ",Home and lifestyle,246,9/1/23,Credit card,7
6780,WALM055,45-54,Prefer Not to Say,"Des Moines, IA",Fashion accessories,56,5/9/21,Credit card,5
6781,WALM055,55+,Non-Binary,"Fargo, ND",Home and lifestyle,30,11/27/20,Credit card,5
6782,WALM087,25-34,Male,"Milwaukee, WI",Fashion accessories,32,12/23/23,Credit card,5
6783,WALM025,18-24,Male,"St. Louis, MO",Home and lifestyle,16,12/19/21,Credit card,6
6784,WALM065,25-34,Female,"Birmingham, AL",Fashion accessories,68,3/7/19,Credit card,4
6785,WALM084,25-34,Female,"Providence, RI",Home and lifestyle,132,3/28/21,Credit card,4
6786,WALM003,25-34,Prefer Not to Say,"Billings, MT",Fashion accessories,114,7/12/20,Credit card,4
6787,WALM069,35-44,Female,"Phoenix, AZ",Home and lifestyle,105,3/7/22,Credit card,4
6788,WALM089,55+,Non-Binary,"Boston, MA",Fashion accessories,64,3/26/20,Credit card,3
6789,WALM046,25-34,Prefer Not to Say,"Boston, MA",Home and lifestyle,78,2/8/20,Credit card,3
6790,WALM058,25-34,Female,"Burlington, VT",Fashion accessories,66,1/30/21,Credit card,5
6791,WALM032,25-34,Male,"Cheyenne, WY",Home and lifestyle,132,12/1/21,Credit card,6
6792,WALM035,18-24,Male,"Fargo, ND",Fashion accessories,49,6/24/23,Credit card,6
6793,WALM003,18-24,Female,"Orlando, FL",Home and lifestyle,86,3/24/20,Credit card,4
6794,WALM089,45-54,Non-Binary,"Boston, MA",Fashion accessories,78,4/28/23,Credit card,4
6795,WALM009,25-34,Non-Binary,"Providence, RI",Home and lifestyle,75,3/20/21,Credit card,3
6796,WALM089,45-54,Non-Binary,"Los Angeles, CA",Fashion accessories,156,11/19/19,Credit card,7
6797,WALM003,35-44,Non-Binary,"Atlanta, GA",Home and lifestyle,44,5/16/23,Credit card,3
6798,WALM086,55+,Female,"Denver, CO",Fashion accessories,51,1/24/19,Credit card,3
6799,WALM084,45-54,Male,"Columbus, OH",Home and lifestyle,35,6/30/19,Credit card,7
6800,WALM087,25-34,Non-Binary,"Indianapolis, IN",Fashion accessories,45,6/3/19,Credit card,3
6801,WALM082,55+,Prefer Not to Say,"Minneapolis, MN",Home and lifestyle,87,5/5/21,Credit card,5
6802,WALM086,18-24,Non-Binary,"Las Vegas, NV",Fashion accessories,40,9/17/20,Credit card,6
6803,WALM069,18-24,Prefer Not to Say,"Jackson, MS",Home and lifestyle,76,5/18/23,Credit card,4
6804,WALM055,45-54,Male,"Cheyenne, WY",Fashion accessories,126,2/27/23,Credit card,5
6805,WALM056,45-54,Male,"Los Angeles, CA",Home and lifestyle,78,12/27/21,Credit card,3
6806,WALM038,35-44,Non-Binary,"Birmingham, AL",Fashion accessories,84,1/25/22,Credit card,3
6807,WALM086,55+,Female,"Billings, MT",Home and lifestyle,23,12/17/21,Credit card,3
6808,WALM046,35-44,Prefer Not to Say,"Manchester, NH",Fashion accessories,50,9/25/21,Credit card,3
6809,WALM089,35-44,Non-Binary,"Burlington, VT",Home and lifestyle,156,2/12/23,Credit card,5
6810,WALM009,25-34,Female,"Las Vegas, NV",Fashion accessories,73,9/12/20,Credit card,7
6811,WALM050,55+,Non-Binary,"Albuquerque, NM",Home and lifestyle,183,9/18/19,Ewallet,6
6812,WALM065,25-34,Non-Binary,"Nashville, TN",Fashion accessories,34,8/22/20,Credit card,5
6813,WALM056,35-44,Female,"Sioux Falls, SD",Home and lifestyle,222,10/22/21,Credit card,5
6814,WALM074,18-24,Prefer Not to Say,"Portland, OR",Fashion accessories,18,8/21/21,Credit card,3
6815,WALM035,55+,Non-Binary,"Sioux Falls, SD",Home and lifestyle,30,5/7/19,Credit card,7
6816,WALM075,35-44,Female,"New Orleans, LA",Fashion accessories,63,12/27/22,Credit card,3
6817,WALM032,25-34,Male,"Portland, OR",Home and lifestyle,93,12/5/23,Credit card,3
6818,WALM087,18-24,Female,"New Orleans, LA",Fashion accessories,72,11/10/22,Credit card,3
6819,WALM003,55+,Male,"Seattle, WA",Home and lifestyle,201,11/14/19,Credit card,3
6820,WALM032,55+,Female,"Albuquerque, NM",Fashion accessories,120,5/19/22,Credit card,6
6821,WALM025,18-24,Female,"Louisville, KY",Home and lifestyle,118,5/8/19,Credit card,3
6822,WALM087,35-44,Female,"Phoenix, AZ",Fashion accessories,40,11/2/23,Credit card,5
6823,WALM058,45-54,Non-Binary,"New Orleans, LA",Home and lifestyle,122,8/27/22,Credit card,5
6824,WALM086,18-24,Female,"Seattle, WA",Fashion accessories,20,12/12/19,Credit card,5
6825,WALM073,18-24,Non-Binary,"Omaha, NE",Home and lifestyle,189,3/6/22,Credit card,7
6826,WALM035,25-34,Prefer Not to Say,"Oklahoma City, OK",Fashion accessories,54,8/26/22,Credit card,3
6827,WALM073,25-34,Non-Binary,"Phoenix, AZ",Home and lifestyle,198,7/9/23,Credit card,5
6828,WALM069,45-54,Prefer Not to Say,"New Orleans, LA",Fashion accessories,46,10/6/19,Credit card,6
6829,WALM084,35-44,Non-Binary,"Burlington, VT",Home and lifestyle,30,4/27/22,Credit card,5
6830,WALM099,55+,Prefer Not to Say,"Birmingham, AL",Fashion accessories,130,5/5/23,Credit card,5
6831,WALM032,25-34,Non-Binary,"Charleston, SC",Home and lifestyle,56,5/27/23,Credit card,5
6832,WALM055,55+,Female,"Indianapolis, IN",Fashion accessories,213,1/8/22,Credit card,3
6833,WALM046,35-44,Non-Binary,"Phoenix, AZ",Home and lifestyle,75,2/11/22,Credit card,7
6834,WALM046,45-54,Male,"Wichita, KS",Fashion accessories,111,6/21/20,Credit card,6
6835,WALM074,25-34,Prefer Not to Say,"Seattle, WA",Home and lifestyle,80,4/16/23,Credit card,4
6836,WALM073,25-34,Female,"Newark, NJ",Fashion accessories,99,8/19/20,Credit card,6
6837,WALM086,35-44,Non-Binary,"Little Rock, AR",Home and lifestyle,177,10/14/22,Credit card,6
6838,WALM065,45-54,Male,"Cheyenne, WY",Fashion accessories,147,4/27/22,Credit card,7
6839,WALM054,45-54,Female,"Jackson, MS",Home and lifestyle,110,11/8/20,Credit card,6
6840,WALM087,45-54,Prefer Not to Say,"Las Vegas, NV",Fashion accessories,192,5/12/19,Credit card,5
6841,WALM030,55+,Non-Binary,"Des Moines, IA",Home and lifestyle,150,11/16/23,Credit card,5
6842,WALM009,25-34,Prefer Not to Say,"Detroit, MI",Fashion accessories,30,9/30/23,Credit card,6
6843,WALM029,45-54,Male,"Phoenix, AZ",Home and lifestyle,162,2/4/20,Credit card,7
6844,WALM099,25-34,Female,"Cheyenne, WY",Fashion accessories,45,8/19/21,Credit card,7
6845,WALM035,35-44,Male,"Philadelphia, PA",Home and lifestyle,77,7/23/19,Credit card,5
6846,WALM046,25-34,Non-Binary,"Denver, CO",Fashion accessories,106,6/23/21,Credit card,7
6847,WALM029,55+,Female,"Houston, TX",Home and lifestyle,62,4/16/21,Credit card,7
6848,WALM084,35-44,Non-Binary,"Wichita, KS",Fashion accessories,59,2/27/23,Credit card,4
6849,WALM055,25-34,Non-Binary,"Sioux Falls, SD",Home and lifestyle,45,1/29/23,Credit card,3
6850,WALM003,25-34,Female,"Philadelphia, PA",Fashion accessories,81,7/22/22,Credit card,5
6851,WALM055,35-44,Prefer Not to Say,"Portland, OR",Home and lifestyle,44,9/15/20,Credit card,7
6852,WALM035,25-34,Prefer Not to Say,"Phoenix, AZ",Fashion accessories,237,3/2/22,Credit card,5
6853,WALM035,55+,Non-Binary,"Albuquerque, NM",Home and lifestyle,124,8/1/19,Credit card,3
6854,WALM084,25-34,Female,"Anchorage, AK",Fashion accessories,142,9/12/19,Credit card,7
6855,WALM087,45-54,Non-Binary,"Philadelphia, PA",Home and lifestyle,228,12/26/22,Credit card,6
6856,WALM038,18-24,Female,"Little Rock, AR",Fashion accessories,158,9/21/21,Credit card,7
6857,WALM025,25-34,Non-Binary,"Atlanta, GA",Home and lifestyle,231,12/4/19,Credit card,7
6858,WALM073,25-34,Male,"Seattle, WA",Fashion accessories,54,2/28/22,Credit card,7
6859,WALM032,45-54,Prefer Not to Say,"Wilmington, DE",Home and lifestyle,32,5/2/19,Credit card,6
6860,WALM046,18-24,Non-Binary,"Columbus, OH",Fashion accessories,255,12/24/23,Credit card,4
6861,WALM075,35-44,Prefer Not to Say,"Atlanta, GA",Home and lifestyle,24,11/13/20,Credit card,7
6862,WALM038,45-54,Female,"Houston, TX",Fashion accessories,56,7/14/20,Credit card,3
6863,WALM025,25-34,Male,"Charlotte, NC",Home and lifestyle,48,3/22/20,Credit card,5
6864,WALM058,45-54,Prefer Not to Say,"Wichita, KS",Fashion accessories,78,6/30/19,Credit card,3
6865,WALM038,25-34,Male,"Orlando, FL",Home and lifestyle,23,8/23/21,Credit card,5
6866,WALM009,35-44,Prefer Not to Say,"New York City, NY",Fashion accessories,31,9/24/21,Credit card,4
6867,WALM055,35-44,Prefer Not to Say,"Providence, RI",Home and lifestyle,38,7/28/23,Credit card,3
6868,WALM058,25-34,Prefer Not to Say,"Burlington, VT",Fashion accessories,72,8/8/19,Credit card,7
6869,WALM058,45-54,Prefer Not to Say,"Charleston, SC",Home and lifestyle,106,2/12/20,Credit card,5
6870,WALM075,35-44,Male,"Columbus, OH",Fashion accessories,39,7/13/19,Credit card,4
6871,WALM030,45-54,Non-Binary,"Birmingham, AL",Home and lifestyle,110,7/2/19,Credit card,6
6872,WALM046,35-44,Prefer Not to Say,"Boise, ID",Fashion accessories,51,3/14/19,Credit card,3
6873,WALM025,45-54,Non-Binary,"Boise, ID",Home and lifestyle,27,7/30/21,Credit card,3
6874,WALM074,55+,Male,"Los Angeles, CA",Fashion accessories,94,2/25/22,Credit card,4
6875,WALM035,35-44,Prefer Not to Say,"New Orleans, LA",Home and lifestyle,82,2/6/19,Credit card,4
6876,WALM038,35-44,Male,"Phoenix, AZ",Fashion accessories,177,2/9/23,Credit card,3
6877,WALM056,45-54,Male,"Seattle, WA",Home and lifestyle,78,12/12/20,Credit card,6
6878,WALM058,25-34,Non-Binary,"Boise, ID",Fashion accessories,90,12/19/23,Credit card,7
6879,WALM029,25-34,Non-Binary,"Houston, TX",Home and lifestyle,100,11/28/21,Credit card,5
6880,WALM055,25-34,Male,"Jackson, MS",Fashion accessories,94,7/11/20,Credit card,5
6881,WALM086,45-54,Non-Binary,"Newark, NJ",Home and lifestyle,49,7/11/22,Credit card,6
6882,WALM084,25-34,Female,"Columbus, OH",Fashion accessories,96,7/17/21,Credit card,5
6883,WALM074,55+,Female,"Milwaukee, WI",Home and lifestyle,48,9/2/22,Credit card,6
6884,WALM030,25-34,Non-Binary,"Indianapolis, IN",Fashion accessories,64,12/26/20,Credit card,5
6885,WALM030,45-54,Prefer Not to Say,"Charleston, WV",Home and lifestyle,126,6/14/21,Credit card,5
6886,WALM032,25-34,Prefer Not to Say,"New York City, NY",Fashion accessories,76,7/25/20,Credit card,7
6887,WALM074,35-44,Female,"Boston, MA",Home and lifestyle,117,10/17/19,Credit card,7
6888,WALM082,45-54,Male,"Burlington, VT",Fashion accessories,55,8/31/23,Credit card,5
6889,WALM035,18-24,Non-Binary,"Salt Lake City, UT",Home and lifestyle,213,11/7/20,Credit card,6
6890,WALM082,35-44,Prefer Not to Say,"Little Rock, AR",Fashion accessories,114,9/29/21,Credit card,5
6891,WALM056,18-24,Non-Binary,"Phoenix, AZ",Home and lifestyle,63,8/16/19,Credit card,4
6892,WALM046,18-24,Male,"Charlotte, NC",Fashion accessories,47,11/12/23,Credit card,6
6893,WALM009,18-24,Female,"Manchester, NH",Home and lifestyle,66,7/20/20,Credit card,6
6894,WALM054,18-24,Female,"Burlington, VT",Fashion accessories,219,1/8/22,Credit card,7
6895,WALM082,55+,Female,"Boise, ID",Home and lifestyle,29,7/6/19,Credit card,6
6896,WALM089,25-34,Non-Binary,"Fargo, ND",Fashion accessories,132,1/23/22,Credit card,7
6897,WALM009,25-34,Non-Binary,"Charleston, SC",Home and lifestyle,60,9/23/23,Credit card,6
6898,WALM075,25-34,Prefer Not to Say,"Denver, CO",Fashion accessories,64,9/24/21,Credit card,6
6899,WALM058,18-24,Female,"Albuquerque, NM",Home and lifestyle,156,2/4/23,Credit card,3
6900,WALM030,35-44,Prefer Not to Say,"Oklahoma City, OK",Fashion accessories,96,4/2/23,Credit card,3
6901,WALM082,35-44,Non-Binary,"Detroit, MI",Home and lifestyle,22,1/31/21,Credit card,4
6902,WALM069,25-34,Non-Binary,"Oklahoma City, OK",Fashion accessories,36,10/18/22,Credit card,3
6903,WALM003,25-34,Non-Binary,"Boise, ID",Home and lifestyle,116,12/15/21,Credit card,4
6904,WALM087,18-24,Male,"Cheyenne, WY",Fashion accessories,26,8/29/20,Credit card,6
6905,WALM084,45-54,Female,"Charlotte, NC",Home and lifestyle,237,2/13/22,Credit card,4
6906,WALM030,25-34,Non-Binary,"Providence, RI",Fashion accessories,58,12/24/21,Credit card,5
6907,WALM065,18-24,Prefer Not to Say,"Detroit, MI",Home and lifestyle,66,4/3/20,Credit card,6
6908,WALM050,18-24,Male,"St. Louis, MO",Fashion accessories,51,7/4/19,Ewallet,5
6909,WALM082,55+,Non-Binary,"Honolulu, HI",Home and lifestyle,240,5/27/23,Credit card,7
6910,WALM009,35-44,Non-Binary,"New Orleans, LA",Fashion accessories,84,5/28/22,Credit card,3
6911,WALM029,55+,Male,"Newark, NJ",Home and lifestyle,63,3/6/21,Credit card,6
6912,WALM058,35-44,Female,"Newark, NJ",Fashion accessories,207,9/14/23,Credit card,6
6913,WALM035,55+,Prefer Not to Say,"Albuquerque, NM",Home and lifestyle,171,4/9/20,Credit card,3
6914,WALM054,55+,Male,"Atlanta, GA",Fashion accessories,213,2/14/23,Credit card,6
6915,WALM099,55+,Non-Binary,"Des Moines, IA",Home and lifestyle,21,12/20/20,Credit card,7
6916,WALM084,25-34,Non-Binary,"New York City, NY",Fashion accessories,252,4/6/19,Credit card,7
6917,WALM073,55+,Prefer Not to Say,"New York City, NY",Home and lifestyle,36,5/5/23,Credit card,3
6918,WALM069,45-54,Prefer Not to Say,"Burlington, VT",Fashion accessories,16,7/24/21,Credit card,5
6919,WALM058,55+,Non-Binary,"Minneapolis, MN",Home and lifestyle,94,1/8/20,Credit card,5
6920,WALM065,55+,Male,"Boise, ID",Fashion accessories,52,1/21/21,Credit card,6
6921,WALM038,55+,Female,"Anchorage, AK",Home and lifestyle,19,11/19/22,Credit card,3
6922,WALM025,55+,Male,"Albuquerque, NM",Fashion accessories,34,5/28/20,Credit card,3
6923,WALM089,35-44,Male,"Orlando, FL",Home and lifestyle,117,12/27/20,Credit card,5
6924,WALM025,55+,Male,"Las Vegas, NV",Fashion accessories,78,12/14/20,Credit card,3
6925,WALM082,18-24,Male,"Philadelphia, PA",Home and lifestyle,156,5/16/20,Credit card,5
6926,WALM086,45-54,Non-Binary,"Nashville, TN",Fashion accessories,68,10/16/22,Credit card,6
6927,WALM003,55+,Prefer Not to Say,"Virginia Beach, VA",Home and lifestyle,49,5/30/19,Credit card,3
6928,WALM055,18-24,Non-Binary,"Seattle, WA",Fashion accessories,76,1/28/20,Credit card,3
6929,WALM058,55+,Prefer Not to Say,"Minneapolis, MN",Home and lifestyle,54,10/2/23,Credit card,6
6930,WALM058,18-24,Female,"Los Angeles, CA",Fashion accessories,154,11/4/23,Credit card,7
6931,WALM084,55+,Female,"Detroit, MI",Home and lifestyle,88,7/8/19,Credit card,4
6932,WALM032,55+,Male,"Honolulu, HI",Fashion accessories,165,9/30/22,Credit card,4
6933,WALM065,45-54,Female,"Charleston, SC",Home and lifestyle,136,4/9/20,Credit card,4
6934,WALM030,35-44,Prefer Not to Say,"Charleston, SC",Fashion accessories,47,4/5/21,Credit card,4
6935,WALM074,35-44,Male,"Fargo, ND",Home and lifestyle,123,1/24/22,Credit card,7
6936,WALM087,18-24,Female,"Orlando, FL",Fashion accessories,43,9/22/22,Credit card,6
6937,WALM009,25-34,Prefer Not to Say,"Orlando, FL",Home and lifestyle,100,4/8/22,Credit card,4
6938,WALM054,35-44,Prefer Not to Say,"Sioux Falls, SD",Fashion accessories,84,3/5/22,Credit card,4
6939,WALM099,55+,Prefer Not to Say,"Columbus, OH",Home and lifestyle,76,2/2/20,Credit card,7
6940,WALM058,55+,Prefer Not to Say,"Nashville, TN",Fashion accessories,243,2/25/21,Credit card,3
6941,WALM099,18-24,Non-Binary,"Charlotte, NC",Home and lifestyle,94,5/16/19,Credit card,3
6942,WALM087,45-54,Non-Binary,"Wilmington, DE",Fashion accessories,243,6/24/22,Credit card,5
6943,WALM054,55+,Male,"Birmingham, AL",Home and lifestyle,75,7/28/20,Credit card,4
6944,WALM030,18-24,Female,"Milwaukee, WI",Fashion accessories,164,6/20/19,Credit card,3
6945,WALM003,25-34,Male,"Charleston, WV",Home and lifestyle,69,1/15/20,Credit card,6
6946,WALM038,55+,Non-Binary,"Salt Lake City, UT",Fashion accessories,114,6/29/19,Credit card,6
6947,WALM073,45-54,Prefer Not to Say,"Boston, MA",Home and lifestyle,136,4/8/20,Credit card,6
6948,WALM056,55+,Prefer Not to Say,"Fargo, ND",Fashion accessories,142,7/23/20,Credit card,4
6949,WALM075,55+,Prefer Not to Say,"St. Louis, MO",Home and lifestyle,58,4/11/21,Credit card,3
6950,WALM035,25-34,Prefer Not to Say,"Indianapolis, IN",Fashion accessories,140,12/27/20,Credit card,4
6951,WALM082,45-54,Female,"Philadelphia, PA",Home and lifestyle,189,1/9/23,Credit card,4
6952,WALM055,35-44,Non-Binary,"Sioux Falls, SD",Fashion accessories,42,4/19/21,Credit card,4
6953,WALM087,35-44,Female,"Detroit, MI",Home and lifestyle,29,10/16/20,Credit card,4
6954,WALM074,35-44,Non-Binary,"Fargo, ND",Fashion accessories,66,12/18/23,Credit card,6
6955,WALM099,18-24,Female,"Los Angeles, CA",Home and lifestyle,116,3/23/23,Credit card,5
6956,WALM089,45-54,Male,"Detroit, MI",Fashion accessories,156,11/22/19,Credit card,4
6957,WALM099,45-54,Female,"Cheyenne, WY",Home and lifestyle,26,6/8/22,Credit card,6
6958,WALM025,35-44,Female,"Chicago, IL",Fashion accessories,68,8/19/20,Credit card,3
6959,WALM029,18-24,Prefer Not to Say,"Houston, TX",Home and lifestyle,64,2/27/19,Credit card,7
6960,WALM074,45-54,Male,"Wilmington, DE",Fashion accessories,186,6/7/21,Credit card,3
6961,WALM046,35-44,Prefer Not to Say,"Fargo, ND",Home and lifestyle,140,7/13/22,Credit card,3
6962,WALM089,35-44,Female,"Charleston, SC",Fashion accessories,189,12/12/19,Credit card,4
6963,WALM082,45-54,Male,"Atlanta, GA",Home and lifestyle,39,3/8/19,Credit card,6
6964,WALM082,45-54,Female,"Indianapolis, IN",Fashion accessories,62,7/24/20,Credit card,5
6965,WALM056,55+,Male,"Des Moines, IA",Home and lifestyle,33,1/5/20,Credit card,7
6966,WALM003,25-34,Female,"Honolulu, HI",Fashion accessories,63,1/8/23,Credit card,3
6967,WALM050,55+,Prefer Not to Say,"Los Angeles, CA",Home and lifestyle,63,12/10/20,Ewallet,5
6968,WALM058,45-54,Non-Binary,"Indianapolis, IN",Fashion accessories,53,11/30/20,Credit card,4
6969,WALM009,35-44,Male,"Atlanta, GA",Home and lifestyle,50,6/16/23,Credit card,3
6970,WALM056,18-24,Prefer Not to Say,"Philadelphia, PA",Fashion accessories,120,1/15/19,Credit card,3
6971,WALM009,55+,Non-Binary,"Seattle, WA",Home and lifestyle,255,10/30/20,Credit card,4
6972,WALM055,25-34,Female,"Orlando, FL",Fashion accessories,38,1/24/19,Credit card,3
6973,WALM046,35-44,Male,"Charlotte, NC",Home and lifestyle,69,8/16/20,Credit card,6
6974,WALM003,45-54,Male,"Anchorage, AK",Fashion accessories,198,8/29/22,Credit card,3
6975,WALM029,18-24,Male,"Charlotte, NC",Home and lifestyle,39,9/16/23,Credit card,4
6976,WALM055,18-24,Male,"Seattle, WA",Fashion accessories,28,3/13/21,Credit card,4
6977,WALM074,25-34,Male,"Birmingham, AL",Home and lifestyle,114,7/17/21,Credit card,4
6978,WALM029,35-44,Prefer Not to Say,"Charlotte, NC",Fashion accessories,183,12/9/20,Credit card,5
6979,WALM003,18-24,Prefer Not to Say,"Boise, ID",Home and lifestyle,201,4/17/20,Credit card,7
6980,WALM035,18-24,Prefer Not to Say,"Newark, NJ",Fashion accessories,68,7/6/22,Credit card,6
6981,WALM087,55+,Male,"Columbus, OH",Home and lifestyle,16,10/19/22,Credit card,6
6982,WALM082,55+,Prefer Not to Say,"Houston, TX",Fashion accessories,68,3/19/22,Credit card,6
6983,WALM054,18-24,Non-Binary,"Newark, NJ",Home and lifestyle,118,1/29/21,Credit card,3
6984,WALM055,35-44,Non-Binary,"Orlando, FL",Fashion accessories,47,10/2/20,Credit card,5
6985,WALM087,55+,Prefer Not to Say,"Burlington, VT",Home and lifestyle,44,3/1/20,Credit card,3
6986,WALM089,55+,Non-Binary,"Indianapolis, IN",Fashion accessories,60,3/6/21,Credit card,7
6987,WALM075,45-54,Prefer Not to Say,"Baltimore, MD",Home and lifestyle,88,9/23/22,Credit card,5
6988,WALM030,25-34,Prefer Not to Say,"Billings, MT",Fashion accessories,28,1/17/22,Credit card,6
6989,WALM075,45-54,Prefer Not to Say,"Atlanta, GA",Home and lifestyle,72,3/22/22,Credit card,4
6990,WALM056,25-34,Non-Binary,"St. Louis, MO",Fashion accessories,64,2/2/22,Credit card,4
6991,WALM074,35-44,Non-Binary,"Billings, MT",Home and lifestyle,70,7/30/23,Credit card,7
6992,WALM073,25-34,Male,"Sioux Falls, SD",Fashion accessories,36,4/23/23,Credit card,4
6993,WALM082,45-54,Male,"Oklahoma City, OK",Home and lifestyle,168,6/28/19,Credit card,5
6994,WALM046,45-54,Non-Binary,"Virginia Beach, VA",Fashion accessories,46,3/22/21,Credit card,3
6995,WALM089,45-54,Female,"Boston, MA",Home and lifestyle,177,1/13/19,Credit card,4
6996,WALM082,25-34,Female,"Nashville, TN",Fashion accessories,249,11/1/19,Credit card,6
6997,WALM065,45-54,Female,"Providence, RI",Home and lifestyle,148,1/18/22,Credit card,5
6998,WALM075,25-34,Prefer Not to Say,"Minneapolis, MN",Fashion accessories,243,4/9/21,Credit card,3
6999,WALM038,18-24,Non-Binary,"Newark, NJ",Home and lifestyle,136,3/14/22,Credit card,4
7000,WALM054,18-24,Female,"Louisville, KY",Fashion accessories,43,9/2/23,Credit card,5
7001,WALM065,35-44,Female,"Jackson, MS",Home and lifestyle,213,7/29/19,Credit card,4
7002,WALM065,45-54,Female,"Boise, ID",Fashion accessories,108,12/9/19,Credit card,7
7003,WALM035,55+,Male,"Honolulu, HI",Home and lifestyle,66,1/1/21,Credit card,5
7004,WALM074,18-24,Non-Binary,"Omaha, NE",Fashion accessories,124,3/27/23,Credit card,6
7005,WALM046,18-24,Prefer Not to Say,"Phoenix, AZ",Home and lifestyle,52,5/29/23,Credit card,6
7006,WALM087,35-44,Prefer Not to Say,"Billings, MT",Fashion accessories,16,5/16/20,Credit card,3
7007,WALM082,45-54,Prefer Not to Say,"Houston, TX",Home and lifestyle,42,11/5/22,Credit card,4
7008,WALM038,25-34,Prefer Not to Say,"Boston, MA",Fashion accessories,57,12/20/23,Credit card,4
7009,WALM058,18-24,Non-Binary,"Charleston, SC",Home and lifestyle,81,12/14/22,Credit card,6
7010,WALM074,35-44,Non-Binary,"Manchester, NH",Fashion accessories,42,1/6/23,Credit card,4
7011,WALM075,18-24,Prefer Not to Say,"Louisville, KY",Home and lifestyle,72,2/1/22,Credit card,3
7012,WALM084,45-54,Male,"Honolulu, HI",Fashion accessories,144,7/31/22,Credit card,4
7013,WALM058,55+,Female,"Burlington, VT",Home and lifestyle,31,5/23/20,Credit card,6
7014,WALM054,45-54,Non-Binary,"Burlington, VT",Fashion accessories,27,11/27/19,Credit card,3
7015,WALM073,55+,Prefer Not to Say,"Des Moines, IA",Home and lifestyle,138,8/24/19,Credit card,4
7016,WALM087,55+,Male,"Providence, RI",Fashion accessories,51,8/8/23,Credit card,3
7017,WALM046,18-24,Prefer Not to Say,"Phoenix, AZ",Home and lifestyle,52,7/4/19,Credit card,6
7018,WALM069,18-24,Non-Binary,"Charlotte, NC",Fashion accessories,126,12/22/20,Credit card,5
7019,WALM069,35-44,Male,"Wilmington, DE",Home and lifestyle,42,10/30/23,Credit card,4
7020,WALM056,18-24,Non-Binary,"Wichita, KS",Fashion accessories,135,1/12/19,Credit card,7
7021,WALM087,45-54,Female,"Denver, CO",Home and lifestyle,255,9/15/22,Credit card,6
7022,WALM086,25-34,Female,"Providence, RI",Fashion accessories,138,6/19/19,Credit card,5
7023,WALM069,18-24,Male,"Chicago, IL",Home and lifestyle,69,8/15/19,Credit card,4
7024,WALM074,55+,Non-Binary,"Indianapolis, IN",Fashion accessories,80,4/6/21,Credit card,4
7025,WALM058,35-44,Prefer Not to Say,"Portland, ME",Home and lifestyle,73,7/18/19,Credit card,3
7026,WALM029,35-44,Male,"Wilmington, DE",Fashion accessories,35,9/29/22,Credit card,3
7027,WALM046,45-54,Non-Binary,"Burlington, VT",Home and lifestyle,207,11/1/20,Credit card,5
7028,WALM055,25-34,Male,"Manchester, NH",Fashion accessories,32,8/31/20,Credit card,4
7029,WALM082,45-54,Female,"Fargo, ND",Home and lifestyle,231,12/17/20,Credit card,3
7030,WALM058,18-24,Female,"Newark, NJ",Fashion accessories,52,1/2/21,Credit card,3
7031,WALM032,18-24,Prefer Not to Say,"Denver, CO",Home and lifestyle,240,11/10/19,Credit card,7
7032,WALM058,25-34,Prefer Not to Say,"Charleston, WV",Fashion accessories,132,4/16/23,Credit card,7
7033,WALM084,45-54,Male,"Milwaukee, WI",Home and lifestyle,177,10/5/19,Credit card,5
7034,WALM058,55+,Male,"Seattle, WA",Fashion accessories,35,11/26/23,Credit card,6
7035,WALM074,45-54,Female,"Oklahoma City, OK",Home and lifestyle,162,11/28/23,Credit card,3
7036,WALM054,35-44,Prefer Not to Say,"Newark, NJ",Fashion accessories,92,11/7/22,Credit card,7
7037,WALM055,35-44,Male,"Virginia Beach, VA",Home and lifestyle,48,12/30/22,Credit card,6
7038,WALM029,45-54,Non-Binary,"Indianapolis, IN",Fashion accessories,110,11/22/21,Credit card,7
7039,WALM073,35-44,Male,"Jackson, MS",Home and lifestyle,64,2/19/23,Credit card,3
7040,WALM046,55+,Non-Binary,"Salt Lake City, UT",Fashion accessories,216,5/18/23,Credit card,3
7041,WALM025,35-44,Male,"Portland, OR",Home and lifestyle,67,3/2/22,Credit card,3
7042,WALM054,35-44,Non-Binary,"Los Angeles, CA",Fashion accessories,70,8/8/22,Credit card,3
7043,WALM069,45-54,Female,"Hartford, CT",Home and lifestyle,21,4/8/20,Credit card,7
7044,WALM055,25-34,Prefer Not to Say,"Boise, ID",Fashion accessories,189,12/8/21,Credit card,3
7045,WALM073,55+,Male,"Nashville, TN",Home and lifestyle,195,11/29/23,Credit card,3
7046,WALM058,55+,Non-Binary,"Charleston, WV",Fashion accessories,40,10/15/20,Credit card,5
7047,WALM074,55+,Non-Binary,"St. Louis, MO",Home and lifestyle,90,12/10/20,Credit card,6
7048,WALM055,18-24,Male,"Charleston, WV",Fashion accessories,88,10/1/22,Credit card,7
7049,WALM030,25-34,Non-Binary,"Orlando, FL",Home and lifestyle,126,6/18/23,Credit card,4
7050,WALM038,55+,Male,"Des Moines, IA",Fashion accessories,122,10/25/21,Credit card,7
7051,WALM086,45-54,Female,"Houston, TX",Home and lifestyle,24,11/7/21,Credit card,4
7052,WALM069,18-24,Male,"Baltimore, MD",Fashion accessories,98,10/24/22,Credit card,4
7053,WALM075,18-24,Male,"Salt Lake City, UT",Home and lifestyle,102,9/30/23,Credit card,5
7054,WALM075,25-34,Non-Binary,"Charleston, WV",Fashion accessories,34,1/29/20,Credit card,7
7055,WALM087,35-44,Female,"Seattle, WA",Home and lifestyle,148,6/25/23,Credit card,5
7056,WALM089,25-34,Non-Binary,"Milwaukee, WI",Fashion accessories,168,11/14/20,Credit card,4
7057,WALM058,35-44,Female,"Salt Lake City, UT",Home and lifestyle,50,7/3/20,Credit card,4
7058,WALM069,55+,Female,"Charlotte, NC",Fashion accessories,70,4/1/21,Credit card,7
7059,WALM087,45-54,Non-Binary,"Oklahoma City, OK",Home and lifestyle,128,3/3/20,Credit card,7
7060,WALM038,55+,Male,"Wilmington, DE",Fashion accessories,80,10/4/19,Credit card,3
7061,WALM029,35-44,Non-Binary,"Burlington, VT",Home and lifestyle,147,5/7/21,Credit card,5
7062,WALM038,55+,Female,"Boise, ID",Fashion accessories,150,5/28/23,Credit card,3
7063,WALM029,18-24,Prefer Not to Say,"Cheyenne, WY",Home and lifestyle,198,5/16/22,Credit card,6
7064,WALM089,35-44,Male,"Milwaukee, WI",Fashion accessories,38,4/9/21,Credit card,6
7065,WALM055,35-44,Non-Binary,"Honolulu, HI",Home and lifestyle,108,6/30/19,Credit card,3
7066,WALM082,35-44,Female,"Birmingham, AL",Fashion accessories,138,8/21/23,Credit card,7
7067,WALM074,55+,Prefer Not to Say,"Albuquerque, NM",Home and lifestyle,20,10/20/19,Credit card,6
7068,WALM065,35-44,Prefer Not to Say,"Chicago, IL",Fashion accessories,31,9/9/21,Credit card,3
7069,WALM073,18-24,Male,"Manchester, NH",Home and lifestyle,41,10/12/20,Credit card,4
7070,WALM086,55+,Male,"Manchester, NH",Fashion accessories,42,1/31/22,Credit card,3
7071,WALM035,35-44,Prefer Not to Say,"Portland, OR",Home and lifestyle,76,6/6/20,Credit card,3
7072,WALM075,55+,Non-Binary,"Des Moines, IA",Fashion accessories,68,7/12/23,Credit card,5
7073,WALM009,25-34,Female,"Louisville, KY",Home and lifestyle,72,6/3/19,Credit card,5
7074,WALM082,25-34,Male,"Houston, TX",Fashion accessories,52,3/13/22,Credit card,5
7075,WALM032,35-44,Male,"Providence, RI",Home and lifestyle,45,6/18/22,Credit card,3
7076,WALM055,18-24,Prefer Not to Say,"Detroit, MI",Fashion accessories,231,10/13/20,Credit card,6
7077,WALM099,35-44,Prefer Not to Say,"Billings, MT",Home and lifestyle,47,7/3/20,Credit card,6
7078,WALM099,45-54,Male,"Little Rock, AR",Fashion accessories,48,1/2/19,Credit card,3
7079,WALM074,18-24,Non-Binary,"Little Rock, AR",Home and lifestyle,54,3/26/23,Credit card,4
7080,WALM029,18-24,Male,"Providence, RI",Fashion accessories,50,2/26/21,Credit card,3
7081,WALM082,55+,Prefer Not to Say,"Detroit, MI",Home and lifestyle,114,12/4/21,Credit card,7
7082,WALM030,45-54,Male,"Milwaukee, WI",Fashion accessories,27,7/12/21,Credit card,7
7083,WALM099,18-24,Prefer Not to Say,"Seattle, WA",Home and lifestyle,138,11/24/20,Credit card,5
7084,WALM082,35-44,Female,"Seattle, WA",Fashion accessories,228,11/18/21,Credit card,6
7085,WALM003,45-54,Male,"Jackson, MS",Home and lifestyle,70,2/2/20,Credit card,7
7086,WALM029,55+,Female,"Sioux Falls, SD",Fashion accessories,142,10/23/23,Credit card,4
7087,WALM055,25-34,Non-Binary,"Burlington, VT",Home and lifestyle,132,8/18/23,Credit card,5
7088,WALM038,35-44,Female,"Boston, MA",Fashion accessories,228,1/24/20,Credit card,3
7089,WALM050,18-24,Female,"Omaha, NE",Home and lifestyle,63,6/5/20,Ewallet,7
7090,WALM046,18-24,Male,"Wilmington, DE",Fashion accessories,62,3/16/22,Credit card,5
7091,WALM082,35-44,Non-Binary,"Fargo, ND",Home and lifestyle,102,7/28/20,Credit card,6
7092,WALM075,45-54,Male,"Manchester, NH",Fashion accessories,210,9/26/21,Credit card,3
7093,WALM087,18-24,Prefer Not to Say,"Philadelphia, PA",Home and lifestyle,92,5/23/23,Credit card,3
7094,WALM003,18-24,Male,"Orlando, FL",Fashion accessories,160,7/23/23,Credit card,7
7095,WALM030,18-24,Female,"New Orleans, LA",Home and lifestyle,83,1/13/19,Credit card,7
7096,WALM046,18-24,Prefer Not to Say,"Boise, ID",Fashion accessories,75,9/2/22,Credit card,7
7097,WALM054,25-34,Female,"Oklahoma City, OK",Home and lifestyle,156,6/22/21,Credit card,3
7098,WALM009,25-34,Non-Binary,"Jackson, MS",Fashion accessories,192,12/17/20,Credit card,6
7099,WALM029,55+,Non-Binary,"Newark, NJ",Home and lifestyle,21,4/28/21,Credit card,5
7100,WALM030,18-24,Male,"Burlington, VT",Fashion accessories,58,1/30/23,Credit card,3
7101,WALM082,25-34,Non-Binary,"Phoenix, AZ",Home and lifestyle,112,7/26/22,Credit card,7
7102,WALM073,55+,Male,"Wichita, KS",Fashion accessories,79,7/8/21,Credit card,6
7103,WALM099,25-34,Female,"Omaha, NE",Home and lifestyle,180,9/24/23,Credit card,5
7104,WALM069,18-24,Male,"Jackson, MS",Fashion accessories,65,1/28/22,Credit card,3
7105,WALM009,55+,Prefer Not to Say,"Oklahoma City, OK",Home and lifestyle,106,8/1/22,Credit card,5
7106,WALM030,55+,Female,"Philadelphia, PA",Fashion accessories,40,1/4/23,Credit card,5
7107,WALM032,45-54,Non-Binary,"Phoenix, AZ",Home and lifestyle,180,5/23/21,Credit card,3
7108,WALM030,18-24,Non-Binary,"Oklahoma City, OK",Fashion accessories,63,12/9/23,Credit card,5
7109,WALM030,55+,Female,"Phoenix, AZ",Home and lifestyle,166,3/31/20,Credit card,6
7110,WALM035,45-54,Prefer Not to Say,"Indianapolis, IN",Fashion accessories,106,4/8/22,Credit card,3
7111,WALM084,55+,Male,"Atlanta, GA",Home and lifestyle,213,7/17/19,Credit card,7
7112,WALM009,18-24,Prefer Not to Say,"Boston, MA",Fashion accessories,23,4/4/20,Credit card,3
7113,WALM074,45-54,Non-Binary,"Birmingham, AL",Home and lifestyle,104,10/24/21,Credit card,6
7114,WALM056,45-54,Prefer Not to Say,"Boise, ID",Fashion accessories,71,6/12/19,Credit card,3
7115,WALM082,25-34,Prefer Not to Say,"Manchester, NH",Home and lifestyle,76,3/26/23,Credit card,5
7116,WALM082,55+,Non-Binary,"Milwaukee, WI",Fashion accessories,33,12/2/23,Credit card,4
7117,WALM099,55+,Male,"Manchester, NH",Home and lifestyle,58,6/11/23,Credit card,6
7118,WALM084,25-34,Female,"Wichita, KS",Fashion accessories,116,2/19/21,Credit card,3
7119,WALM058,55+,Female,"Baltimore, MD",Home and lifestyle,195,10/14/23,Credit card,5
7120,WALM074,25-34,Female,"Louisville, KY",Fashion accessories,132,11/29/22,Credit card,7
7121,WALM065,45-54,Prefer Not to Say,"Baltimore, MD",Home and lifestyle,25,2/9/19,Credit card,7
7122,WALM009,25-34,Male,"Orlando, FL",Fashion accessories,77,2/2/23,Credit card,3
7123,WALM073,35-44,Male,"Portland, OR",Home and lifestyle,55,7/18/23,Credit card,7
7124,WALM025,25-34,Non-Binary,"Indianapolis, IN",Fashion accessories,24,8/5/23,Credit card,3
7125,WALM056,45-54,Female,"Nashville, TN",Home and lifestyle,50,10/18/19,Credit card,6
7126,WALM054,45-54,Non-Binary,"Atlanta, GA",Fashion accessories,65,10/6/23,Credit card,5
7127,WALM099,55+,Non-Binary,"Wilmington, DE",Home and lifestyle,15,12/23/22,Credit card,7
7128,WALM046,25-34,Prefer Not to Say,"Birmingham, AL",Fashion accessories,255,2/9/23,Credit card,6
7129,WALM030,45-54,Prefer Not to Say,"Detroit, MI",Home and lifestyle,48,7/24/23,Credit card,7
7130,WALM055,55+,Male,"Columbus, OH",Fashion accessories,146,10/29/22,Credit card,4
7131,WALM029,45-54,Prefer Not to Say,"Burlington, VT",Home and lifestyle,207,6/3/21,Credit card,3
7132,WALM032,25-34,Male,"Billings, MT",Fashion accessories,92,7/12/23,Credit card,6
7133,WALM003,55+,Prefer Not to Say,"Atlanta, GA",Home and lifestyle,210,5/11/23,Credit card,7
7134,WALM054,35-44,Non-Binary,"Virginia Beach, VA",Fashion accessories,72,7/14/23,Credit card,3
7135,WALM046,45-54,Prefer Not to Say,"Charlotte, NC",Home and lifestyle,58,5/3/22,Credit card,5
7136,WALM075,18-24,Female,"Orlando, FL",Fashion accessories,60,8/24/23,Credit card,7
7137,WALM038,45-54,Non-Binary,"Los Angeles, CA",Home and lifestyle,118,3/16/23,Credit card,5
7138,WALM009,45-54,Prefer Not to Say,"Omaha, NE",Fashion accessories,207,3/23/20,Credit card,6
7139,WALM074,18-24,Non-Binary,"Baltimore, MD",Home and lifestyle,80,9/2/23,Credit card,3
7140,WALM084,45-54,Prefer Not to Say,"Los Angeles, CA",Fashion accessories,144,2/26/19,Credit card,4
7141,WALM074,45-54,Prefer Not to Say,"Baltimore, MD",Home and lifestyle,30,9/17/23,Credit card,3
7142,WALM058,35-44,Male,"Boise, ID",Fashion accessories,140,4/8/20,Credit card,4
7143,WALM055,25-34,Prefer Not to Say,"Wichita, KS",Home and lifestyle,183,1/5/21,Credit card,4
7144,WALM082,35-44,Non-Binary,"St. Louis, MO",Fashion accessories,84,8/24/20,Credit card,4
7145,WALM050,25-34,Non-Binary,"Honolulu, HI",Home and lifestyle,60,6/15/23,Ewallet,3
7146,WALM035,55+,Female,"St. Louis, MO",Fashion accessories,48,9/15/22,Credit card,4
7147,WALM056,45-54,Female,"Boston, MA",Home and lifestyle,180,6/8/22,Credit card,4
7148,WALM025,45-54,Non-Binary,"Jackson, MS",Fashion accessories,51,10/26/21,Credit card,7
7149,WALM075,25-34,Male,"Wichita, KS",Home and lifestyle,135,12/12/21,Credit card,4
7150,WALM073,25-34,Male,"Burlington, VT",Fashion accessories,106,5/3/20,Credit card,5
7151,WALM054,35-44,Prefer Not to Say,"Indianapolis, IN",Home and lifestyle,243,4/25/21,Credit card,6
7152,WALM025,18-24,Female,"Philadelphia, PA",Fashion accessories,65,3/21/22,Credit card,4
7153,WALM032,55+,Female,"Nashville, TN",Home and lifestyle,71,12/5/19,Credit card,5
7154,WALM089,55+,Male,"Newark, NJ",Fashion accessories,34,8/26/22,Credit card,4
7155,WALM046,25-34,Male,"St. Louis, MO",Home and lifestyle,138,12/17/21,Credit card,3
7156,WALM084,18-24,Prefer Not to Say,"Philadelphia, PA",Fashion accessories,79,7/31/21,Credit card,5
7157,WALM089,25-34,Non-Binary,"Charleston, SC",Home and lifestyle,49,5/16/20,Credit card,4
7158,WALM054,18-24,Non-Binary,"New Orleans, LA",Fashion accessories,60,2/19/21,Credit card,4
7159,WALM075,25-34,Prefer Not to Say,"Cheyenne, WY",Home and lifestyle,129,12/8/22,Credit card,7
7160,WALM056,18-24,Prefer Not to Say,"Boston, MA",Fashion accessories,66,8/12/19,Credit card,5
7161,WALM009,35-44,Non-Binary,"Virginia Beach, VA",Home and lifestyle,112,8/25/21,Credit card,5
7162,WALM086,45-54,Prefer Not to Say,"Des Moines, IA",Fashion accessories,134,3/11/19,Credit card,5
7163,WALM084,45-54,Prefer Not to Say,"Denver, CO",Home and lifestyle,240,2/9/23,Credit card,3
7164,WALM055,55+,Prefer Not to Say,"Little Rock, AR",Fashion accessories,106,9/8/21,Credit card,3
7165,WALM073,18-24,Female,"Fargo, ND",Home and lifestyle,16,8/17/22,Credit card,3
7166,WALM074,18-24,Prefer Not to Say,"Des Moines, IA",Fashion accessories,50,11/11/22,Credit card,7
7167,WALM056,35-44,Male,"Atlanta, GA",Home and lifestyle,108,10/10/20,Credit card,7
7168,WALM058,35-44,Prefer Not to Say,"Omaha, NE",Fashion accessories,130,1/2/19,Credit card,7
7169,WALM084,18-24,Prefer Not to Say,"Virginia Beach, VA",Home and lifestyle,75,11/3/23,Credit card,6
7170,WALM046,55+,Male,"Cheyenne, WY",Fashion accessories,144,12/7/22,Credit card,4
7171,WALM032,35-44,Non-Binary,"Detroit, MI",Home and lifestyle,38,5/5/22,Credit card,4
7172,WALM087,25-34,Non-Binary,"Hartford, CT",Fashion accessories,100,10/29/20,Credit card,7
7173,WALM003,18-24,Non-Binary,"Charleston, WV",Home and lifestyle,74,5/2/20,Credit card,6
7174,WALM029,45-54,Non-Binary,"Portland, OR",Fashion accessories,23,4/11/23,Credit card,6
7175,WALM032,45-54,Prefer Not to Say,"Nashville, TN",Home and lifestyle,104,2/23/20,Credit card,6
7176,WALM035,25-34,Male,"Wichita, KS",Fashion accessories,138,12/19/19,Credit card,3
7177,WALM055,55+,Male,"Atlanta, GA",Home and lifestyle,76,6/26/22,Credit card,5
7178,WALM030,55+,Male,"Indianapolis, IN",Fashion accessories,48,5/14/22,Credit card,7
7179,WALM082,35-44,Non-Binary,"Houston, TX",Home and lifestyle,17,5/28/19,Credit card,3
7180,WALM058,45-54,Prefer Not to Say,"Seattle, WA",Fashion accessories,40,11/20/21,Credit card,6
7181,WALM086,35-44,Female,"Hartford, CT",Home and lifestyle,84,12/4/20,Credit card,7
7182,WALM099,18-24,Non-Binary,"Charleston, SC",Fashion accessories,210,3/12/23,Credit card,3
7183,WALM055,55+,Male,"Fargo, ND",Home and lifestyle,44,9/20/20,Credit card,6
7184,WALM003,35-44,Non-Binary,"Baltimore, MD",Fashion accessories,78,1/20/23,Credit card,7
7185,WALM046,18-24,Male,"Portland, ME",Home and lifestyle,140,12/18/19,Credit card,7
7186,WALM058,18-24,Prefer Not to Say,"Providence, RI",Fashion accessories,42,11/28/23,Credit card,6
7187,WALM075,18-24,Female,"St. Louis, MO",Home and lifestyle,150,5/31/20,Credit card,3
7188,WALM055,55+,Prefer Not to Say,"Anchorage, AK",Fashion accessories,77,11/4/22,Credit card,4
7189,WALM025,55+,Female,"Detroit, MI",Home and lifestyle,72,6/15/22,Credit card,7
7190,WALM099,25-34,Non-Binary,"Columbus, OH",Fashion accessories,141,10/4/23,Credit card,6
7191,WALM055,55+,Non-Binary,"Manchester, NH",Home and lifestyle,152,6/10/23,Credit card,4
7192,WALM050,45-54,Female,"Boston, MA",Fashion accessories,213,5/5/23,Ewallet,6
7193,WALM073,18-24,Female,"Louisville, KY",Home and lifestyle,81,2/13/23,Credit card,7
7194,WALM035,25-34,Non-Binary,"Wilmington, DE",Fashion accessories,164,7/3/21,Credit card,4
7195,WALM025,35-44,Non-Binary,"Billings, MT",Home and lifestyle,170,7/3/20,Credit card,6
7196,WALM038,55+,Male,"Columbus, OH",Fashion accessories,108,3/23/19,Credit card,6
7197,WALM069,35-44,Male,"Philadelphia, PA",Home and lifestyle,70,12/3/23,Credit card,3
7198,WALM087,25-34,Prefer Not to Say,"Oklahoma City, OK",Fashion accessories,48,11/4/21,Credit card,5
7199,WALM065,18-24,Male,"Newark, NJ",Home and lifestyle,252,7/22/20,Credit card,4
7200,WALM099,55+,Male,"Charlotte, NC",Fashion accessories,90,5/13/19,Credit card,3
7201,WALM089,25-34,Prefer Not to Say,"Anchorage, AK",Home and lifestyle,74,8/14/20,Credit card,3
7202,WALM073,25-34,Male,"Des Moines, IA",Fashion accessories,162,12/16/21,Credit card,4
7203,WALM099,35-44,Female,"New York City, NY",Home and lifestyle,123,9/8/19,Credit card,3
7204,WALM058,35-44,Prefer Not to Say,"Oklahoma City, OK",Fashion accessories,72,11/5/20,Credit card,6
7205,WALM084,45-54,Female,"Little Rock, AR",Home and lifestyle,111,5/2/22,Credit card,6
7206,WALM082,25-34,Female,"Newark, NJ",Fashion accessories,189,12/9/20,Credit card,3
7207,WALM029,25-34,Non-Binary,"Orlando, FL",Home and lifestyle,60,12/17/22,Credit card,6
7208,WALM032,18-24,Prefer Not to Say,"Los Angeles, CA",Fashion accessories,76,2/21/19,Credit card,7
7209,WALM030,55+,Male,"Charleston, WV",Home and lifestyle,61,3/21/22,Credit card,7
7210,WALM003,18-24,Prefer Not to Say,"Wichita, KS",Fashion accessories,243,6/28/19,Credit card,5
7211,WALM035,25-34,Male,"Boise, ID",Home and lifestyle,114,10/3/20,Credit card,7
7212,WALM025,55+,Male,"Wichita, KS",Fashion accessories,42,12/12/20,Credit card,7
7213,WALM082,55+,Prefer Not to Say,"Virginia Beach, VA",Home and lifestyle,72,6/9/22,Credit card,3
7214,WALM038,45-54,Female,"Des Moines, IA",Fashion accessories,78,7/2/21,Credit card,7
7215,WALM058,55+,Prefer Not to Say,"Indianapolis, IN",Home and lifestyle,154,8/2/22,Credit card,3
7216,WALM082,55+,Prefer Not to Say,"Charlotte, NC",Fashion accessories,48,5/20/20,Credit card,7
7217,WALM074,55+,Female,"Manchester, NH",Home and lifestyle,165,8/3/19,Credit card,6
7218,WALM038,35-44,Non-Binary,"Las Vegas, NV",Fashion accessories,116,4/18/21,Credit card,6
7219,WALM055,25-34,Male,"Portland, OR",Home and lifestyle,92,10/29/21,Credit card,6
7220,WALM089,35-44,Prefer Not to Say,"Baltimore, MD",Fashion accessories,148,8/27/19,Credit card,7
7221,WALM029,35-44,Non-Binary,"Burlington, VT",Home and lifestyle,219,9/29/23,Credit card,5
7222,WALM035,25-34,Prefer Not to Say,"Providence, RI",Fashion accessories,88,5/17/22,Credit card,7
7223,WALM084,18-24,Non-Binary,"Minneapolis, MN",Home and lifestyle,55,9/20/20,Credit card,7
7224,WALM054,35-44,Female,"Houston, TX",Fashion accessories,159,2/2/22,Credit card,6
7225,WALM074,35-44,Non-Binary,"Columbus, OH",Home and lifestyle,204,4/7/20,Credit card,4
7226,WALM099,25-34,Female,"Salt Lake City, UT",Fashion accessories,164,1/18/21,Credit card,4
7227,WALM050,55+,Prefer Not to Say,"Newark, NJ",Home and lifestyle,84,2/22/22,Ewallet,3
7228,WALM046,35-44,Female,"Orlando, FL",Fashion accessories,170,3/30/19,Credit card,7
7229,WALM025,45-54,Male,"Sioux Falls, SD",Home and lifestyle,207,6/20/19,Credit card,7
7230,WALM074,45-54,Female,"Boise, ID",Fashion accessories,96,6/21/20,Credit card,4
7231,WALM009,35-44,Female,"Seattle, WA",Home and lifestyle,70,9/24/23,Credit card,7
7232,WALM069,35-44,Female,"Orlando, FL",Fashion accessories,213,3/17/21,Credit card,3
7233,WALM055,55+,Male,"Los Angeles, CA",Home and lifestyle,122,10/13/21,Credit card,4
7234,WALM084,45-54,Prefer Not to Say,"Omaha, NE",Fashion accessories,54,3/12/22,Credit card,4
7235,WALM086,35-44,Male,"Boise, ID",Home and lifestyle,32,8/4/23,Credit card,6
7236,WALM073,18-24,Prefer Not to Say,"Sioux Falls, SD",Fashion accessories,40,3/24/22,Credit card,3
7237,WALM056,55+,Prefer Not to Say,"New York City, NY",Home and lifestyle,27,12/20/19,Credit card,4
7238,WALM074,18-24,Female,"Seattle, WA",Fashion accessories,74,12/28/21,Credit card,6
7239,WALM089,25-34,Male,"Atlanta, GA",Home and lifestyle,44,4/22/22,Credit card,6
7240,WALM082,25-34,Female,"Milwaukee, WI",Fashion accessories,165,2/25/20,Credit card,6
7241,WALM089,45-54,Female,"Salt Lake City, UT",Home and lifestyle,58,3/5/21,Credit card,5
7242,WALM055,55+,Male,"Detroit, MI",Fashion accessories,90,8/24/19,Credit card,5
7243,WALM058,45-54,Female,"Houston, TX",Home and lifestyle,38,5/14/23,Credit card,4
7244,WALM030,55+,Male,"St. Louis, MO",Fashion accessories,29,6/26/22,Credit card,3
7245,WALM089,25-34,Non-Binary,"Las Vegas, NV",Home and lifestyle,158,11/16/20,Credit card,6
7246,WALM055,55+,Male,"Manchester, NH",Fashion accessories,170,3/11/23,Credit card,6
7247,WALM025,55+,Male,"Des Moines, IA",Home and lifestyle,63,10/20/21,Credit card,7
7248,WALM056,35-44,Prefer Not to Say,"Minneapolis, MN",Fashion accessories,57,7/22/19,Credit card,6
7249,WALM025,25-34,Male,"Virginia Beach, VA",Home and lifestyle,41,5/29/19,Credit card,7
7250,WALM074,55+,Female,"New Orleans, LA",Fashion accessories,150,8/30/21,Credit card,5
7251,WALM099,45-54,Prefer Not to Say,"St. Louis, MO",Home and lifestyle,19,7/25/19,Credit card,3
7252,WALM086,35-44,Female,"Philadelphia, PA",Fashion accessories,33,7/6/21,Credit card,7
7253,WALM058,35-44,Female,"Little Rock, AR",Home and lifestyle,164,7/7/23,Credit card,3
7254,WALM054,35-44,Female,"Los Angeles, CA",Fashion accessories,26,7/3/22,Credit card,5
7255,WALM054,25-34,Male,"Seattle, WA",Home and lifestyle,156,5/30/22,Credit card,6
7256,WALM099,18-24,Male,"Billings, MT",Fashion accessories,102,6/15/21,Credit card,4
7257,WALM029,45-54,Male,"Newark, NJ",Home and lifestyle,55,9/11/19,Credit card,5
7258,WALM046,35-44,Female,"Milwaukee, WI",Fashion accessories,90,4/26/23,Credit card,4
7259,WALM065,25-34,Prefer Not to Say,"Newark, NJ",Home and lifestyle,31,1/3/20,Credit card,6
7260,WALM084,35-44,Female,"Houston, TX",Fashion accessories,104,10/30/19,Credit card,7
7261,WALM050,35-44,Prefer Not to Say,"Portland, ME",Home and lifestyle,60,2/6/20,Ewallet,4
7262,WALM056,35-44,Male,"Billings, MT",Fashion accessories,124,9/21/22,Credit card,6
7263,WALM087,35-44,Female,"Louisville, KY",Home and lifestyle,70,3/20/23,Credit card,4
7264,WALM087,25-34,Female,"New Orleans, LA",Fashion accessories,246,11/3/21,Credit card,5
7265,WALM003,55+,Female,"Los Angeles, CA",Home and lifestyle,28,12/7/21,Credit card,3
7266,WALM030,25-34,Male,"Boise, ID",Fashion accessories,231,11/21/21,Credit card,6
7267,WALM065,45-54,Male,"Omaha, NE",Home and lifestyle,85,11/15/22,Credit card,6
7268,WALM073,55+,Female,"New Orleans, LA",Fashion accessories,42,2/15/19,Credit card,6
7269,WALM056,25-34,Female,"Charleston, WV",Home and lifestyle,42,11/2/21,Credit card,5
7270,WALM074,25-34,Non-Binary,"Billings, MT",Fashion accessories,106,1/3/20,Credit card,5
7271,WALM065,25-34,Male,"Phoenix, AZ",Home and lifestyle,243,1/12/19,Credit card,3
7272,WALM038,35-44,Prefer Not to Say,"Virginia Beach, VA",Fashion accessories,204,3/4/23,Credit card,7
7273,WALM030,45-54,Male,"Las Vegas, NV",Home and lifestyle,123,6/28/21,Credit card,4
7274,WALM055,18-24,Non-Binary,"Honolulu, HI",Fashion accessories,69,9/18/20,Credit card,7
7275,WALM056,45-54,Female,"Houston, TX",Home and lifestyle,142,12/4/21,Credit card,3
7276,WALM035,55+,Male,"Las Vegas, NV",Fashion accessories,39,9/23/21,Credit card,7
7277,WALM003,25-34,Prefer Not to Say,"Des Moines, IA",Home and lifestyle,79,7/31/23,Credit card,4
7278,WALM069,45-54,Female,"New York City, NY",Fashion accessories,90,6/19/19,Credit card,6
7279,WALM003,35-44,Non-Binary,"Indianapolis, IN",Home and lifestyle,85,6/26/19,Credit card,7
7280,WALM069,55+,Female,"Columbus, OH",Fashion accessories,72,3/10/21,Credit card,3
7281,WALM032,35-44,Prefer Not to Say,"Wilmington, DE",Home and lifestyle,59,8/9/21,Credit card,4
7282,WALM084,55+,Prefer Not to Say,"Virginia Beach, VA",Fashion accessories,170,7/4/21,Credit card,7
7283,WALM032,18-24,Female,"Fargo, ND",Home and lifestyle,17,5/14/22,Credit card,3
7284,WALM035,18-24,Male,"Milwaukee, WI",Fashion accessories,128,1/9/23,Credit card,4
7285,WALM073,35-44,Non-Binary,"Albuquerque, NM",Home and lifestyle,99,5/17/22,Credit card,7
7286,WALM084,35-44,Prefer Not to Say,"Portland, ME",Fashion accessories,117,3/15/20,Credit card,4
7287,WALM003,55+,Female,"Providence, RI",Home and lifestyle,162,4/19/20,Credit card,5
7288,WALM099,55+,Non-Binary,"Providence, RI",Fashion accessories,26,10/9/21,Credit card,6
7289,WALM055,55+,Female,"Columbus, OH",Home and lifestyle,42,1/28/23,Credit card,3
7290,WALM009,35-44,Male,"New York City, NY",Fashion accessories,51,12/20/23,Credit card,6
7291,WALM069,45-54,Female,"Portland, ME",Home and lifestyle,68,11/11/20,Credit card,3
7292,WALM046,45-54,Non-Binary,"Albuquerque, NM",Fashion accessories,117,12/9/19,Credit card,5
7293,WALM069,35-44,Non-Binary,"Albuquerque, NM",Home and lifestyle,54,9/21/19,Credit card,7
7294,WALM069,45-54,Female,"Los Angeles, CA",Fashion accessories,74,5/1/21,Credit card,7
7295,WALM069,45-54,Female,"Columbus, OH",Home and lifestyle,54,4/5/23,Credit card,3
7296,WALM089,35-44,Female,"Denver, CO",Fashion accessories,77,3/30/20,Credit card,4
7297,WALM003,55+,Non-Binary,"Nashville, TN",Home and lifestyle,234,7/11/21,Credit card,7
7298,WALM089,25-34,Non-Binary,"Charlotte, NC",Fashion accessories,114,6/29/23,Credit card,5
7299,WALM055,55+,Male,"Las Vegas, NV",Home and lifestyle,156,2/18/22,Credit card,3
7300,WALM087,55+,Non-Binary,"Burlington, VT",Fashion accessories,183,2/16/20,Credit card,5
7301,WALM069,25-34,Female,"Los Angeles, CA",Home and lifestyle,228,3/19/20,Credit card,7
7302,WALM038,35-44,Female,"Philadelphia, PA",Fashion accessories,168,1/26/20,Credit card,7
7303,WALM056,55+,Female,"Sioux Falls, SD",Home and lifestyle,18,5/31/23,Credit card,3
7304,WALM055,35-44,Male,"Newark, NJ",Fashion accessories,48,6/22/21,Credit card,7
7305,WALM030,55+,Non-Binary,"Sioux Falls, SD",Home and lifestyle,48,11/3/23,Credit card,4
7306,WALM055,18-24,Prefer Not to Say,"Charleston, SC",Fashion accessories,56,3/20/22,Credit card,6
7307,WALM025,45-54,Prefer Not to Say,"Columbus, OH",Home and lifestyle,118,1/16/22,Credit card,3
7308,WALM089,55+,Non-Binary,"Honolulu, HI",Fashion accessories,38,1/16/23,Credit card,7
7309,WALM069,25-34,Prefer Not to Say,"Seattle, WA",Home and lifestyle,118,10/11/22,Credit card,4
7310,WALM086,18-24,Male,"Omaha, NE",Fashion accessories,48,4/7/20,Credit card,3
7311,WALM099,45-54,Non-Binary,"Atlanta, GA",Home and lifestyle,216,9/12/19,Credit card,5
7312,WALM056,45-54,Female,"Atlanta, GA",Fashion accessories,55,5/15/20,Credit card,3
7313,WALM087,35-44,Male,"Wichita, KS",Home and lifestyle,156,8/6/22,Credit card,6
7314,WALM025,35-44,Male,"Nashville, TN",Fashion accessories,17,6/25/22,Credit card,3
7315,WALM032,18-24,Prefer Not to Say,"Little Rock, AR",Home and lifestyle,174,12/15/19,Credit card,7
7316,WALM075,18-24,Non-Binary,"Charlotte, NC",Fashion accessories,222,1/28/23,Credit card,3
7317,WALM038,55+,Non-Binary,"Newark, NJ",Home and lifestyle,69,8/21/21,Credit card,3
7318,WALM046,45-54,Prefer Not to Say,"Las Vegas, NV",Fashion accessories,39,10/15/22,Credit card,7
7319,WALM038,45-54,Non-Binary,"Detroit, MI",Home and lifestyle,53,9/6/20,Credit card,3
7320,WALM099,55+,Non-Binary,"Boise, ID",Fashion accessories,50,2/25/21,Credit card,6
7321,WALM082,55+,Prefer Not to Say,"Albuquerque, NM",Home and lifestyle,186,7/21/20,Credit card,5
7322,WALM074,55+,Male,"Portland, ME",Fashion accessories,46,2/1/22,Credit card,6
7323,WALM089,45-54,Male,"Phoenix, AZ",Home and lifestyle,52,12/3/23,Credit card,4
7324,WALM082,25-34,Non-Binary,"Boise, ID",Fashion accessories,87,7/13/23,Credit card,7
7325,WALM046,18-24,Male,"Charlotte, NC",Home and lifestyle,66,6/12/20,Credit card,5
7326,WALM082,25-34,Male,"Oklahoma City, OK",Fashion accessories,84,6/14/19,Credit card,6
7327,WALM050,35-44,Prefer Not to Say,"Boise, ID",Home and lifestyle,15,6/6/22,Ewallet,6
7328,WALM056,45-54,Prefer Not to Say,"Little Rock, AR",Fashion accessories,49,2/16/21,Credit card,6
7329,WALM069,45-54,Female,"Burlington, VT",Home and lifestyle,64,8/14/22,Credit card,3
7330,WALM084,25-34,Non-Binary,"Providence, RI",Fashion accessories,26,6/22/23,Credit card,3
7331,WALM050,55+,Prefer Not to Say,"Chicago, IL",Home and lifestyle,40,7/19/22,Ewallet,6
7332,WALM050,55+,Prefer Not to Say,"Chicago, IL",Fashion accessories,153,11/6/21,Ewallet,4
7333,WALM029,25-34,Male,"Anchorage, AK",Home and lifestyle,69,12/11/20,Credit card,4
7334,WALM058,45-54,Prefer Not to Say,"Cheyenne, WY",Fashion accessories,106,3/2/22,Credit card,3
7335,WALM065,55+,Non-Binary,"Honolulu, HI",Home and lifestyle,219,2/16/22,Credit card,3
7336,WALM009,55+,Prefer Not to Say,"Manchester, NH",Fashion accessories,204,11/11/20,Credit card,4
7337,WALM050,18-24,Non-Binary,"Charlotte, NC",Home and lifestyle,66,6/9/23,Ewallet,7
7338,WALM025,55+,Female,"Nashville, TN",Fashion accessories,54,8/31/19,Credit card,3
7339,WALM029,18-24,Male,"Little Rock, AR",Home and lifestyle,25,4/17/21,Credit card,3
7340,WALM065,55+,Female,"Phoenix, AZ",Fashion accessories,36,3/16/23,Credit card,5
7341,WALM050,45-54,Non-Binary,"Albuquerque, NM",Home and lifestyle,75,1/25/19,Ewallet,3
7342,WALM086,35-44,Non-Binary,"Nashville, TN",Fashion accessories,156,11/11/20,Credit card,7
7343,WALM074,35-44,Male,"Charleston, WV",Home and lifestyle,72,6/10/23,Credit card,7
7344,WALM099,45-54,Male,"Newark, NJ",Fashion accessories,57,9/7/21,Credit card,7
7345,WALM025,45-54,Prefer Not to Say,"Wichita, KS",Home and lifestyle,61,10/11/21,Credit card,3
7346,WALM032,18-24,Female,"Milwaukee, WI",Fashion accessories,40,3/7/22,Credit card,6
7347,WALM055,45-54,Non-Binary,"Baltimore, MD",Home and lifestyle,47,8/9/20,Credit card,4
7348,WALM075,55+,Male,"Las Vegas, NV",Fashion accessories,51,6/14/22,Credit card,7
7349,WALM073,18-24,Prefer Not to Say,"Columbus, OH",Home and lifestyle,20,1/22/20,Credit card,4
7350,WALM075,35-44,Female,"Charleston, WV",Fashion accessories,162,1/20/20,Credit card,3
7351,WALM089,55+,Female,"Indianapolis, IN",Home and lifestyle,79,11/1/22,Credit card,7
7352,WALM073,35-44,Male,"Albuquerque, NM",Fashion accessories,15,5/3/19,Credit card,3
7353,WALM029,35-44,Male,"Honolulu, HI",Home and lifestyle,135,3/13/22,Credit card,4
7354,WALM046,55+,Female,"Boise, ID",Fashion accessories,64,6/14/19,Credit card,7
7355,WALM003,18-24,Prefer Not to Say,"Wilmington, DE",Home and lifestyle,201,11/5/23,Credit card,7
7356,WALM073,45-54,Male,"Seattle, WA",Fashion accessories,70,11/10/22,Credit card,7
7357,WALM075,18-24,Male,"Burlington, VT",Home and lifestyle,132,10/24/20,Credit card,4
7358,WALM038,45-54,Non-Binary,"Cheyenne, WY",Fashion accessories,126,8/28/22,Credit card,7
7359,WALM069,45-54,Male,"Billings, MT",Home and lifestyle,62,8/20/23,Credit card,5
7360,WALM058,18-24,Male,"Nashville, TN",Fashion accessories,29,7/11/22,Credit card,5
7361,WALM099,45-54,Non-Binary,"Albuquerque, NM",Home and lifestyle,183,5/12/21,Credit card,3
7362,WALM084,18-24,Non-Binary,"Jackson, MS",Fashion accessories,74,11/16/23,Credit card,5
7363,WALM009,35-44,Female,"Denver, CO",Home and lifestyle,36,10/12/20,Credit card,3
7364,WALM084,55+,Prefer Not to Say,"Wilmington, DE",Fashion accessories,54,9/7/23,Credit card,5
7365,WALM055,25-34,Male,"Charlotte, NC",Home and lifestyle,234,12/12/22,Credit card,3
7366,WALM046,25-34,Non-Binary,"Manchester, NH",Fashion accessories,150,4/5/20,Credit card,7
7367,WALM003,35-44,Prefer Not to Say,"Phoenix, AZ",Home and lifestyle,136,1/20/23,Credit card,4
7368,WALM029,25-34,Female,"Jackson, MS",Fashion accessories,114,7/22/20,Credit card,3
7369,WALM075,35-44,Female,"Phoenix, AZ",Home and lifestyle,164,2/9/21,Credit card,7
7370,WALM029,25-34,Prefer Not to Say,"Salt Lake City, UT",Fashion accessories,177,4/28/20,Credit card,4
7371,WALM087,18-24,Female,"Anchorage, AK",Home and lifestyle,122,1/9/21,Credit card,7
7372,WALM065,25-34,Female,"Seattle, WA",Fashion accessories,183,8/29/23,Credit card,7
7373,WALM087,18-24,Non-Binary,"Louisville, KY",Home and lifestyle,68,3/11/19,Credit card,3
7374,WALM084,55+,Non-Binary,"Billings, MT",Fashion accessories,37,5/10/23,Credit card,4
7375,WALM029,35-44,Prefer Not to Say,"Portland, OR",Home and lifestyle,39,5/27/21,Credit card,6
7376,WALM073,25-34,Non-Binary,"Portland, OR",Fashion accessories,69,5/19/20,Credit card,7
7377,WALM035,25-34,Prefer Not to Say,"Cheyenne, WY",Home and lifestyle,165,6/17/19,Credit card,7
7378,WALM058,45-54,Prefer Not to Say,"Houston, TX",Fashion accessories,36,3/20/22,Credit card,6
7379,WALM058,55+,Prefer Not to Say,"Albuquerque, NM",Home and lifestyle,30,6/26/19,Credit card,7
7380,WALM099,35-44,Female,"Orlando, FL",Fashion accessories,60,1/8/19,Credit card,4
7381,WALM075,45-54,Prefer Not to Say,"Salt Lake City, UT",Home and lifestyle,92,1/31/19,Credit card,3
7382,WALM086,55+,Male,"Los Angeles, CA",Fashion accessories,86,1/6/22,Credit card,3
7383,WALM074,45-54,Non-Binary,"Cheyenne, WY",Home and lifestyle,51,1/1/20,Credit card,3
7384,WALM030,18-24,Male,"Philadelphia, PA",Fashion accessories,65,10/6/23,Credit card,4
7385,WALM075,18-24,Prefer Not to Say,"Little Rock, AR",Home and lifestyle,78,3/9/20,Credit card,4
7386,WALM003,45-54,Prefer Not to Say,"Charlotte, NC",Fashion accessories,228,4/28/19,Credit card,6
7387,WALM074,35-44,Non-Binary,"Charleston, SC",Home and lifestyle,164,2/18/21,Credit card,4
7388,WALM087,25-34,Non-Binary,"Burlington, VT",Fashion accessories,21,6/22/22,Credit card,4
7389,WALM089,55+,Female,"Sioux Falls, SD",Home and lifestyle,72,9/23/20,Credit card,6
7390,WALM032,55+,Prefer Not to Say,"Wilmington, DE",Fashion accessories,22,9/24/23,Credit card,7
7391,WALM084,55+,Male,"Cheyenne, WY",Home and lifestyle,70,11/18/19,Credit card,4
7392,WALM086,35-44,Female,"Manchester, NH",Fashion accessories,120,8/25/23,Credit card,7
7393,WALM054,55+,Female,"Louisville, KY",Home and lifestyle,166,7/3/19,Credit card,5
7394,WALM084,45-54,Non-Binary,"Cheyenne, WY",Fashion accessories,192,10/12/21,Credit card,5
7395,WALM065,45-54,Non-Binary,"Philadelphia, PA",Home and lifestyle,234,7/21/20,Credit card,4
7396,WALM050,55+,Female,"Boston, MA",Fashion accessories,48,7/18/19,Ewallet,5
7397,WALM003,25-34,Prefer Not to Say,"Omaha, NE",Home and lifestyle,134,12/20/19,Credit card,7
7398,WALM056,55+,Non-Binary,"Columbus, OH",Fashion accessories,19,11/20/23,Credit card,5
7399,WALM025,45-54,Non-Binary,"Birmingham, AL",Home and lifestyle,56,7/31/20,Credit card,4
7400,WALM074,55+,Prefer Not to Say,"Portland, OR",Fashion accessories,96,6/4/23,Credit card,6
7401,WALM035,35-44,Male,"New York City, NY",Home and lifestyle,79,7/10/23,Credit card,6
7402,WALM075,25-34,Female,"Columbus, OH",Fashion accessories,162,9/13/19,Credit card,3
7403,WALM089,45-54,Male,"Columbus, OH",Home and lifestyle,84,7/16/21,Credit card,6
7404,WALM025,45-54,Male,"Little Rock, AR",Fashion accessories,76,1/14/22,Credit card,4
7405,WALM065,25-34,Male,"Louisville, KY",Home and lifestyle,56,6/19/21,Credit card,7
7406,WALM030,18-24,Non-Binary,"Wichita, KS",Fashion accessories,20,2/11/22,Credit card,5
7407,WALM055,35-44,Prefer Not to Say,"Portland, ME",Home and lifestyle,42,2/5/23,Credit card,7
7408,WALM089,18-24,Non-Binary,"Seattle, WA",Fashion accessories,111,8/25/23,Credit card,3
7409,WALM029,35-44,Prefer Not to Say,"Milwaukee, WI",Home and lifestyle,82,3/12/21,Credit card,4
7410,WALM054,55+,Prefer Not to Say,"Orlando, FL",Fashion accessories,128,4/9/21,Credit card,5
7411,WALM069,55+,Female,"Seattle, WA",Home and lifestyle,62,4/23/20,Credit card,6
7412,WALM032,45-54,Prefer Not to Say,"Providence, RI",Fashion accessories,57,9/7/19,Credit card,6
7413,WALM084,55+,Prefer Not to Say,"Portland, OR",Home and lifestyle,66,7/23/20,Credit card,4
7414,WALM038,55+,Non-Binary,"Seattle, WA",Fashion accessories,25,6/24/22,Credit card,5
7415,WALM030,18-24,Female,"Minneapolis, MN",Home and lifestyle,141,5/21/19,Credit card,7
7416,WALM046,18-24,Non-Binary,"Cheyenne, WY",Fashion accessories,210,2/1/20,Credit card,7
7417,WALM074,45-54,Non-Binary,"Billings, MT",Home and lifestyle,70,6/12/21,Credit card,3
7418,WALM030,25-34,Prefer Not to Say,"Indianapolis, IN",Fashion accessories,15,6/27/19,Credit card,3
7419,WALM089,45-54,Non-Binary,"Atlanta, GA",Home and lifestyle,82,8/18/20,Credit card,7
7420,WALM054,35-44,Male,"Anchorage, AK",Fashion accessories,82,3/22/21,Credit card,7
7421,WALM099,35-44,Prefer Not to Say,"Little Rock, AR",Home and lifestyle,134,12/20/19,Credit card,3
7422,WALM032,25-34,Male,"Portland, ME",Fashion accessories,162,1/10/20,Credit card,5
7423,WALM035,18-24,Female,"Omaha, NE",Home and lifestyle,90,5/31/20,Credit card,3
7424,WALM035,18-24,Male,"New Orleans, LA",Fashion accessories,166,12/25/22,Credit card,5
7425,WALM055,25-34,Non-Binary,"Cheyenne, WY",Home and lifestyle,249,11/17/20,Credit card,3
7426,WALM029,18-24,Prefer Not to Say,"Little Rock, AR",Fashion accessories,83,5/16/19,Credit card,3
7427,WALM086,55+,Male,"Virginia Beach, VA",Home and lifestyle,114,5/4/20,Credit card,6
7428,WALM050,25-34,Male,"Denver, CO",Fashion accessories,144,6/25/23,Ewallet,3
7429,WALM058,35-44,Male,"Denver, CO",Home and lifestyle,96,11/10/19,Credit card,4
7430,WALM074,25-34,Male,"Newark, NJ",Fashion accessories,83,10/7/23,Credit card,5
7431,WALM009,35-44,Male,"Virginia Beach, VA",Home and lifestyle,30,1/14/23,Credit card,3
7432,WALM055,45-54,Female,"Des Moines, IA",Fashion accessories,146,3/12/23,Credit card,4
7433,WALM086,35-44,Non-Binary,"Chicago, IL",Home and lifestyle,87,3/11/23,Credit card,3
7434,WALM082,18-24,Female,"Virginia Beach, VA",Fashion accessories,66,1/9/20,Credit card,6
7435,WALM089,35-44,Prefer Not to Say,"Salt Lake City, UT",Home and lifestyle,74,6/10/20,Credit card,7
7436,WALM003,45-54,Male,"Detroit, MI",Fashion accessories,45,11/16/19,Credit card,5
7437,WALM056,45-54,Male,"Burlington, VT",Home and lifestyle,102,3/3/19,Credit card,4
7438,WALM084,55+,Prefer Not to Say,"Hartford, CT",Fashion accessories,48,3/16/19,Credit card,7
7439,WALM046,18-24,Male,"Atlanta, GA",Home and lifestyle,58,11/4/20,Credit card,4
7440,WALM065,35-44,Male,"Oklahoma City, OK",Fashion accessories,72,8/2/19,Credit card,4
7441,WALM086,18-24,Male,"Boise, ID",Home and lifestyle,150,6/4/19,Credit card,3
7442,WALM035,55+,Prefer Not to Say,"Portland, OR",Fashion accessories,23,1/21/23,Credit card,6
7443,WALM003,25-34,Male,"Honolulu, HI",Home and lifestyle,72,1/26/21,Credit card,7
7444,WALM055,25-34,Male,"Baltimore, MD",Fashion accessories,78,10/6/23,Credit card,6
7445,WALM029,18-24,Female,"Omaha, NE",Home and lifestyle,159,1/9/19,Credit card,3
7446,WALM065,35-44,Non-Binary,"Louisville, KY",Fashion accessories,75,6/24/20,Credit card,7
7447,WALM025,35-44,Prefer Not to Say,"Boston, MA",Home and lifestyle,52,10/6/21,Credit card,4
7448,WALM086,55+,Non-Binary,"Boston, MA",Fashion accessories,71,1/23/22,Credit card,6
7449,WALM038,35-44,Male,"Billings, MT",Home and lifestyle,78,4/17/21,Credit card,3
7450,WALM089,45-54,Male,"Seattle, WA",Fashion accessories,88,8/23/19,Credit card,5
7451,WALM054,45-54,Female,"Newark, NJ",Home and lifestyle,48,3/4/21,Credit card,4
7452,WALM030,25-34,Male,"Houston, TX",Fashion accessories,126,8/27/21,Credit card,4
7453,WALM082,45-54,Non-Binary,"Albuquerque, NM",Home and lifestyle,100,4/18/19,Credit card,5
7454,WALM065,45-54,Female,"Portland, ME",Fashion accessories,106,10/15/21,Credit card,6
7455,WALM065,45-54,Female,"Cheyenne, WY",Home and lifestyle,231,8/30/19,Credit card,7
7456,WALM050,55+,Female,"Denver, CO",Fashion accessories,94,10/17/20,Ewallet,6
7457,WALM084,45-54,Female,"Boise, ID",Home and lifestyle,66,12/12/19,Credit card,7
7458,WALM073,35-44,Female,"Atlanta, GA",Fashion accessories,162,7/23/22,Credit card,5
7459,WALM038,55+,Female,"Chicago, IL",Home and lifestyle,53,6/22/23,Credit card,3
7460,WALM082,25-34,Female,"Columbus, OH",Fashion accessories,68,10/6/19,Credit card,5
7461,WALM038,18-24,Male,"Burlington, VT",Home and lifestyle,240,10/3/19,Credit card,4
7462,WALM075,18-24,Female,"Wilmington, DE",Fashion accessories,154,2/3/23,Credit card,6
7463,WALM009,25-34,Male,"Las Vegas, NV",Home and lifestyle,114,11/14/23,Credit card,4
7464,WALM030,35-44,Non-Binary,"Houston, TX",Fashion accessories,60,10/9/19,Credit card,5
7465,WALM074,35-44,Female,"Jackson, MS",Home and lifestyle,148,11/7/23,Credit card,3
7466,WALM038,25-34,Female,"Little Rock, AR",Fashion accessories,68,3/3/23,Credit card,4
7467,WALM046,25-34,Female,"Boise, ID",Home and lifestyle,32,6/29/20,Credit card,4
7468,WALM084,45-54,Male,"Charleston, WV",Fashion accessories,154,9/13/21,Credit card,5
7469,WALM038,45-54,Female,"Manchester, NH",Home and lifestyle,102,3/10/23,Credit card,6
7470,WALM055,45-54,Prefer Not to Say,"Phoenix, AZ",Fashion accessories,55,12/5/22,Credit card,7
7471,WALM038,55+,Non-Binary,"Omaha, NE",Home and lifestyle,49,10/31/19,Credit card,5
7472,WALM029,45-54,Female,"Nashville, TN",Fashion accessories,81,4/26/19,Credit card,3
7473,WALM087,35-44,Male,"Seattle, WA",Home and lifestyle,110,5/5/22,Credit card,4
7474,WALM035,55+,Male,"Wichita, KS",Fashion accessories,132,4/15/23,Credit card,3
7475,WALM069,55+,Non-Binary,"Denver, CO",Home and lifestyle,138,10/23/20,Credit card,5
7476,WALM054,55+,Male,"Charleston, WV",Fashion accessories,102,8/15/20,Credit card,7
7477,WALM055,55+,Non-Binary,"Charleston, SC",Home and lifestyle,78,8/4/23,Credit card,7
7478,WALM075,45-54,Male,"Little Rock, AR",Fashion accessories,45,11/14/21,Credit card,7
7479,WALM035,45-54,Non-Binary,"Columbus, OH",Home and lifestyle,255,8/31/19,Credit card,5
7480,WALM038,55+,Non-Binary,"Chicago, IL",Fashion accessories,21,5/28/19,Credit card,7
7481,WALM065,35-44,Non-Binary,"Chicago, IL",Home and lifestyle,195,6/12/22,Credit card,4
7482,WALM050,18-24,Female,"Little Rock, AR",Fashion accessories,204,2/14/21,Ewallet,7
7483,WALM003,45-54,Female,"Honolulu, HI",Home and lifestyle,102,2/4/22,Credit card,5
7484,WALM065,25-34,Male,"Jackson, MS",Fashion accessories,237,12/12/20,Credit card,4
7485,WALM009,45-54,Non-Binary,"Birmingham, AL",Home and lifestyle,150,4/14/19,Credit card,3
7486,WALM032,25-34,Non-Binary,"Hartford, CT",Fashion accessories,16,6/26/23,Credit card,6
7487,WALM054,35-44,Female,"Sioux Falls, SD",Home and lifestyle,70,10/6/22,Credit card,4
7488,WALM058,25-34,Non-Binary,"Nashville, TN",Fashion accessories,216,6/28/22,Credit card,5
7489,WALM069,45-54,Non-Binary,"New Orleans, LA",Home and lifestyle,99,5/21/20,Credit card,4
7490,WALM009,18-24,Prefer Not to Say,"Newark, NJ",Fashion accessories,60,10/11/19,Credit card,3
7491,WALM054,35-44,Male,"Chicago, IL",Home and lifestyle,77,3/8/19,Credit card,5
7492,WALM058,18-24,Prefer Not to Say,"Des Moines, IA",Fashion accessories,72,9/20/23,Credit card,5
7493,WALM087,45-54,Male,"Milwaukee, WI",Home and lifestyle,36,1/6/20,Credit card,7
7494,WALM087,55+,Non-Binary,"Boise, ID",Fashion accessories,27,4/25/20,Credit card,5
7495,WALM025,25-34,Male,"New Orleans, LA",Home and lifestyle,38,8/9/21,Credit card,4
7496,WALM074,25-34,Non-Binary,"New Orleans, LA",Fashion accessories,26,4/25/23,Credit card,5
7497,WALM058,25-34,Non-Binary,"Charleston, WV",Home and lifestyle,74,1/19/20,Credit card,3
7498,WALM086,55+,Female,"Newark, NJ",Fashion accessories,252,7/28/23,Credit card,3
7499,WALM087,18-24,Prefer Not to Say,"Milwaukee, WI",Home and lifestyle,31,10/25/19,Credit card,5
7500,WALM046,35-44,Non-Binary,"Manchester, NH",Fashion accessories,117,1/29/19,Credit card,6
7501,WALM029,25-34,Female,"Detroit, MI",Home and lifestyle,48,3/4/20,Credit card,3
7502,WALM035,18-24,Male,"Honolulu, HI",Fashion accessories,147,7/22/21,Credit card,5
7503,WALM029,35-44,Prefer Not to Say,"Hartford, CT",Home and lifestyle,86,8/28/23,Credit card,6
7504,WALM046,18-24,Male,"Charlotte, NC",Fashion accessories,147,10/20/22,Credit card,7
7505,WALM025,45-54,Male,"Phoenix, AZ",Home and lifestyle,61,8/17/21,Credit card,7
7506,WALM082,45-54,Prefer Not to Say,"Chicago, IL",Fashion accessories,68,3/25/22,Credit card,3
7507,WALM029,35-44,Female,"St. Louis, MO",Home and lifestyle,120,8/4/22,Credit card,5
7508,WALM038,55+,Prefer Not to Say,"Boise, ID",Fashion accessories,49,12/17/20,Credit card,7
7509,WALM029,45-54,Male,"Charleston, SC",Home and lifestyle,140,1/1/21,Credit card,3
7510,WALM055,55+,Male,"Denver, CO",Fashion accessories,68,9/26/22,Credit card,5
7511,WALM030,35-44,Prefer Not to Say,"New Orleans, LA",Home and lifestyle,74,9/16/23,Credit card,4
7512,WALM054,18-24,Prefer Not to Say,"Columbus, OH",Fashion accessories,141,4/20/21,Credit card,6
7513,WALM054,45-54,Prefer Not to Say,"Denver, CO",Home and lifestyle,216,10/17/22,Credit card,6
7514,WALM032,35-44,Prefer Not to Say,"Burlington, VT",Fashion accessories,192,11/27/20,Credit card,7
7515,WALM069,55+,Male,"Charlotte, NC",Home and lifestyle,168,4/7/20,Credit card,3
7516,WALM050,25-34,Male,"Oklahoma City, OK",Fashion accessories,144,1/2/20,Ewallet,5
7517,WALM035,25-34,Female,"Baltimore, MD",Home and lifestyle,46,4/17/21,Credit card,6
7518,WALM054,45-54,Non-Binary,"Atlanta, GA",Fashion accessories,45,12/17/21,Credit card,3
7519,WALM075,45-54,Female,"New Orleans, LA",Home and lifestyle,189,7/1/22,Credit card,5
7520,WALM025,25-34,Male,"Nashville, TN",Fashion accessories,84,3/8/19,Credit card,7
7521,WALM035,18-24,Female,"Albuquerque, NM",Home and lifestyle,24,1/21/22,Credit card,6
7522,WALM086,35-44,Prefer Not to Say,"Detroit, MI",Fashion accessories,252,5/1/22,Credit card,6
7523,WALM065,55+,Male,"Jackson, MS",Home and lifestyle,170,10/1/23,Credit card,7
7524,WALM089,45-54,Non-Binary,"Boston, MA",Fashion accessories,162,7/10/21,Credit card,5
7525,WALM073,55+,Prefer Not to Say,"Portland, ME",Home and lifestyle,159,4/5/21,Credit card,6
7526,WALM086,55+,Prefer Not to Say,"Houston, TX",Fashion accessories,189,8/7/22,Credit card,6
7527,WALM003,55+,Male,"Little Rock, AR",Home and lifestyle,72,11/29/22,Credit card,6
7528,WALM050,25-34,Non-Binary,"Boise, ID",Fashion accessories,108,8/22/23,Ewallet,7
7529,WALM038,25-34,Male,"Portland, ME",Home and lifestyle,168,2/3/22,Credit card,3
7530,WALM046,55+,Female,"Denver, CO",Fashion accessories,132,12/25/22,Credit card,3
7531,WALM050,18-24,Male,"Minneapolis, MN",Home and lifestyle,42,6/5/22,Ewallet,3
7532,WALM065,25-34,Non-Binary,"Columbus, OH",Fashion accessories,118,2/10/19,Credit card,3
7533,WALM075,35-44,Prefer Not to Say,"Des Moines, IA",Home and lifestyle,192,7/6/20,Credit card,3
7534,WALM055,45-54,Prefer Not to Say,"Billings, MT",Fashion accessories,52,4/23/21,Credit card,5
7535,WALM029,45-54,Prefer Not to Say,"New York City, NY",Home and lifestyle,81,7/25/23,Credit card,7
7536,WALM030,45-54,Male,"Hartford, CT",Fashion accessories,48,3/7/22,Credit card,5
7537,WALM069,35-44,Prefer Not to Say,"Chicago, IL",Home and lifestyle,237,8/21/19,Credit card,6
7538,WALM054,18-24,Prefer Not to Say,"Honolulu, HI",Fashion accessories,102,6/8/20,Credit card,5
7539,WALM073,55+,Non-Binary,"Anchorage, AK",Home and lifestyle,166,5/17/21,Credit card,3
7540,WALM082,18-24,Female,"New York City, NY",Fashion accessories,23,3/26/20,Credit card,7
7541,WALM069,35-44,Non-Binary,"New Orleans, LA",Home and lifestyle,144,9/7/19,Credit card,4
7542,WALM038,45-54,Male,"Las Vegas, NV",Fashion accessories,88,8/26/20,Credit card,4
7543,WALM038,18-24,Non-Binary,"Boston, MA",Home and lifestyle,132,8/17/20,Credit card,4
7544,WALM038,55+,Male,"Chicago, IL",Fashion accessories,138,5/25/19,Credit card,7
7545,WALM050,45-54,Non-Binary,"New York City, NY",Home and lifestyle,66,9/14/19,Ewallet,5
7546,WALM086,45-54,Male,"Louisville, KY",Fashion accessories,46,8/29/23,Credit card,6
7547,WALM086,18-24,Non-Binary,"New York City, NY",Home and lifestyle,48,1/31/21,Credit card,3
7548,WALM073,18-24,Female,"Baltimore, MD",Fashion accessories,198,12/6/19,Credit card,4
7549,WALM030,35-44,Female,"Newark, NJ",Home and lifestyle,141,2/15/19,Credit card,6
7550,WALM055,55+,Male,"Minneapolis, MN",Fashion accessories,225,7/27/20,Credit card,7
7551,WALM025,45-54,Male,"Louisville, KY",Home and lifestyle,66,11/28/23,Credit card,3
7552,WALM082,18-24,Female,"Minneapolis, MN",Fashion accessories,78,12/26/20,Credit card,3
7553,WALM082,25-34,Female,"Baltimore, MD",Home and lifestyle,62,7/19/23,Credit card,4
7554,WALM084,45-54,Male,"Phoenix, AZ",Fashion accessories,15,6/20/20,Credit card,7
7555,WALM075,25-34,Non-Binary,"Louisville, KY",Home and lifestyle,156,4/12/21,Credit card,6
7556,WALM089,45-54,Prefer Not to Say,"Hartford, CT",Fashion accessories,92,12/5/19,Credit card,7
7557,WALM082,18-24,Female,"Burlington, VT",Home and lifestyle,83,2/27/23,Credit card,3
7558,WALM099,18-24,Non-Binary,"Detroit, MI",Fashion accessories,162,1/28/23,Credit card,3
7559,WALM056,25-34,Non-Binary,"Cheyenne, WY",Home and lifestyle,110,5/5/19,Credit card,4
7560,WALM074,25-34,Female,"Columbus, OH",Fashion accessories,76,8/5/19,Credit card,7
7561,WALM046,25-34,Male,"Manchester, NH",Home and lifestyle,100,12/14/22,Credit card,3
7562,WALM075,55+,Female,"Indianapolis, IN",Fashion accessories,237,12/19/23,Credit card,4
7563,WALM087,25-34,Male,"Providence, RI",Home and lifestyle,75,4/16/23,Credit card,3
7564,WALM029,18-24,Female,"Nashville, TN",Fashion accessories,183,4/15/23,Credit card,4
7565,WALM050,25-34,Prefer Not to Say,"St. Louis, MO",Home and lifestyle,40,11/15/19,Ewallet,5
7566,WALM035,55+,Male,"Little Rock, AR",Fashion accessories,74,5/31/19,Credit card,4
7567,WALM065,55+,Non-Binary,"Newark, NJ",Home and lifestyle,255,10/2/19,Credit card,4
7568,WALM009,18-24,Prefer Not to Say,"Chicago, IL",Fashion accessories,30,8/27/20,Credit card,6
7569,WALM032,35-44,Female,"Little Rock, AR",Home and lifestyle,243,2/17/20,Credit card,6
7570,WALM084,25-34,Prefer Not to Say,"Des Moines, IA",Fashion accessories,66,3/24/22,Credit card,6
7571,WALM009,45-54,Non-Binary,"Chicago, IL",Home and lifestyle,34,3/20/19,Credit card,4
7572,WALM089,18-24,Non-Binary,"Las Vegas, NV",Fashion accessories,33,5/20/23,Credit card,6
7573,WALM082,45-54,Female,"Philadelphia, PA",Home and lifestyle,51,11/10/23,Credit card,4
7574,WALM084,35-44,Female,"Milwaukee, WI",Fashion accessories,46,5/24/22,Credit card,7
7575,WALM084,18-24,Female,"Hartford, CT",Home and lifestyle,100,8/21/19,Credit card,4
7576,WALM029,45-54,Non-Binary,"Houston, TX",Fashion accessories,201,6/3/20,Credit card,5
7577,WALM025,18-24,Prefer Not to Say,"Fargo, ND",Home and lifestyle,177,6/3/22,Credit card,3
7578,WALM075,18-24,Male,"Omaha, NE",Fashion accessories,150,9/25/19,Credit card,6
7579,WALM058,18-24,Male,"Minneapolis, MN",Home and lifestyle,15,11/28/19,Credit card,3
7580,WALM046,45-54,Male,"Des Moines, IA",Fashion accessories,40,5/15/21,Credit card,7
7581,WALM099,55+,Female,"Houston, TX",Home and lifestyle,27,9/6/23,Credit card,5
7582,WALM089,18-24,Non-Binary,"Virginia Beach, VA",Fashion accessories,118,2/12/19,Credit card,4
7583,WALM038,35-44,Male,"Oklahoma City, OK",Home and lifestyle,16,10/29/22,Credit card,3
7584,WALM055,25-34,Female,"Billings, MT",Fashion accessories,134,9/17/20,Credit card,5
7585,WALM038,18-24,Non-Binary,"Hartford, CT",Home and lifestyle,48,8/31/19,Credit card,5
7586,WALM025,45-54,Prefer Not to Say,"Houston, TX",Fashion accessories,82,5/25/22,Credit card,6
7587,WALM003,45-54,Male,"Philadelphia, PA",Home and lifestyle,168,1/4/22,Credit card,3
7588,WALM055,45-54,Prefer Not to Say,"Minneapolis, MN",Fashion accessories,102,5/14/19,Credit card,3
7589,WALM084,25-34,Non-Binary,"Atlanta, GA",Home and lifestyle,92,12/16/21,Credit card,7
7590,WALM082,55+,Non-Binary,"Portland, OR",Fashion accessories,58,8/31/20,Credit card,5
7591,WALM050,25-34,Male,"Birmingham, AL",Home and lifestyle,108,11/13/23,Ewallet,7
7592,WALM065,55+,Prefer Not to Say,"Newark, NJ",Fashion accessories,216,3/9/21,Credit card,3
7593,WALM084,25-34,Prefer Not to Say,"Charlotte, NC",Home and lifestyle,45,1/23/23,Credit card,7
7594,WALM074,35-44,Prefer Not to Say,"Louisville, KY",Fashion accessories,44,12/21/20,Credit card,7
7595,WALM087,18-24,Non-Binary,"Birmingham, AL",Home and lifestyle,68,10/21/21,Credit card,6
7596,WALM035,18-24,Non-Binary,"Denver, CO",Fashion accessories,41,3/24/23,Credit card,4
7597,WALM032,55+,Non-Binary,"Anchorage, AK",Home and lifestyle,69,2/12/23,Credit card,6
7598,WALM038,18-24,Female,"Fargo, ND",Fashion accessories,234,12/11/21,Credit card,4
7599,WALM003,45-54,Non-Binary,"Birmingham, AL",Home and lifestyle,60,2/20/23,Credit card,7
7600,WALM046,18-24,Male,"Detroit, MI",Fashion accessories,48,12/19/19,Credit card,7
7601,WALM058,45-54,Female,"Jackson, MS",Home and lifestyle,64,9/21/19,Credit card,3
7602,WALM089,18-24,Male,"Orlando, FL",Fashion accessories,74,2/7/19,Credit card,6
7603,WALM099,35-44,Female,"Milwaukee, WI",Home and lifestyle,213,12/23/21,Credit card,4
7604,WALM087,18-24,Male,"Orlando, FL",Fashion accessories,70,8/30/20,Credit card,7
7605,WALM032,45-54,Female,"St. Louis, MO",Home and lifestyle,70,10/8/23,Credit card,5
7606,WALM055,45-54,Male,"Providence, RI",Fashion accessories,15,7/8/19,Credit card,6
7607,WALM038,18-24,Male,"Boise, ID",Home and lifestyle,210,4/19/21,Credit card,4
7608,WALM073,45-54,Male,"Atlanta, GA",Fashion accessories,228,8/13/21,Credit card,4
7609,WALM086,45-54,Non-Binary,"Little Rock, AR",Home and lifestyle,180,11/19/20,Credit card,7
7610,WALM035,45-54,Male,"Providence, RI",Fashion accessories,80,3/4/20,Credit card,3
7611,WALM086,45-54,Female,"Charleston, SC",Home and lifestyle,106,1/12/22,Credit card,4
7612,WALM035,55+,Non-Binary,"Portland, OR",Fashion accessories,54,8/25/22,Credit card,6
7613,WALM009,35-44,Non-Binary,"Honolulu, HI",Home and lifestyle,60,11/17/20,Credit card,3
7614,WALM025,55+,Male,"Portland, OR",Fashion accessories,33,10/21/21,Credit card,7
7615,WALM055,25-34,Prefer Not to Say,"Nashville, TN",Home and lifestyle,177,1/23/22,Credit card,6
7616,WALM073,18-24,Male,"Virginia Beach, VA",Fashion accessories,130,11/10/20,Credit card,7
7617,WALM055,55+,Male,"New York City, NY",Home and lifestyle,135,9/28/22,Credit card,4
7618,WALM003,35-44,Prefer Not to Say,"Indianapolis, IN",Fashion accessories,60,11/14/23,Credit card,7
7619,WALM073,25-34,Male,"Jackson, MS",Home and lifestyle,84,6/10/19,Credit card,6
7620,WALM030,55+,Female,"Honolulu, HI",Fashion accessories,65,1/9/21,Credit card,6
7621,WALM055,55+,Male,"Newark, NJ",Home and lifestyle,92,12/6/22,Credit card,4
7622,WALM084,25-34,Prefer Not to Say,"Houston, TX",Fashion accessories,138,11/7/21,Credit card,6
7623,WALM050,45-54,Prefer Not to Say,"Orlando, FL",Home and lifestyle,153,11/7/23,Ewallet,5
7624,WALM065,18-24,Male,"Providence, RI",Fashion accessories,156,2/10/21,Credit card,5
7625,WALM054,55+,Non-Binary,"Wilmington, DE",Home and lifestyle,39,7/23/19,Credit card,7
7626,WALM003,55+,Male,"Burlington, VT",Fashion accessories,132,4/6/23,Credit card,3
7627,WALM054,18-24,Non-Binary,"Sioux Falls, SD",Home and lifestyle,231,5/11/22,Credit card,7
7628,WALM082,25-34,Prefer Not to Say,"Boston, MA",Fashion accessories,58,1/19/21,Credit card,3
7629,WALM086,55+,Non-Binary,"New Orleans, LA",Home and lifestyle,154,9/9/23,Credit card,6
7630,WALM082,25-34,Non-Binary,"Louisville, KY",Fashion accessories,126,3/13/20,Credit card,5
7631,WALM009,25-34,Male,"Boise, ID",Home and lifestyle,18,7/10/21,Credit card,4
7632,WALM050,45-54,Prefer Not to Say,"Portland, OR",Fashion accessories,27,4/2/20,Ewallet,4
7633,WALM082,25-34,Prefer Not to Say,"Birmingham, AL",Home and lifestyle,82,10/6/20,Credit card,7
7634,WALM032,25-34,Non-Binary,"Birmingham, AL",Fashion accessories,61,12/1/23,Credit card,6
7635,WALM073,35-44,Female,"Seattle, WA",Home and lifestyle,81,5/4/20,Credit card,4
7636,WALM032,55+,Prefer Not to Say,"Minneapolis, MN",Fashion accessories,70,4/27/19,Credit card,6
7637,WALM030,18-24,Non-Binary,"Boise, ID",Home and lifestyle,124,2/27/23,Credit card,5
7638,WALM069,25-34,Prefer Not to Say,"Columbus, OH",Fashion accessories,35,2/19/20,Credit card,4
7639,WALM099,35-44,Female,"Philadelphia, PA",Home and lifestyle,67,10/31/19,Credit card,4
7640,WALM056,55+,Female,"Billings, MT",Fashion accessories,138,6/18/22,Credit card,4
7641,WALM075,18-24,Female,"Anchorage, AK",Home and lifestyle,38,10/2/20,Credit card,7
7642,WALM065,55+,Male,"Indianapolis, IN",Fashion accessories,17,8/2/21,Credit card,6
7643,WALM003,55+,Prefer Not to Say,"Anchorage, AK",Home and lifestyle,117,6/15/19,Credit card,4
7644,WALM003,55+,Non-Binary,"Las Vegas, NV",Fashion accessories,142,2/1/19,Credit card,4
7645,WALM065,45-54,Prefer Not to Say,"Birmingham, AL",Home and lifestyle,204,5/23/23,Credit card,3
7646,WALM086,25-34,Non-Binary,"Chicago, IL",Fashion accessories,249,8/13/22,Credit card,4
7647,WALM058,45-54,Prefer Not to Say,"Charleston, WV",Home and lifestyle,111,10/25/22,Credit card,5
7648,WALM082,18-24,Female,"Manchester, NH",Fashion accessories,20,3/9/19,Credit card,6
7649,WALM065,35-44,Non-Binary,"Cheyenne, WY",Home and lifestyle,189,12/23/19,Credit card,6
7650,WALM009,18-24,Non-Binary,"Detroit, MI",Fashion accessories,78,8/10/20,Credit card,6
7651,WALM038,55+,Non-Binary,"New Orleans, LA",Home and lifestyle,90,11/10/23,Credit card,4
7652,WALM058,35-44,Female,"Cheyenne, WY",Fashion accessories,96,7/9/22,Credit card,7
7653,WALM086,18-24,Non-Binary,"Charlotte, NC",Home and lifestyle,44,5/10/22,Credit card,4
7654,WALM003,35-44,Non-Binary,"Portland, ME",Fashion accessories,122,8/5/21,Credit card,3
7655,WALM003,35-44,Male,"Philadelphia, PA",Home and lifestyle,68,3/26/21,Credit card,3
7656,WALM073,35-44,Male,"Portland, OR",Fashion accessories,84,7/3/23,Credit card,4
7657,WALM025,55+,Non-Binary,"Honolulu, HI",Home and lifestyle,84,11/18/20,Credit card,4
7658,WALM065,25-34,Male,"Manchester, NH",Fashion accessories,122,12/7/20,Credit card,4
7659,WALM030,45-54,Male,"Indianapolis, IN",Home and lifestyle,34,11/23/20,Credit card,3
7660,WALM046,55+,Prefer Not to Say,"Philadelphia, PA",Fashion accessories,53,5/8/22,Credit card,5
7661,WALM074,35-44,Non-Binary,"Burlington, VT",Home and lifestyle,73,4/5/23,Credit card,6
7662,WALM050,55+,Male,"Baltimore, MD",Fashion accessories,174,8/23/20,Ewallet,7
7663,WALM086,55+,Non-Binary,"Baltimore, MD",Home and lifestyle,81,2/8/19,Credit card,4
7664,WALM038,45-54,Prefer Not to Say,"Charleston, SC",Fashion accessories,104,4/20/21,Credit card,5
7665,WALM075,35-44,Non-Binary,"Charleston, SC",Home and lifestyle,24,4/16/22,Credit card,6
7666,WALM003,18-24,Male,"Seattle, WA",Fashion accessories,66,1/28/21,Credit card,3
7667,WALM030,45-54,Prefer Not to Say,"Oklahoma City, OK",Home and lifestyle,102,7/4/20,Credit card,6
7668,WALM099,25-34,Female,"Charlotte, NC",Fashion accessories,177,11/8/20,Credit card,5
7669,WALM099,35-44,Female,"Fargo, ND",Home and lifestyle,60,12/24/21,Credit card,3
7670,WALM082,35-44,Female,"Birmingham, AL",Fashion accessories,54,9/30/23,Credit card,7
7671,WALM086,25-34,Female,"Anchorage, AK",Home and lifestyle,100,2/5/23,Credit card,7
7672,WALM084,18-24,Male,"Boston, MA",Fashion accessories,85,2/24/22,Credit card,5
7673,WALM046,25-34,Female,"Oklahoma City, OK",Home and lifestyle,25,10/15/22,Credit card,5
7674,WALM086,45-54,Female,"Anchorage, AK",Fashion accessories,195,1/10/20,Credit card,7
7675,WALM009,45-54,Non-Binary,"Denver, CO",Home and lifestyle,152,3/14/19,Credit card,7
7676,WALM087,55+,Female,"Sioux Falls, SD",Fashion accessories,160,1/5/22,Credit card,7
7677,WALM046,18-24,Female,"Orlando, FL",Home and lifestyle,158,8/26/22,Credit card,6
7678,WALM046,55+,Non-Binary,"Charleston, SC",Fashion accessories,78,7/7/21,Credit card,5
7679,WALM029,18-24,Non-Binary,"Louisville, KY",Home and lifestyle,54,7/9/20,Credit card,4
7680,WALM003,45-54,Prefer Not to Say,"Orlando, FL",Fashion accessories,52,1/11/20,Credit card,4
7681,WALM058,25-34,Female,"Columbus, OH",Home and lifestyle,180,3/23/20,Credit card,5
7682,WALM032,55+,Female,"Baltimore, MD",Fashion accessories,46,2/11/21,Credit card,7
7683,WALM029,18-24,Female,"Omaha, NE",Home and lifestyle,72,9/4/21,Credit card,5
7684,WALM065,55+,Male,"Philadelphia, PA",Fashion accessories,207,4/9/23,Credit card,4
7685,WALM074,25-34,Non-Binary,"Charleston, SC",Home and lifestyle,35,12/9/19,Credit card,6
7686,WALM082,35-44,Male,"Manchester, NH",Fashion accessories,164,1/13/19,Credit card,3
7687,WALM038,18-24,Male,"Charlotte, NC",Home and lifestyle,24,12/12/19,Credit card,7
7688,WALM035,55+,Non-Binary,"Columbus, OH",Fashion accessories,71,11/14/20,Credit card,7
7689,WALM055,25-34,Non-Binary,"Charleston, WV",Home and lifestyle,102,9/3/19,Credit card,4
7690,WALM035,25-34,Female,"Fargo, ND",Fashion accessories,177,4/25/22,Credit card,4
7691,WALM069,35-44,Prefer Not to Say,"Las Vegas, NV",Home and lifestyle,66,2/14/22,Credit card,6
7692,WALM009,55+,Non-Binary,"St. Louis, MO",Fashion accessories,120,11/8/21,Credit card,3
7693,WALM058,45-54,Male,"Minneapolis, MN",Home and lifestyle,15,12/2/20,Credit card,7
7694,WALM069,25-34,Non-Binary,"Boise, ID",Fashion accessories,68,7/10/21,Credit card,3
7695,WALM032,25-34,Female,"Charleston, WV",Home and lifestyle,60,11/16/23,Credit card,3
7696,WALM089,25-34,Non-Binary,"St. Louis, MO",Fashion accessories,165,1/26/20,Credit card,3
7697,WALM073,25-34,Male,"Fargo, ND",Home and lifestyle,234,12/4/19,Credit card,7
7698,WALM003,45-54,Male,"Charleston, WV",Fashion accessories,126,10/8/22,Credit card,7
7699,WALM084,25-34,Male,"Orlando, FL",Home and lifestyle,42,10/20/19,Credit card,5
7700,WALM086,25-34,Non-Binary,"Detroit, MI",Fashion accessories,44,1/19/21,Credit card,7
7701,WALM087,35-44,Prefer Not to Say,"Louisville, KY",Home and lifestyle,74,3/30/19,Credit card,4
7702,WALM084,45-54,Non-Binary,"Denver, CO",Fashion accessories,38,6/7/23,Credit card,4
7703,WALM073,35-44,Female,"Cheyenne, WY",Home and lifestyle,61,4/20/20,Credit card,4
7704,WALM009,45-54,Male,"Providence, RI",Fashion accessories,148,5/14/22,Credit card,3
7705,WALM065,35-44,Male,"Seattle, WA",Home and lifestyle,33,2/5/23,Credit card,6
7706,WALM054,25-34,Female,"Burlington, VT",Fashion accessories,99,12/30/21,Credit card,6
7707,WALM087,18-24,Female,"Baltimore, MD",Home and lifestyle,135,12/29/23,Credit card,3
7708,WALM099,25-34,Female,"Boise, ID",Fashion accessories,54,7/5/21,Credit card,4
7709,WALM050,18-24,Non-Binary,"Las Vegas, NV",Home and lifestyle,70,7/13/23,Ewallet,5
7710,WALM046,25-34,Prefer Not to Say,"Boston, MA",Fashion accessories,55,2/17/20,Credit card,3
7711,WALM003,18-24,Female,"Fargo, ND",Home and lifestyle,120,9/13/23,Credit card,3
7712,WALM003,18-24,Non-Binary,"Houston, TX",Fashion accessories,110,10/19/21,Credit card,6
7713,WALM084,25-34,Prefer Not to Say,"Salt Lake City, UT",Home and lifestyle,246,8/9/19,Credit card,3
7714,WALM069,35-44,Non-Binary,"Oklahoma City, OK",Fashion accessories,126,1/11/21,Credit card,6
7715,WALM087,35-44,Prefer Not to Say,"Las Vegas, NV",Home and lifestyle,219,4/23/22,Credit card,4
7716,WALM056,35-44,Non-Binary,"Chicago, IL",Fashion accessories,164,5/28/21,Credit card,4
7717,WALM065,35-44,Female,"Cheyenne, WY",Home and lifestyle,66,8/21/20,Credit card,4
7718,WALM058,45-54,Male,"Baltimore, MD",Fashion accessories,49,8/13/23,Credit card,5
7719,WALM032,35-44,Male,"Virginia Beach, VA",Home and lifestyle,64,6/5/19,Credit card,7
7720,WALM075,35-44,Non-Binary,"Charleston, WV",Fashion accessories,154,9/3/21,Credit card,6
7721,WALM009,55+,Prefer Not to Say,"Albuquerque, NM",Home and lifestyle,240,9/11/20,Credit card,7
7722,WALM009,25-34,Non-Binary,"Virginia Beach, VA",Fashion accessories,66,10/26/22,Credit card,5
7723,WALM065,25-34,Prefer Not to Say,"Anchorage, AK",Home and lifestyle,112,1/28/19,Credit card,5
7724,WALM065,45-54,Female,"Providence, RI",Fashion accessories,130,12/1/22,Credit card,6
7725,WALM003,35-44,Male,"Fargo, ND",Home and lifestyle,88,4/14/20,Credit card,5
7726,WALM058,18-24,Non-Binary,"Burlington, VT",Fashion accessories,74,7/16/19,Credit card,5
7727,WALM086,55+,Non-Binary,"St. Louis, MO",Home and lifestyle,228,3/8/21,Credit card,6
7728,WALM009,25-34,Male,"Birmingham, AL",Fashion accessories,108,3/1/22,Credit card,6
7729,WALM082,55+,Male,"Philadelphia, PA",Home and lifestyle,132,11/18/22,Credit card,4
7730,WALM099,25-34,Prefer Not to Say,"Orlando, FL",Fashion accessories,79,11/8/22,Credit card,5
7731,WALM086,25-34,Non-Binary,"Philadelphia, PA",Home and lifestyle,84,9/10/23,Credit card,5
7732,WALM087,35-44,Male,"Burlington, VT",Fashion accessories,152,12/18/19,Credit card,5
7733,WALM056,35-44,Male,"Albuquerque, NM",Home and lifestyle,15,1/28/19,Credit card,7
7734,WALM074,55+,Prefer Not to Say,"Charlotte, NC",Fashion accessories,237,11/24/21,Credit card,3
7735,WALM058,18-24,Non-Binary,"Omaha, NE",Home and lifestyle,71,11/3/20,Credit card,3
7736,WALM035,25-34,Prefer Not to Say,"Louisville, KY",Fashion accessories,20,10/10/21,Credit card,6
7737,WALM089,55+,Non-Binary,"Columbus, OH",Home and lifestyle,231,4/13/19,Credit card,4
7738,WALM099,45-54,Male,"Indianapolis, IN",Fashion accessories,112,10/28/21,Credit card,6
7739,WALM056,55+,Female,"Portland, OR",Home and lifestyle,48,1/26/23,Credit card,7
7740,WALM046,25-34,Male,"New York City, NY",Fashion accessories,110,12/6/22,Credit card,5
7741,WALM084,45-54,Female,"Atlanta, GA",Home and lifestyle,174,4/8/22,Credit card,5
7742,WALM084,18-24,Non-Binary,"Nashville, TN",Fashion accessories,15,11/5/20,Credit card,3
7743,WALM073,25-34,Prefer Not to Say,"Philadelphia, PA",Home and lifestyle,87,11/27/19,Credit card,5
7744,WALM038,35-44,Non-Binary,"Baltimore, MD",Fashion accessories,171,12/25/19,Credit card,3
7745,WALM086,35-44,Non-Binary,"Milwaukee, WI",Home and lifestyle,60,10/29/19,Credit card,6
7746,WALM058,45-54,Non-Binary,"Sioux Falls, SD",Fashion accessories,166,10/22/22,Credit card,4
7747,WALM087,25-34,Male,"Indianapolis, IN",Home and lifestyle,154,11/10/19,Credit card,4
7748,WALM074,18-24,Male,"Oklahoma City, OK",Fashion accessories,225,4/11/21,Credit card,7
7749,WALM030,55+,Male,"Birmingham, AL",Home and lifestyle,16,8/15/23,Credit card,6
7750,WALM065,55+,Non-Binary,"Anchorage, AK",Fashion accessories,40,12/28/20,Credit card,5
7751,WALM075,55+,Non-Binary,"Burlington, VT",Home and lifestyle,60,1/6/19,Credit card,4
7752,WALM054,25-34,Prefer Not to Say,"Burlington, VT",Fashion accessories,44,10/25/21,Credit card,6
7753,WALM032,18-24,Female,"Indianapolis, IN",Home and lifestyle,198,9/25/23,Credit card,7
7754,WALM087,18-24,Female,"Oklahoma City, OK",Fashion accessories,44,1/31/20,Credit card,5
7755,WALM046,45-54,Male,"Little Rock, AR",Home and lifestyle,63,12/24/21,Credit card,7
7756,WALM030,25-34,Male,"Anchorage, AK",Fashion accessories,159,5/29/19,Credit card,7
7757,WALM074,25-34,Prefer Not to Say,"Cheyenne, WY",Home and lifestyle,49,8/2/19,Credit card,7
7758,WALM009,18-24,Prefer Not to Say,"Jackson, MS",Fashion accessories,61,3/6/20,Credit card,6
7759,WALM069,35-44,Male,"Boise, ID",Home and lifestyle,198,9/17/20,Credit card,3
7760,WALM054,35-44,Non-Binary,"Little Rock, AR",Fashion accessories,79,5/19/23,Credit card,6
7761,WALM069,18-24,Non-Binary,"Albuquerque, NM",Home and lifestyle,144,11/21/22,Credit card,4
7762,WALM009,25-34,Male,"Little Rock, AR",Fashion accessories,48,6/14/22,Credit card,3
7763,WALM069,55+,Prefer Not to Say,"Salt Lake City, UT",Home and lifestyle,138,9/21/23,Credit card,7
7764,WALM087,55+,Male,"Portland, OR",Fashion accessories,51,6/13/21,Credit card,6
7765,WALM032,35-44,Male,"New Orleans, LA",Home and lifestyle,23,7/13/23,Credit card,3
7766,WALM056,35-44,Non-Binary,"Oklahoma City, OK",Fashion accessories,85,6/1/19,Credit card,7
7767,WALM065,35-44,Non-Binary,"Sioux Falls, SD",Home and lifestyle,72,5/16/22,Credit card,7
7768,WALM035,35-44,Prefer Not to Say,"Honolulu, HI",Fashion accessories,15,9/6/22,Credit card,7
7769,WALM069,18-24,Prefer Not to Say,"St. Louis, MO",Home and lifestyle,231,3/16/21,Credit card,7
7770,WALM073,55+,Prefer Not to Say,"Albuquerque, NM",Fashion accessories,30,3/27/20,Credit card,3
7771,WALM075,18-24,Male,"Phoenix, AZ",Home and lifestyle,70,7/18/23,Credit card,7
7772,WALM035,25-34,Female,"Minneapolis, MN",Fashion accessories,162,10/12/20,Credit card,4
7773,WALM074,18-24,Non-Binary,"Houston, TX",Home and lifestyle,154,12/6/22,Credit card,4
7774,WALM089,35-44,Prefer Not to Say,"Des Moines, IA",Fashion accessories,77,4/25/20,Credit card,5
7775,WALM003,35-44,Male,"Salt Lake City, UT",Home and lifestyle,33,3/9/21,Credit card,5
7776,WALM050,55+,Prefer Not to Say,"St. Louis, MO",Fashion accessories,243,11/15/19,Ewallet,3
7777,WALM058,25-34,Female,"Fargo, ND",Home and lifestyle,123,9/17/22,Credit card,7
7778,WALM046,18-24,Male,"Albuquerque, NM",Fashion accessories,71,12/6/22,Credit card,7
7779,WALM074,35-44,Male,"Birmingham, AL",Home and lifestyle,98,12/30/19,Credit card,5
7780,WALM086,55+,Female,"Nashville, TN",Fashion accessories,62,12/15/21,Credit card,5
7781,WALM099,35-44,Female,"Indianapolis, IN",Home and lifestyle,124,1/1/21,Credit card,4
7782,WALM089,55+,Prefer Not to Say,"Oklahoma City, OK",Fashion accessories,65,10/23/19,Credit card,5
7783,WALM050,18-24,Male,"Charlotte, NC",Home and lifestyle,67,8/23/22,Ewallet,3
7784,WALM069,25-34,Non-Binary,"Anchorage, AK",Fashion accessories,166,5/20/22,Credit card,5
7785,WALM056,18-24,Prefer Not to Say,"Albuquerque, NM",Home and lifestyle,23,12/19/23,Credit card,4
7786,WALM065,45-54,Prefer Not to Say,"Portland, ME",Fashion accessories,135,8/16/19,Credit card,7
7787,WALM074,18-24,Male,"Milwaukee, WI",Home and lifestyle,120,9/9/21,Credit card,6
7788,WALM054,18-24,Prefer Not to Say,"Detroit, MI",Fashion accessories,156,8/15/21,Credit card,4
7789,WALM065,35-44,Female,"Virginia Beach, VA",Home and lifestyle,35,11/7/23,Credit card,3
7790,WALM046,35-44,Prefer Not to Say,"Albuquerque, NM",Fashion accessories,117,12/31/22,Credit card,7
7791,WALM038,35-44,Non-Binary,"Detroit, MI",Home and lifestyle,156,5/17/20,Credit card,6
7792,WALM009,55+,Female,"Minneapolis, MN",Fashion accessories,192,3/17/21,Credit card,4
7793,WALM082,35-44,Male,"Jackson, MS",Home and lifestyle,237,7/9/19,Credit card,5
7794,WALM032,25-34,Male,"Indianapolis, IN",Fashion accessories,69,5/27/19,Credit card,4
7795,WALM032,55+,Male,"Albuquerque, NM",Home and lifestyle,110,9/30/20,Credit card,7
7796,WALM009,18-24,Female,"Oklahoma City, OK",Fashion accessories,177,2/3/23,Credit card,3
7797,WALM065,18-24,Female,"New York City, NY",Home and lifestyle,24,9/24/23,Credit card,4
7798,WALM056,35-44,Non-Binary,"Des Moines, IA",Fashion accessories,180,11/8/22,Credit card,4
7799,WALM075,55+,Prefer Not to Say,"Albuquerque, NM",Home and lifestyle,51,8/23/22,Credit card,3
7800,WALM003,45-54,Non-Binary,"Salt Lake City, UT",Fashion accessories,36,11/22/19,Credit card,3
7801,WALM075,25-34,Female,"Albuquerque, NM",Home and lifestyle,222,11/15/19,Credit card,3
7802,WALM084,18-24,Prefer Not to Say,"St. Louis, MO",Fashion accessories,124,4/26/21,Credit card,3
7803,WALM046,55+,Female,"Birmingham, AL",Home and lifestyle,90,8/14/22,Credit card,7
7804,WALM086,55+,Prefer Not to Say,"Newark, NJ",Fashion accessories,72,6/9/22,Credit card,6
7805,WALM055,25-34,Female,"Newark, NJ",Home and lifestyle,42,3/8/20,Credit card,3
7806,WALM056,25-34,Male,"Detroit, MI",Fashion accessories,100,2/9/23,Credit card,4
7807,WALM073,18-24,Non-Binary,"Sioux Falls, SD",Home and lifestyle,166,10/10/19,Credit card,6
7808,WALM065,55+,Non-Binary,"Fargo, ND",Fashion accessories,213,9/6/23,Credit card,5
7809,WALM009,25-34,Prefer Not to Say,"Sioux Falls, SD",Home and lifestyle,183,5/7/23,Credit card,4
7810,WALM055,55+,Female,"Detroit, MI",Fashion accessories,123,7/27/23,Credit card,5
7811,WALM046,25-34,Prefer Not to Say,"Wichita, KS",Home and lifestyle,120,12/30/21,Credit card,3
7812,WALM058,18-24,Non-Binary,"Birmingham, AL",Fashion accessories,76,8/23/23,Credit card,5
7813,WALM003,25-34,Non-Binary,"Columbus, OH",Home and lifestyle,135,7/11/20,Credit card,6
7814,WALM084,25-34,Female,"Hartford, CT",Fashion accessories,72,12/16/19,Credit card,3
7815,WALM055,35-44,Non-Binary,"Birmingham, AL",Home and lifestyle,62,9/30/21,Credit card,6
7816,WALM087,18-24,Female,"Wilmington, DE",Fashion accessories,21,2/10/22,Credit card,4
7817,WALM025,35-44,Prefer Not to Say,"Honolulu, HI",Home and lifestyle,153,8/17/22,Credit card,6
7818,WALM065,45-54,Male,"Chicago, IL",Fashion accessories,31,2/2/21,Credit card,3
7819,WALM087,45-54,Female,"Atlanta, GA",Home and lifestyle,64,7/5/23,Credit card,4
7820,WALM089,35-44,Female,"St. Louis, MO",Fashion accessories,116,5/4/20,Credit card,5
7821,WALM084,35-44,Female,"Nashville, TN",Home and lifestyle,96,10/23/20,Credit card,5
7822,WALM032,25-34,Female,"Portland, ME",Fashion accessories,152,6/12/20,Credit card,4
7823,WALM030,35-44,Female,"Orlando, FL",Home and lifestyle,40,10/14/19,Credit card,5
7824,WALM054,18-24,Non-Binary,"Minneapolis, MN",Fashion accessories,92,4/20/21,Credit card,4
7825,WALM099,35-44,Prefer Not to Say,"Des Moines, IA",Home and lifestyle,177,11/29/20,Credit card,7
7826,WALM054,55+,Non-Binary,"Honolulu, HI",Fashion accessories,154,8/3/23,Credit card,4
7827,WALM046,18-24,Non-Binary,"Orlando, FL",Home and lifestyle,44,4/6/20,Credit card,7
7828,WALM054,25-34,Prefer Not to Say,"Boston, MA",Fashion accessories,114,4/1/19,Credit card,7
7829,WALM099,45-54,Non-Binary,"Philadelphia, PA",Home and lifestyle,136,9/23/22,Credit card,7
7830,WALM058,18-24,Female,"Wichita, KS",Fashion accessories,150,1/10/22,Credit card,5
7831,WALM056,55+,Non-Binary,"Indianapolis, IN",Home and lifestyle,74,4/29/23,Credit card,3
7832,WALM084,18-24,Male,"Chicago, IL",Fashion accessories,213,6/21/19,Credit card,5
7833,WALM030,45-54,Female,"Virginia Beach, VA",Home and lifestyle,53,5/10/20,Credit card,5
7834,WALM035,18-24,Prefer Not to Say,"Phoenix, AZ",Fashion accessories,81,8/16/23,Credit card,3
7835,WALM029,45-54,Prefer Not to Say,"St. Louis, MO",Home and lifestyle,68,4/11/23,Credit card,4
7836,WALM065,45-54,Prefer Not to Say,"Jackson, MS",Fashion accessories,23,1/7/22,Credit card,3
7837,WALM054,35-44,Female,"Omaha, NE",Home and lifestyle,45,8/19/21,Credit card,6
7838,WALM030,35-44,Non-Binary,"Anchorage, AK",Fashion accessories,165,8/24/19,Credit card,4
7839,WALM003,45-54,Non-Binary,"Omaha, NE",Home and lifestyle,252,7/17/19,Credit card,4
7840,WALM086,55+,Female,"Newark, NJ",Fashion accessories,78,6/10/19,Credit card,4
7841,WALM035,18-24,Male,"Charlotte, NC",Home and lifestyle,180,6/3/23,Credit card,7
7842,WALM084,18-24,Prefer Not to Say,"Newark, NJ",Fashion accessories,24,3/17/21,Credit card,5
7843,WALM099,45-54,Male,"Indianapolis, IN",Home and lifestyle,162,11/9/20,Credit card,6
7844,WALM086,55+,Female,"Philadelphia, PA",Fashion accessories,85,12/19/22,Credit card,5
7845,WALM089,18-24,Male,"Providence, RI",Home and lifestyle,66,10/29/21,Credit card,4
7846,WALM009,18-24,Female,"Portland, OR",Fashion accessories,84,11/27/23,Credit card,5
7847,WALM089,18-24,Prefer Not to Say,"Nashville, TN",Home and lifestyle,177,11/5/23,Credit card,5
7848,WALM073,18-24,Prefer Not to Say,"Nashville, TN",Fashion accessories,50,5/27/21,Credit card,3
7849,WALM038,55+,Non-Binary,"Las Vegas, NV",Home and lifestyle,123,2/6/21,Credit card,4
7850,WALM069,18-24,Prefer Not to Say,"Columbus, OH",Fashion accessories,116,5/6/20,Credit card,7
7851,WALM029,35-44,Male,"Salt Lake City, UT",Home and lifestyle,23,8/16/23,Credit card,6
7852,WALM029,55+,Prefer Not to Say,"Denver, CO",Fashion accessories,98,9/14/19,Credit card,4
7853,WALM086,18-24,Female,"Des Moines, IA",Home and lifestyle,40,4/13/21,Credit card,4
7854,WALM089,45-54,Female,"Little Rock, AR",Fashion accessories,44,8/10/20,Credit card,7
7855,WALM075,35-44,Female,"Oklahoma City, OK",Home and lifestyle,142,3/22/21,Credit card,4
7856,WALM050,35-44,Male,"Indianapolis, IN",Fashion accessories,75,4/26/19,Ewallet,4
7857,WALM025,25-34,Male,"Baltimore, MD",Home and lifestyle,57,4/23/19,Credit card,3
7858,WALM030,18-24,Female,"Seattle, WA",Fashion accessories,18,4/5/21,Credit card,7
7859,WALM025,45-54,Male,"Detroit, MI",Home and lifestyle,102,2/22/19,Credit card,7
7860,WALM054,45-54,Male,"New Orleans, LA",Fashion accessories,170,7/29/19,Credit card,5
7861,WALM009,45-54,Non-Binary,"Hartford, CT",Home and lifestyle,20,8/18/23,Credit card,3
7862,WALM050,25-34,Prefer Not to Say,"Fargo, ND",Fashion accessories,132,11/22/19,Ewallet,5
7863,WALM054,45-54,Prefer Not to Say,"Nashville, TN",Home and lifestyle,80,9/5/19,Credit card,5
7864,WALM038,18-24,Female,"Little Rock, AR",Fashion accessories,75,6/26/21,Credit card,6
7865,WALM065,45-54,Female,"Birmingham, AL",Home and lifestyle,60,7/7/19,Credit card,3
7866,WALM003,35-44,Prefer Not to Say,"Columbus, OH",Fashion accessories,111,5/28/21,Credit card,6
7867,WALM003,25-34,Female,"Newark, NJ",Home and lifestyle,16,4/22/19,Credit card,6
7868,WALM054,55+,Prefer Not to Say,"Newark, NJ",Fashion accessories,41,5/14/22,Credit card,6
7869,WALM084,25-34,Non-Binary,"Nashville, TN",Home and lifestyle,32,7/23/23,Credit card,6
7870,WALM087,55+,Non-Binary,"New York City, NY",Fashion accessories,81,4/11/21,Credit card,4
7871,WALM074,35-44,Female,"Boston, MA",Home and lifestyle,54,9/7/20,Credit card,4
7872,WALM074,55+,Female,"Salt Lake City, UT",Fashion accessories,63,3/1/23,Credit card,7
7873,WALM084,55+,Female,"Charlotte, NC",Home and lifestyle,192,8/22/22,Credit card,7
7874,WALM058,18-24,Male,"Salt Lake City, UT",Fashion accessories,76,4/8/23,Credit card,6
7875,WALM089,25-34,Non-Binary,"Cheyenne, WY",Home and lifestyle,234,12/6/20,Credit card,6
7876,WALM087,18-24,Prefer Not to Say,"Nashville, TN",Fashion accessories,50,2/2/20,Credit card,7
7877,WALM084,55+,Non-Binary,"Charleston, SC",Home and lifestyle,40,4/20/20,Credit card,7
7878,WALM032,35-44,Male,"Albuquerque, NM",Fashion accessories,66,10/20/21,Credit card,7
7879,WALM082,55+,Female,"Jackson, MS",Home and lifestyle,81,9/16/21,Credit card,6
7880,WALM084,35-44,Male,"Salt Lake City, UT",Fashion accessories,54,2/11/22,Credit card,7
7881,WALM069,25-34,Female,"Indianapolis, IN",Home and lifestyle,32,11/21/20,Credit card,5
7882,WALM056,55+,Female,"Philadelphia, PA",Fashion accessories,58,10/2/21,Credit card,7
7883,WALM054,55+,Male,"New Orleans, LA",Home and lifestyle,165,1/1/21,Credit card,4
7884,WALM084,45-54,Male,"Nashville, TN",Fashion accessories,70,3/9/22,Credit card,6
7885,WALM050,55+,Female,"Portland, ME",Home and lifestyle,198,2/24/20,Ewallet,3
7886,WALM050,55+,Non-Binary,"Burlington, VT",Fashion accessories,66,6/14/23,Ewallet,3
7887,WALM074,18-24,Non-Binary,"Nashville, TN",Home and lifestyle,100,3/17/21,Credit card,4
7888,WALM025,45-54,Prefer Not to Say,"Cheyenne, WY",Fashion accessories,100,1/1/22,Credit card,3
7889,WALM056,25-34,Prefer Not to Say,"Virginia Beach, VA",Home and lifestyle,132,3/14/20,Credit card,6
7890,WALM009,55+,Female,"Wichita, KS",Fashion accessories,47,3/20/19,Credit card,7
7891,WALM074,18-24,Male,"Chicago, IL",Home and lifestyle,63,5/12/21,Credit card,3
7892,WALM029,18-24,Non-Binary,"Cheyenne, WY",Fashion accessories,108,1/12/23,Credit card,4
7893,WALM038,25-34,Non-Binary,"Seattle, WA",Home and lifestyle,31,7/21/22,Credit card,3
7894,WALM029,25-34,Male,"Albuquerque, NM",Fashion accessories,219,8/22/23,Credit card,7
7895,WALM084,55+,Female,"Honolulu, HI",Home and lifestyle,55,7/11/23,Credit card,6
7896,WALM054,25-34,Non-Binary,"Cheyenne, WY",Fashion accessories,122,11/14/19,Credit card,5
7897,WALM030,35-44,Female,"Manchester, NH",Home and lifestyle,57,12/27/21,Credit card,4
7898,WALM029,45-54,Male,"Birmingham, AL",Fashion accessories,18,1/27/22,Credit card,5
7899,WALM032,25-34,Prefer Not to Say,"Virginia Beach, VA",Home and lifestyle,69,3/15/20,Credit card,4
7900,WALM074,45-54,Prefer Not to Say,"Las Vegas, NV",Fashion accessories,75,9/12/20,Credit card,7
7901,WALM089,25-34,Male,"Denver, CO",Home and lifestyle,66,2/19/22,Credit card,4
7902,WALM029,55+,Non-Binary,"Little Rock, AR",Fashion accessories,26,6/5/19,Credit card,3
7903,WALM032,55+,Prefer Not to Say,"Philadelphia, PA",Home and lifestyle,20,6/19/20,Credit card,6
7904,WALM089,18-24,Male,"Wichita, KS",Fashion accessories,25,3/31/21,Credit card,7
7905,WALM075,55+,Female,"Boise, ID",Home and lifestyle,57,1/3/19,Credit card,6
7906,WALM073,18-24,Prefer Not to Say,"Orlando, FL",Fashion accessories,38,10/30/21,Credit card,5
7907,WALM089,55+,Non-Binary,"Orlando, FL",Home and lifestyle,20,1/28/20,Credit card,5
7908,WALM065,18-24,Prefer Not to Say,"St. Louis, MO",Fashion accessories,246,5/12/19,Credit card,6
7909,WALM035,35-44,Prefer Not to Say,"Jackson, MS",Home and lifestyle,34,12/30/19,Credit card,6
7910,WALM074,35-44,Prefer Not to Say,"Jackson, MS",Fashion accessories,54,6/24/23,Credit card,7
7911,WALM032,18-24,Male,"Billings, MT",Home and lifestyle,228,2/5/23,Credit card,4
7912,WALM038,25-34,Male,"New York City, NY",Fashion accessories,231,4/17/23,Credit card,3
7913,WALM046,25-34,Prefer Not to Say,"Seattle, WA",Home and lifestyle,96,11/20/21,Credit card,4
7914,WALM046,35-44,Prefer Not to Say,"New Orleans, LA",Fashion accessories,207,2/15/19,Credit card,3
7915,WALM054,18-24,Female,"Atlanta, GA",Home and lifestyle,126,1/16/23,Credit card,4
7916,WALM089,18-24,Female,"Nashville, TN",Fashion accessories,222,11/16/21,Credit card,3
7917,WALM082,55+,Prefer Not to Say,"Boise, ID",Home and lifestyle,43,8/7/23,Credit card,7
7918,WALM086,45-54,Female,"Denver, CO",Fashion accessories,55,10/12/21,Credit card,5
7919,WALM035,55+,Prefer Not to Say,"Little Rock, AR",Home and lifestyle,63,5/3/20,Credit card,6
7920,WALM055,25-34,Non-Binary,"Phoenix, AZ",Fashion accessories,55,7/11/23,Credit card,4
7921,WALM087,35-44,Female,"Charleston, WV",Home and lifestyle,112,5/21/22,Credit card,5
7922,WALM046,18-24,Female,"Fargo, ND",Fashion accessories,124,7/18/21,Credit card,7
7923,WALM030,55+,Male,"Des Moines, IA",Home and lifestyle,142,1/21/21,Credit card,6
7924,WALM073,18-24,Non-Binary,"Anchorage, AK",Fashion accessories,255,2/12/23,Credit card,3
7925,WALM025,25-34,Non-Binary,"Burlington, VT",Home and lifestyle,120,10/26/23,Credit card,5
7926,WALM029,45-54,Prefer Not to Say,"Birmingham, AL",Fashion accessories,75,2/10/21,Credit card,6
7927,WALM089,35-44,Female,"Orlando, FL",Home and lifestyle,44,3/14/23,Credit card,7
7928,WALM075,25-34,Prefer Not to Say,"Orlando, FL",Fashion accessories,96,11/18/20,Credit card,5
7929,WALM038,45-54,Female,"Virginia Beach, VA",Home and lifestyle,44,7/23/20,Credit card,6
7930,WALM025,55+,Non-Binary,"Baltimore, MD",Fashion accessories,19,1/12/21,Credit card,7
7931,WALM050,25-34,Male,"Columbus, OH",Home and lifestyle,92,7/17/21,Ewallet,3
7932,WALM032,45-54,Female,"Wilmington, DE",Fashion accessories,219,10/16/20,Credit card,4
7933,WALM086,25-34,Non-Binary,"Orlando, FL",Home and lifestyle,70,3/1/21,Credit card,5
7934,WALM032,45-54,Male,"Cheyenne, WY",Fashion accessories,138,3/16/23,Credit card,5
7935,WALM086,55+,Non-Binary,"Louisville, KY",Home and lifestyle,180,9/20/19,Credit card,4
7936,WALM050,35-44,Female,"Los Angeles, CA",Fashion accessories,55,12/9/21,Ewallet,3
7937,WALM035,45-54,Female,"New York City, NY",Home and lifestyle,135,3/24/23,Credit card,7
7938,WALM065,18-24,Prefer Not to Say,"Portland, ME",Fashion accessories,40,2/11/19,Credit card,5
7939,WALM084,25-34,Non-Binary,"Oklahoma City, OK",Home and lifestyle,32,8/24/21,Credit card,5
7940,WALM058,18-24,Female,"Wilmington, DE",Fashion accessories,114,12/22/19,Credit card,3
7941,WALM038,45-54,Male,"Boise, ID",Home and lifestyle,63,12/30/21,Credit card,6
7942,WALM099,18-24,Male,"Atlanta, GA",Fashion accessories,54,8/24/19,Credit card,4
7943,WALM056,55+,Female,"Portland, ME",Home and lifestyle,168,7/10/20,Credit card,3
7944,WALM032,55+,Prefer Not to Say,"Omaha, NE",Fashion accessories,46,8/25/23,Credit card,7
7945,WALM075,25-34,Non-Binary,"Honolulu, HI",Home and lifestyle,16,6/3/22,Credit card,6
7946,WALM065,45-54,Prefer Not to Say,"Manchester, NH",Fashion accessories,45,12/24/19,Credit card,7
7947,WALM055,35-44,Female,"Detroit, MI",Home and lifestyle,154,3/12/20,Credit card,3
7948,WALM074,45-54,Male,"Charlotte, NC",Fashion accessories,104,3/17/22,Credit card,4
7949,WALM073,45-54,Prefer Not to Say,"Boise, ID",Home and lifestyle,132,9/23/19,Credit card,4
7950,WALM058,25-34,Non-Binary,"Columbus, OH",Fashion accessories,88,4/12/21,Credit card,5
7951,WALM032,45-54,Female,"Charlotte, NC",Home and lifestyle,171,4/25/22,Credit card,6
7952,WALM087,45-54,Non-Binary,"Sioux Falls, SD",Fashion accessories,80,4/13/23,Credit card,6
7953,WALM003,18-24,Non-Binary,"Salt Lake City, UT",Home and lifestyle,87,2/9/20,Credit card,7
7954,WALM055,35-44,Female,"Nashville, TN",Fashion accessories,162,9/7/22,Credit card,5
7955,WALM030,35-44,Non-Binary,"Salt Lake City, UT",Home and lifestyle,162,8/21/20,Credit card,3
7956,WALM073,25-34,Prefer Not to Say,"Nashville, TN",Fashion accessories,150,1/31/23,Credit card,4
7957,WALM046,25-34,Male,"Birmingham, AL",Home and lifestyle,168,12/16/23,Credit card,5
7958,WALM009,18-24,Female,"Albuquerque, NM",Fashion accessories,129,7/8/22,Credit card,7
7959,WALM009,18-24,Male,"Omaha, NE",Home and lifestyle,48,12/22/23,Credit card,4
7960,WALM089,18-24,Non-Binary,"Phoenix, AZ",Fashion accessories,166,6/13/20,Credit card,4
7961,WALM035,25-34,Prefer Not to Say,"New Orleans, LA",Home and lifestyle,30,12/21/21,Credit card,4
7962,WALM087,35-44,Prefer Not to Say,"Seattle, WA",Fashion accessories,40,12/25/21,Credit card,3
7963,WALM087,35-44,Non-Binary,"Louisville, KY",Home and lifestyle,213,9/10/23,Credit card,5
7964,WALM087,35-44,Prefer Not to Say,"Phoenix, AZ",Fashion accessories,88,2/17/19,Credit card,5
7965,WALM069,35-44,Female,"St. Louis, MO",Home and lifestyle,48,1/3/19,Credit card,4
7966,WALM087,25-34,Non-Binary,"Minneapolis, MN",Fashion accessories,123,11/14/19,Credit card,6
7967,WALM046,18-24,Non-Binary,"Atlanta, GA",Home and lifestyle,75,6/27/23,Credit card,3
7968,WALM029,25-34,Male,"Des Moines, IA",Fashion accessories,54,6/21/22,Credit card,5
7969,WALM089,18-24,Female,"Boise, ID",Home and lifestyle,48,12/22/21,Credit card,5
7970,WALM025,18-24,Non-Binary,"Jackson, MS",Fashion accessories,34,9/4/19,Credit card,7
7971,WALM056,25-34,Prefer Not to Say,"Charleston, SC",Home and lifestyle,195,2/2/21,Credit card,5
7972,WALM058,35-44,Male,"Hartford, CT",Fashion accessories,34,6/8/19,Credit card,3
7973,WALM038,25-34,Prefer Not to Say,"Minneapolis, MN",Home and lifestyle,56,11/6/22,Credit card,6
7974,WALM058,55+,Non-Binary,"Wichita, KS",Fashion accessories,69,7/31/21,Credit card,5
7975,WALM069,55+,Male,"Los Angeles, CA",Home and lifestyle,68,12/17/20,Credit card,5
7976,WALM099,55+,Non-Binary,"Little Rock, AR",Fashion accessories,65,1/26/19,Credit card,4
7977,WALM054,45-54,Female,"Fargo, ND",Home and lifestyle,40,6/21/22,Credit card,7
7978,WALM003,35-44,Male,"Houston, TX",Fashion accessories,58,12/18/20,Credit card,4
7979,WALM055,55+,Male,"Atlanta, GA",Home and lifestyle,70,9/7/22,Credit card,6
7980,WALM075,45-54,Prefer Not to Say,"Billings, MT",Fashion accessories,86,10/4/22,Credit card,3
7981,WALM029,55+,Prefer Not to Say,"Birmingham, AL",Home and lifestyle,69,1/25/21,Credit card,4
7982,WALM029,55+,Non-Binary,"Virginia Beach, VA",Fashion accessories,136,10/5/19,Credit card,5
7983,WALM084,35-44,Prefer Not to Say,"Anchorage, AK",Home and lifestyle,112,12/13/21,Credit card,7
7984,WALM087,25-34,Non-Binary,"Indianapolis, IN",Fashion accessories,72,2/11/23,Credit card,7
7985,WALM050,55+,Male,"Seattle, WA",Home and lifestyle,75,6/11/22,Ewallet,3
7986,WALM003,25-34,Female,"Oklahoma City, OK",Fashion accessories,46,8/12/19,Credit card,3
7987,WALM009,25-34,Non-Binary,"Virginia Beach, VA",Home and lifestyle,48,4/18/21,Credit card,7
7988,WALM056,45-54,Male,"Birmingham, AL",Fashion accessories,75,11/13/21,Credit card,7
7989,WALM069,25-34,Female,"Louisville, KY",Home and lifestyle,30,1/25/22,Credit card,7
7990,WALM065,25-34,Non-Binary,"Burlington, VT",Fashion accessories,162,11/7/19,Credit card,5
7991,WALM084,45-54,Female,"Anchorage, AK",Home and lifestyle,45,1/10/20,Credit card,4
7992,WALM082,25-34,Female,"Virginia Beach, VA",Fashion accessories,53,7/20/22,Credit card,3
7993,WALM089,25-34,Male,"Minneapolis, MN",Home and lifestyle,158,2/13/23,Credit card,7
7994,WALM084,18-24,Prefer Not to Say,"Little Rock, AR",Fashion accessories,44,12/23/20,Credit card,7
7995,WALM032,35-44,Female,"Indianapolis, IN",Home and lifestyle,126,6/16/19,Credit card,6
7996,WALM058,45-54,Female,"Boston, MA",Fashion accessories,177,7/29/21,Credit card,6
7997,WALM046,45-54,Male,"Louisville, KY",Home and lifestyle,41,12/4/19,Credit card,5
7998,WALM074,35-44,Prefer Not to Say,"Providence, RI",Fashion accessories,162,1/19/21,Credit card,4
7999,WALM073,25-34,Male,"Sioux Falls, SD",Home and lifestyle,93,12/11/19,Credit card,3
8000,WALM050,45-54,Female,"Albuquerque, NM",Fashion accessories,130,12/21/23,Ewallet,5
8001,WALM035,55+,Female,"Fargo, ND",Home and lifestyle,66,12/9/21,Credit card,4
8002,WALM025,45-54,Male,"Birmingham, AL",Fashion accessories,134,11/20/20,Credit card,3
8003,WALM075,18-24,Prefer Not to Say,"Hartford, CT",Home and lifestyle,47,12/11/21,Credit card,6
8004,WALM056,18-24,Non-Binary,"Birmingham, AL",Fashion accessories,51,11/20/22,Credit card,4
8005,WALM056,55+,Non-Binary,"Billings, MT",Home and lifestyle,120,11/30/23,Credit card,6
8006,WALM074,25-34,Female,"Charleston, SC",Fashion accessories,153,10/10/21,Credit card,4
8007,WALM050,35-44,Prefer Not to Say,"Baltimore, MD",Home and lifestyle,150,11/22/21,Ewallet,6
8008,WALM029,25-34,Prefer Not to Say,"Hartford, CT",Fashion accessories,27,8/4/23,Credit card,7
8009,WALM003,55+,Non-Binary,"Orlando, FL",Home and lifestyle,76,12/11/23,Credit card,3
8010,WALM029,55+,Prefer Not to Say,"Minneapolis, MN",Fashion accessories,80,9/21/21,Credit card,3
8011,WALM069,45-54,Prefer Not to Say,"Hartford, CT",Home and lifestyle,58,4/19/22,Credit card,3
8012,WALM003,55+,Male,"Fargo, ND",Fashion accessories,23,3/18/20,Credit card,7
8013,WALM084,55+,Non-Binary,"Milwaukee, WI",Home and lifestyle,135,10/12/20,Credit card,4
8014,WALM030,45-54,Non-Binary,"Portland, OR",Fashion accessories,74,1/15/22,Credit card,3
8015,WALM035,18-24,Female,"Los Angeles, CA",Home and lifestyle,29,4/4/21,Credit card,7
8016,WALM069,35-44,Male,"Newark, NJ",Fashion accessories,111,9/2/21,Credit card,6
8017,WALM009,45-54,Male,"Baltimore, MD",Home and lifestyle,64,2/13/22,Credit card,7
8018,WALM032,18-24,Prefer Not to Say,"Anchorage, AK",Fashion accessories,51,11/6/21,Credit card,6
8019,WALM056,18-24,Female,"Minneapolis, MN",Home and lifestyle,60,7/17/23,Credit card,3
8020,WALM084,55+,Female,"Sioux Falls, SD",Fashion accessories,69,5/14/22,Credit card,7
8021,WALM003,25-34,Prefer Not to Say,"Charlotte, NC",Home and lifestyle,64,6/26/20,Credit card,7
8022,WALM038,45-54,Prefer Not to Say,"Virginia Beach, VA",Fashion accessories,72,11/1/23,Credit card,6
8023,WALM099,35-44,Female,"Anchorage, AK",Home and lifestyle,30,5/30/20,Credit card,7
8024,WALM054,25-34,Prefer Not to Say,"Omaha, NE",Fashion accessories,55,12/13/22,Credit card,6
8025,WALM003,55+,Non-Binary,"Manchester, NH",Home and lifestyle,130,11/3/19,Credit card,7
8026,WALM046,25-34,Female,"Charleston, SC",Fashion accessories,17,7/11/23,Credit card,4
8027,WALM055,55+,Non-Binary,"Burlington, VT",Home and lifestyle,56,10/20/22,Credit card,7
8028,WALM050,45-54,Female,"Fargo, ND",Fashion accessories,128,4/4/23,Ewallet,5
8029,WALM099,18-24,Male,"Birmingham, AL",Home and lifestyle,16,1/1/21,Credit card,3
8030,WALM075,25-34,Male,"Baltimore, MD",Fashion accessories,64,10/11/20,Credit card,4
8031,WALM056,45-54,Male,"Boise, ID",Home and lifestyle,164,9/16/21,Credit card,4
8032,WALM030,35-44,Male,"Burlington, VT",Fashion accessories,52,5/12/20,Credit card,7
8033,WALM032,35-44,Non-Binary,"Omaha, NE",Home and lifestyle,249,8/5/23,Credit card,4
8034,WALM025,45-54,Female,"Oklahoma City, OK",Fashion accessories,118,8/3/20,Credit card,7
8035,WALM084,25-34,Prefer Not to Say,"Hartford, CT",Home and lifestyle,219,10/9/21,Credit card,4
8036,WALM075,25-34,Non-Binary,"Oklahoma City, OK",Fashion accessories,39,8/12/21,Credit card,4
8037,WALM058,25-34,Male,"Nashville, TN",Home and lifestyle,53,8/15/19,Credit card,4
8038,WALM035,35-44,Female,"Detroit, MI",Fashion accessories,65,3/7/21,Credit card,3
8039,WALM054,35-44,Female,"Philadelphia, PA",Home and lifestyle,37,5/21/22,Credit card,3
8040,WALM003,35-44,Non-Binary,"New Orleans, LA",Fashion accessories,45,12/22/19,Credit card,5
8041,WALM009,18-24,Male,"New Orleans, LA",Home and lifestyle,52,3/8/22,Credit card,7
8042,WALM054,18-24,Non-Binary,"New Orleans, LA",Fashion accessories,124,7/13/21,Credit card,7
8043,WALM038,35-44,Prefer Not to Say,"Nashville, TN",Home and lifestyle,45,12/27/22,Credit card,4
8044,WALM046,35-44,Prefer Not to Say,"Newark, NJ",Fashion accessories,32,8/19/21,Credit card,6
8045,WALM035,45-54,Female,"Salt Lake City, UT",Home and lifestyle,192,10/14/20,Credit card,7
8046,WALM046,55+,Non-Binary,"Boise, ID",Fashion accessories,192,9/5/19,Credit card,3
8047,WALM009,55+,Male,"Hartford, CT",Home and lifestyle,48,12/11/21,Credit card,3
8048,WALM084,35-44,Non-Binary,"Sioux Falls, SD",Fashion accessories,72,3/20/22,Credit card,7
8049,WALM056,45-54,Male,"Portland, ME",Home and lifestyle,38,1/25/19,Credit card,3
8050,WALM074,35-44,Non-Binary,"Denver, CO",Fashion accessories,195,11/28/19,Credit card,7
8051,WALM082,55+,Male,"Indianapolis, IN",Home and lifestyle,34,7/25/22,Credit card,4
8052,WALM073,25-34,Female,"Phoenix, AZ",Fashion accessories,210,3/17/19,Credit card,4
8053,WALM084,18-24,Non-Binary,"Detroit, MI",Home and lifestyle,48,6/1/22,Credit card,5
8054,WALM075,55+,Prefer Not to Say,"Providence, RI",Fashion accessories,162,8/18/23,Credit card,5
8055,WALM058,45-54,Male,"Newark, NJ",Home and lifestyle,124,4/15/20,Credit card,3
8056,WALM003,55+,Non-Binary,"Birmingham, AL",Fashion accessories,42,5/4/20,Credit card,4
8057,WALM082,45-54,Female,"Anchorage, AK",Home and lifestyle,42,8/3/20,Credit card,5
8058,WALM050,25-34,Male,"Anchorage, AK",Fashion accessories,35,2/1/22,Ewallet,4
8059,WALM038,25-34,Non-Binary,"Las Vegas, NV",Home and lifestyle,53,3/20/19,Credit card,5
8060,WALM086,45-54,Female,"Honolulu, HI",Fashion accessories,38,10/12/19,Credit card,6
8061,WALM073,18-24,Prefer Not to Say,"Chicago, IL",Home and lifestyle,44,2/19/19,Credit card,3
8062,WALM032,18-24,Prefer Not to Say,"St. Louis, MO",Fashion accessories,53,9/30/23,Credit card,4
8063,WALM087,35-44,Female,"Little Rock, AR",Home and lifestyle,168,2/25/23,Credit card,6
8064,WALM032,25-34,Prefer Not to Say,"Charleston, WV",Fashion accessories,40,7/31/23,Credit card,6
8065,WALM086,45-54,Non-Binary,"Detroit, MI",Home and lifestyle,100,7/29/23,Credit card,4
8066,WALM082,18-24,Female,"Phoenix, AZ",Fashion accessories,114,8/29/22,Credit card,3
8067,WALM089,18-24,Non-Binary,"Charleston, SC",Home and lifestyle,160,11/15/22,Credit card,3
8068,WALM035,18-24,Prefer Not to Say,"Jackson, MS",Fashion accessories,170,6/26/21,Credit card,7
8069,WALM086,55+,Female,"Sioux Falls, SD",Home and lifestyle,77,5/18/21,Credit card,6
8070,WALM099,25-34,Non-Binary,"Billings, MT",Fashion accessories,160,5/6/19,Credit card,4
8071,WALM089,25-34,Female,"Boston, MA",Home and lifestyle,80,12/7/19,Credit card,4
8072,WALM074,25-34,Non-Binary,"St. Louis, MO",Fashion accessories,40,9/23/23,Credit card,7
8073,WALM069,35-44,Non-Binary,"Cheyenne, WY",Home and lifestyle,65,3/5/20,Credit card,6
8074,WALM046,18-24,Non-Binary,"Sioux Falls, SD",Fashion accessories,128,1/21/21,Credit card,7
8075,WALM046,35-44,Male,"Atlanta, GA",Home and lifestyle,84,8/6/20,Credit card,7
8076,WALM082,45-54,Non-Binary,"Louisville, KY",Fashion accessories,20,4/18/23,Credit card,3
8077,WALM030,55+,Non-Binary,"Omaha, NE",Home and lifestyle,23,6/27/19,Credit card,6
8078,WALM082,35-44,Male,"Baltimore, MD",Fashion accessories,27,6/16/20,Credit card,3
8079,WALM099,55+,Male,"Little Rock, AR",Home and lifestyle,72,7/5/23,Credit card,4
8080,WALM086,25-34,Non-Binary,"Wichita, KS",Fashion accessories,122,11/4/23,Credit card,5
8081,WALM038,18-24,Non-Binary,"Baltimore, MD",Home and lifestyle,92,5/27/23,Credit card,6
8082,WALM058,25-34,Female,"Sioux Falls, SD",Fashion accessories,140,6/17/19,Credit card,5
8083,WALM025,18-24,Male,"Denver, CO",Home and lifestyle,144,5/13/22,Credit card,6
8084,WALM069,45-54,Prefer Not to Say,"Orlando, FL",Fashion accessories,29,6/5/22,Credit card,4
8085,WALM073,55+,Prefer Not to Say,"Chicago, IL",Home and lifestyle,58,6/22/20,Credit card,5
8086,WALM035,55+,Female,"Salt Lake City, UT",Fashion accessories,67,11/26/21,Credit card,5
8087,WALM082,18-24,Male,"Minneapolis, MN",Home and lifestyle,62,12/7/23,Credit card,7
8088,WALM056,45-54,Prefer Not to Say,"Detroit, MI",Fashion accessories,79,8/27/23,Credit card,6
8089,WALM029,45-54,Prefer Not to Say,"Atlanta, GA",Home and lifestyle,189,4/27/21,Credit card,3
8090,WALM025,55+,Prefer Not to Say,"Omaha, NE",Fashion accessories,69,9/28/19,Credit card,6
8091,WALM038,45-54,Prefer Not to Say,"Sioux Falls, SD",Home and lifestyle,53,3/19/20,Credit card,7
8092,WALM084,35-44,Female,"Anchorage, AK",Fashion accessories,114,4/14/21,Credit card,7
8093,WALM038,35-44,Female,"Chicago, IL",Home and lifestyle,47,4/22/22,Credit card,7
8094,WALM099,45-54,Non-Binary,"Manchester, NH",Fashion accessories,153,8/9/19,Credit card,3
8095,WALM035,25-34,Female,"Hartford, CT",Home and lifestyle,76,11/24/21,Credit card,3
8096,WALM065,35-44,Male,"Wichita, KS",Fashion accessories,22,2/13/23,Credit card,3
8097,WALM065,55+,Male,"Oklahoma City, OK",Home and lifestyle,78,12/7/20,Credit card,7
8098,WALM089,45-54,Non-Binary,"Cheyenne, WY",Fashion accessories,99,3/15/21,Credit card,5
8099,WALM082,55+,Non-Binary,"Detroit, MI",Home and lifestyle,86,2/24/19,Credit card,7
8100,WALM082,55+,Female,"St. Louis, MO",Fashion accessories,48,5/9/19,Credit card,4
8101,WALM058,18-24,Non-Binary,"Nashville, TN",Home and lifestyle,150,10/26/22,Credit card,5
8102,WALM075,45-54,Non-Binary,"Newark, NJ",Fashion accessories,55,11/17/22,Credit card,7
8103,WALM029,45-54,Prefer Not to Say,"Fargo, ND",Home and lifestyle,123,4/5/19,Credit card,4
8104,WALM082,35-44,Female,"Charlotte, NC",Fashion accessories,120,10/15/22,Credit card,4
8105,WALM086,25-34,Female,"Virginia Beach, VA",Home and lifestyle,63,1/1/21,Credit card,4
8106,WALM074,55+,Non-Binary,"Boston, MA",Fashion accessories,128,11/20/19,Credit card,4
8107,WALM073,18-24,Female,"Louisville, KY",Home and lifestyle,62,4/30/21,Credit card,7
8108,WALM055,25-34,Male,"Hartford, CT",Fashion accessories,152,7/19/22,Credit card,6
8109,WALM055,55+,Female,"Oklahoma City, OK",Home and lifestyle,138,2/13/20,Credit card,5
8110,WALM075,35-44,Male,"Atlanta, GA",Fashion accessories,128,11/29/19,Credit card,3
8111,WALM075,35-44,Female,"Indianapolis, IN",Home and lifestyle,122,3/9/21,Credit card,6
8112,WALM029,45-54,Prefer Not to Say,"Fargo, ND",Fashion accessories,201,9/4/20,Credit card,5
8113,WALM009,25-34,Non-Binary,"Indianapolis, IN",Home and lifestyle,37,2/13/20,Credit card,3
8114,WALM032,55+,Prefer Not to Say,"Burlington, VT",Fashion accessories,105,4/12/21,Credit card,5
8115,WALM050,18-24,Male,"Manchester, NH",Home and lifestyle,234,12/26/23,Ewallet,6
8116,WALM038,25-34,Non-Binary,"Los Angeles, CA",Fashion accessories,148,8/30/22,Credit card,3
8117,WALM089,18-24,Prefer Not to Say,"Detroit, MI",Home and lifestyle,168,6/8/23,Credit card,3
8118,WALM009,35-44,Male,"Wilmington, DE",Fashion accessories,162,8/11/19,Credit card,3
8119,WALM069,55+,Female,"Newark, NJ",Home and lifestyle,240,2/14/19,Credit card,4
8120,WALM089,35-44,Non-Binary,"Providence, RI",Fashion accessories,126,7/9/19,Credit card,6
8121,WALM089,35-44,Non-Binary,"Charlotte, NC",Home and lifestyle,39,2/25/20,Credit card,6
8122,WALM009,18-24,Male,"Minneapolis, MN",Fashion accessories,186,2/17/22,Credit card,4
8123,WALM030,35-44,Non-Binary,"Atlanta, GA",Home and lifestyle,19,8/9/19,Credit card,7
8124,WALM055,45-54,Female,"Omaha, NE",Fashion accessories,32,5/12/20,Credit card,7
8125,WALM084,55+,Prefer Not to Say,"Portland, OR",Home and lifestyle,177,10/4/19,Credit card,6
8126,WALM075,45-54,Prefer Not to Say,"Jackson, MS",Fashion accessories,71,2/13/21,Credit card,7
8127,WALM065,18-24,Female,"Charlotte, NC",Home and lifestyle,90,1/3/20,Credit card,6
8128,WALM032,45-54,Non-Binary,"Nashville, TN",Fashion accessories,132,12/16/20,Credit card,5
8129,WALM087,25-34,Prefer Not to Say,"Virginia Beach, VA",Home and lifestyle,50,12/30/19,Credit card,3
8130,WALM035,18-24,Male,"St. Louis, MO",Fashion accessories,153,10/12/19,Credit card,7
8131,WALM099,35-44,Female,"Honolulu, HI",Home and lifestyle,54,12/9/23,Credit card,5
8132,WALM084,35-44,Male,"Louisville, KY",Fashion accessories,19,10/6/19,Credit card,5
8133,WALM054,25-34,Non-Binary,"Oklahoma City, OK",Home and lifestyle,134,12/29/21,Credit card,3
8134,WALM050,35-44,Non-Binary,"Minneapolis, MN",Fashion accessories,47,8/14/23,Ewallet,6
8135,WALM069,35-44,Male,"Newark, NJ",Home and lifestyle,62,5/6/19,Credit card,5
8136,WALM058,18-24,Non-Binary,"New York City, NY",Fashion accessories,108,4/29/20,Credit card,6
8137,WALM073,18-24,Prefer Not to Say,"Chicago, IL",Home and lifestyle,168,9/4/19,Credit card,5
8138,WALM069,35-44,Prefer Not to Say,"Columbus, OH",Fashion accessories,207,1/11/20,Credit card,7
8139,WALM086,18-24,Non-Binary,"Phoenix, AZ",Home and lifestyle,38,5/26/20,Credit card,3
8140,WALM074,18-24,Female,"Charlotte, NC",Fashion accessories,168,4/28/23,Credit card,3
8141,WALM082,18-24,Female,"Houston, TX",Home and lifestyle,66,8/10/21,Credit card,6
8142,WALM046,35-44,Non-Binary,"New Orleans, LA",Fashion accessories,93,9/15/22,Credit card,7
8143,WALM050,35-44,Male,"Wichita, KS",Home and lifestyle,74,4/15/21,Ewallet,4
8144,WALM069,25-34,Female,"Nashville, TN",Fashion accessories,112,10/12/22,Credit card,5
8145,WALM003,55+,Prefer Not to Say,"Newark, NJ",Home and lifestyle,40,12/18/21,Credit card,5
8146,WALM086,35-44,Non-Binary,"Honolulu, HI",Fashion accessories,198,5/31/19,Credit card,5
8147,WALM074,18-24,Male,"Las Vegas, NV",Home and lifestyle,19,3/27/22,Credit card,7
8148,WALM065,18-24,Male,"St. Louis, MO",Fashion accessories,165,12/29/21,Credit card,7
8149,WALM082,18-24,Female,"Charleston, SC",Home and lifestyle,82,11/29/23,Credit card,4
8150,WALM030,18-24,Prefer Not to Say,"Virginia Beach, VA",Fashion accessories,192,6/14/19,Credit card,3
8151,WALM084,25-34,Non-Binary,"Wichita, KS",Home and lifestyle,60,4/24/20,Credit card,5
8152,WALM055,18-24,Female,"Indianapolis, IN",Fashion accessories,93,11/24/22,Credit card,4
8153,WALM058,55+,Male,"Charleston, WV",Home and lifestyle,153,8/13/23,Credit card,3
8154,WALM003,25-34,Female,"Virginia Beach, VA",Fashion accessories,60,5/12/19,Credit card,3
8155,WALM086,18-24,Female,"Newark, NJ",Home and lifestyle,76,12/24/21,Credit card,3
8156,WALM038,35-44,Male,"Houston, TX",Fashion accessories,138,3/18/20,Credit card,4
8157,WALM089,18-24,Non-Binary,"Birmingham, AL",Home and lifestyle,60,4/15/20,Credit card,6
8158,WALM003,25-34,Prefer Not to Say,"Portland, ME",Fashion accessories,30,3/10/20,Credit card,3
8159,WALM074,45-54,Male,"Portland, OR",Home and lifestyle,246,9/13/19,Credit card,7
8160,WALM009,45-54,Prefer Not to Say,"Jackson, MS",Fashion accessories,63,6/10/22,Credit card,6
8161,WALM038,35-44,Female,"Omaha, NE",Home and lifestyle,54,9/16/23,Credit card,4
8162,WALM056,45-54,Prefer Not to Say,"Chicago, IL",Fashion accessories,158,2/13/21,Credit card,6
8163,WALM055,18-24,Male,"Albuquerque, NM",Home and lifestyle,165,7/21/19,Credit card,4
8164,WALM075,45-54,Prefer Not to Say,"Las Vegas, NV",Fashion accessories,154,6/28/19,Credit card,6
8165,WALM065,45-54,Male,"Hartford, CT",Home and lifestyle,78,12/11/22,Credit card,4
8166,WALM087,18-24,Female,"Wilmington, DE",Fashion accessories,160,8/20/23,Credit card,5
8167,WALM086,55+,Female,"Cheyenne, WY",Home and lifestyle,48,8/11/22,Credit card,4
8168,WALM054,35-44,Male,"Charleston, SC",Fashion accessories,80,5/8/19,Credit card,3
8169,WALM087,55+,Female,"Portland, OR",Home and lifestyle,189,3/31/19,Credit card,4
8170,WALM032,35-44,Prefer Not to Say,"Louisville, KY",Fashion accessories,63,1/22/20,Credit card,5
8171,WALM054,55+,Male,"Virginia Beach, VA",Home and lifestyle,39,11/21/23,Credit card,3
8172,WALM089,25-34,Male,"Wilmington, DE",Fashion accessories,45,6/15/23,Credit card,7
8173,WALM029,18-24,Non-Binary,"New York City, NY",Home and lifestyle,120,2/5/23,Credit card,3
8174,WALM089,55+,Male,"Phoenix, AZ",Fashion accessories,237,10/9/23,Credit card,6
8175,WALM050,35-44,Non-Binary,"Jackson, MS",Home and lifestyle,112,10/10/21,Ewallet,7
8176,WALM056,55+,Non-Binary,"Portland, OR",Fashion accessories,90,5/9/19,Credit card,5
8177,WALM029,25-34,Non-Binary,"Baltimore, MD",Home and lifestyle,189,9/4/23,Credit card,3
8178,WALM025,55+,Male,"Anchorage, AK",Fashion accessories,225,10/2/22,Credit card,6
8179,WALM084,35-44,Female,"New York City, NY",Home and lifestyle,58,7/7/19,Credit card,6
8180,WALM087,18-24,Female,"Seattle, WA",Fashion accessories,38,3/19/23,Credit card,7
8181,WALM074,35-44,Female,"Boston, MA",Home and lifestyle,70,6/17/21,Credit card,7
8182,WALM030,18-24,Female,"Anchorage, AK",Fashion accessories,108,6/27/19,Credit card,6
8183,WALM074,55+,Prefer Not to Say,"Sioux Falls, SD",Home and lifestyle,22,10/20/23,Credit card,3
8184,WALM032,45-54,Prefer Not to Say,"Baltimore, MD",Fashion accessories,159,1/2/23,Credit card,5
8185,WALM038,35-44,Male,"St. Louis, MO",Home and lifestyle,63,3/24/21,Credit card,4
8186,WALM087,55+,Male,"Milwaukee, WI",Fashion accessories,106,1/18/21,Credit card,3
8187,WALM099,18-24,Male,"Omaha, NE",Home and lifestyle,20,9/20/22,Credit card,7
8188,WALM038,45-54,Non-Binary,"New York City, NY",Fashion accessories,63,11/29/22,Credit card,6
8189,WALM030,25-34,Female,"Virginia Beach, VA",Home and lifestyle,56,7/17/21,Credit card,4
8190,WALM056,55+,Non-Binary,"Burlington, VT",Fashion accessories,60,3/11/22,Credit card,5
8191,WALM089,25-34,Prefer Not to Say,"Wichita, KS",Home and lifestyle,65,4/14/20,Credit card,5
8192,WALM009,55+,Prefer Not to Say,"Denver, CO",Fashion accessories,53,11/26/20,Credit card,7
8193,WALM074,18-24,Prefer Not to Say,"Boise, ID",Home and lifestyle,108,5/3/22,Credit card,4
8194,WALM050,55+,Female,"Cheyenne, WY",Fashion accessories,189,8/11/21,Ewallet,6
8195,WALM009,55+,Prefer Not to Say,"Chicago, IL",Home and lifestyle,150,2/11/23,Credit card,4
8196,WALM003,35-44,Prefer Not to Say,"Las Vegas, NV",Fashion accessories,63,3/24/23,Credit card,5
8197,WALM065,45-54,Male,"Little Rock, AR",Home and lifestyle,146,11/15/23,Credit card,6
8198,WALM055,35-44,Prefer Not to Say,"Chicago, IL",Fashion accessories,27,4/30/20,Credit card,7
8199,WALM087,18-24,Prefer Not to Say,"Newark, NJ",Home and lifestyle,15,8/16/20,Credit card,4
8200,WALM056,25-34,Prefer Not to Say,"Providence, RI",Fashion accessories,27,11/21/20,Credit card,4
8201,WALM003,18-24,Prefer Not to Say,"Newark, NJ",Home and lifestyle,162,11/13/22,Credit card,7
8202,WALM075,25-34,Non-Binary,"New York City, NY",Fashion accessories,58,6/18/20,Credit card,6
8203,WALM009,25-34,Female,"Charleston, SC",Home and lifestyle,55,6/3/22,Credit card,7
8204,WALM025,45-54,Female,"Wilmington, DE",Fashion accessories,21,1/9/20,Credit card,7
8205,WALM025,18-24,Non-Binary,"Louisville, KY",Home and lifestyle,41,1/5/22,Credit card,5
8206,WALM050,25-34,Male,"Las Vegas, NV",Fashion accessories,23,8/9/19,Ewallet,5
8207,WALM089,18-24,Male,"Fargo, ND",Home and lifestyle,82,4/15/22,Credit card,6
8208,WALM050,55+,Male,"Billings, MT",Fashion accessories,62,11/7/21,Ewallet,3
8209,WALM086,25-34,Non-Binary,"Baltimore, MD",Home and lifestyle,150,4/6/20,Credit card,6
8210,WALM074,35-44,Prefer Not to Say,"Billings, MT",Fashion accessories,162,1/29/22,Credit card,3
8211,WALM050,18-24,Prefer Not to Say,"Columbus, OH",Home and lifestyle,246,3/26/19,Ewallet,5
8212,WALM055,25-34,Male,"Houston, TX",Fashion accessories,64,6/9/23,Credit card,4
8213,WALM003,55+,Female,"Milwaukee, WI",Home and lifestyle,204,10/30/23,Credit card,4
8214,WALM054,35-44,Prefer Not to Say,"Nashville, TN",Fashion accessories,51,11/23/20,Credit card,3
8215,WALM054,25-34,Non-Binary,"Little Rock, AR",Home and lifestyle,189,9/17/23,Credit card,4
8216,WALM089,25-34,Prefer Not to Say,"Newark, NJ",Fashion accessories,138,5/25/22,Credit card,5
8217,WALM056,55+,Non-Binary,"Boise, ID",Home and lifestyle,114,3/13/23,Credit card,6
8218,WALM030,55+,Female,"Newark, NJ",Fashion accessories,46,2/12/19,Credit card,7
8219,WALM046,55+,Male,"Houston, TX",Home and lifestyle,31,10/19/21,Credit card,3
8220,WALM054,45-54,Female,"Seattle, WA",Fashion accessories,37,6/21/22,Credit card,6
8221,WALM087,18-24,Male,"Houston, TX",Home and lifestyle,62,10/3/23,Credit card,3
8222,WALM086,18-24,Male,"Charleston, SC",Fashion accessories,213,10/29/19,Credit card,7
8223,WALM086,55+,Prefer Not to Say,"Indianapolis, IN",Home and lifestyle,78,8/3/19,Credit card,5
8224,WALM082,18-24,Non-Binary,"New York City, NY",Fashion accessories,66,9/14/23,Credit card,7
8225,WALM056,45-54,Female,"Portland, ME",Home and lifestyle,48,3/29/22,Credit card,6
8226,WALM086,45-54,Male,"Wilmington, DE",Fashion accessories,213,3/20/19,Credit card,4
8227,WALM086,35-44,Male,"Baltimore, MD",Home and lifestyle,18,11/17/22,Credit card,6
8228,WALM056,18-24,Female,"Philadelphia, PA",Fashion accessories,45,3/18/23,Credit card,4
8229,WALM054,45-54,Male,"Charleston, WV",Home and lifestyle,252,2/25/21,Credit card,6
8230,WALM054,25-34,Male,"Detroit, MI",Fashion accessories,19,12/21/19,Credit card,5
8231,WALM075,55+,Female,"Honolulu, HI",Home and lifestyle,16,7/22/22,Credit card,4
8232,WALM084,35-44,Male,"Detroit, MI",Fashion accessories,164,5/29/20,Credit card,4
8233,WALM065,35-44,Prefer Not to Say,"Charleston, SC",Home and lifestyle,81,1/15/22,Credit card,3
8234,WALM038,45-54,Prefer Not to Say,"Detroit, MI",Fashion accessories,177,12/1/19,Credit card,6
8235,WALM082,45-54,Female,"Little Rock, AR",Home and lifestyle,96,12/25/20,Credit card,4
8236,WALM030,25-34,Non-Binary,"Indianapolis, IN",Fashion accessories,43,8/11/23,Credit card,6
8237,WALM025,18-24,Prefer Not to Say,"Minneapolis, MN",Home and lifestyle,122,9/23/22,Credit card,3
8238,WALM025,55+,Female,"Phoenix, AZ",Fashion accessories,171,5/12/21,Credit card,6
8239,WALM029,35-44,Non-Binary,"Virginia Beach, VA",Home and lifestyle,45,6/18/23,Credit card,7
8240,WALM030,35-44,Female,"Indianapolis, IN",Fashion accessories,96,9/30/19,Credit card,7
8241,WALM087,25-34,Female,"Billings, MT",Home and lifestyle,198,10/13/20,Credit card,6
8242,WALM099,18-24,Prefer Not to Say,"New York City, NY",Fashion accessories,148,6/9/23,Credit card,7
8243,WALM050,25-34,Male,"Detroit, MI",Home and lifestyle,246,6/13/23,Ewallet,7
8244,WALM084,25-34,Prefer Not to Say,"Denver, CO",Fashion accessories,249,11/11/23,Credit card,6
8245,WALM099,25-34,Prefer Not to Say,"Detroit, MI",Home and lifestyle,48,3/10/21,Credit card,7
8246,WALM056,45-54,Female,"Birmingham, AL",Fashion accessories,93,3/11/22,Credit card,7
8247,WALM075,25-34,Male,"New Orleans, LA",Home and lifestyle,47,9/22/19,Credit card,4
8248,WALM038,55+,Female,"Baltimore, MD",Fashion accessories,120,12/27/23,Credit card,7
8249,WALM050,55+,Prefer Not to Say,"Wichita, KS",Home and lifestyle,84,4/14/19,Ewallet,3
8250,WALM082,45-54,Non-Binary,"Wilmington, DE",Fashion accessories,41,6/21/19,Credit card,4
8251,WALM055,25-34,Female,"St. Louis, MO",Home and lifestyle,34,12/7/23,Credit card,7
8252,WALM058,25-34,Male,"St. Louis, MO",Fashion accessories,34,11/11/19,Credit card,6
8253,WALM074,45-54,Non-Binary,"Denver, CO",Home and lifestyle,162,11/24/23,Credit card,4
8254,WALM089,55+,Female,"Portland, OR",Fashion accessories,146,7/17/23,Credit card,3
8255,WALM035,45-54,Male,"New York City, NY",Home and lifestyle,225,2/1/20,Credit card,5
8256,WALM087,55+,Prefer Not to Say,"Sioux Falls, SD",Fashion accessories,104,1/23/19,Credit card,6
8257,WALM086,35-44,Female,"Boston, MA",Home and lifestyle,41,10/26/22,Credit card,4
8258,WALM089,25-34,Prefer Not to Say,"Boston, MA",Fashion accessories,162,4/6/20,Credit card,5
8259,WALM030,25-34,Prefer Not to Say,"Louisville, KY",Home and lifestyle,25,5/6/22,Credit card,3
8260,WALM030,55+,Male,"Las Vegas, NV",Fashion accessories,164,2/3/20,Credit card,5
8261,WALM025,55+,Prefer Not to Say,"Orlando, FL",Home and lifestyle,36,11/26/22,Credit card,7
8262,WALM058,35-44,Male,"Los Angeles, CA",Fashion accessories,210,4/24/23,Credit card,3
8263,WALM075,55+,Female,"Manchester, NH",Home and lifestyle,129,1/13/21,Credit card,6
8264,WALM099,45-54,Male,"Manchester, NH",Fashion accessories,60,9/6/21,Credit card,7
8265,WALM084,18-24,Non-Binary,"Minneapolis, MN",Home and lifestyle,132,8/9/21,Credit card,7
8266,WALM065,18-24,Prefer Not to Say,"Seattle, WA",Fashion accessories,45,7/24/22,Credit card,6
8267,WALM065,18-24,Non-Binary,"Philadelphia, PA",Home and lifestyle,70,8/13/21,Credit card,6
8268,WALM074,35-44,Non-Binary,"Manchester, NH",Fashion accessories,48,8/23/20,Credit card,5
8269,WALM087,25-34,Prefer Not to Say,"Oklahoma City, OK",Home and lifestyle,50,5/13/19,Credit card,6
8270,WALM054,55+,Prefer Not to Say,"Salt Lake City, UT",Fashion accessories,108,5/4/21,Credit card,4
8271,WALM065,18-24,Non-Binary,"Oklahoma City, OK",Home and lifestyle,72,6/17/19,Credit card,5
8272,WALM050,55+,Non-Binary,"Phoenix, AZ",Fashion accessories,164,10/8/20,Ewallet,6
8273,WALM030,18-24,Male,"Charleston, WV",Home and lifestyle,23,8/5/21,Credit card,7
8274,WALM065,25-34,Non-Binary,"Phoenix, AZ",Fashion accessories,146,12/21/22,Credit card,3
8275,WALM030,18-24,Non-Binary,"Chicago, IL",Home and lifestyle,25,2/18/19,Credit card,5
8276,WALM087,55+,Non-Binary,"New York City, NY",Fashion accessories,96,3/25/21,Credit card,3
8277,WALM069,55+,Male,"Indianapolis, IN",Home and lifestyle,68,3/8/20,Credit card,5
8278,WALM055,25-34,Male,"Charlotte, NC",Fashion accessories,59,9/24/23,Credit card,4
8279,WALM055,55+,Non-Binary,"Providence, RI",Home and lifestyle,168,7/9/19,Credit card,5
8280,WALM046,55+,Female,"Billings, MT",Fashion accessories,22,1/4/20,Credit card,4
8281,WALM056,45-54,Non-Binary,"Seattle, WA",Home and lifestyle,117,11/2/20,Credit card,7
8282,WALM065,45-54,Non-Binary,"Boston, MA",Fashion accessories,76,1/27/23,Credit card,4
8283,WALM086,35-44,Female,"Billings, MT",Home and lifestyle,22,10/28/22,Credit card,4
8284,WALM029,25-34,Female,"St. Louis, MO",Fashion accessories,225,11/1/20,Credit card,3
8285,WALM075,25-34,Female,"Detroit, MI",Home and lifestyle,57,4/23/23,Credit card,3
8286,WALM054,55+,Female,"Sioux Falls, SD",Fashion accessories,114,2/13/19,Credit card,3
8287,WALM054,35-44,Male,"Sioux Falls, SD",Home and lifestyle,117,2/2/23,Credit card,4
8288,WALM003,45-54,Female,"Fargo, ND",Fashion accessories,198,4/21/19,Credit card,6
8289,WALM065,35-44,Prefer Not to Say,"Charlotte, NC",Home and lifestyle,81,10/11/22,Credit card,6
8290,WALM055,55+,Non-Binary,"Little Rock, AR",Fashion accessories,41,5/31/22,Credit card,5
8291,WALM029,25-34,Male,"Birmingham, AL",Home and lifestyle,168,7/9/23,Credit card,5
8292,WALM087,45-54,Female,"Louisville, KY",Fashion accessories,35,1/2/21,Credit card,7
8293,WALM038,35-44,Prefer Not to Say,"Seattle, WA",Home and lifestyle,16,6/22/20,Credit card,7
8294,WALM046,55+,Male,"Virginia Beach, VA",Fashion accessories,102,8/3/19,Credit card,5
8295,WALM087,35-44,Non-Binary,"Indianapolis, IN",Home and lifestyle,138,11/29/20,Credit card,3
8296,WALM038,25-34,Non-Binary,"Hartford, CT",Fashion accessories,158,11/27/23,Credit card,7
8297,WALM074,18-24,Prefer Not to Say,"Los Angeles, CA",Home and lifestyle,57,9/4/22,Credit card,6
8298,WALM073,25-34,Non-Binary,"Houston, TX",Fashion accessories,66,9/17/22,Credit card,3
8299,WALM086,18-24,Female,"Providence, RI",Home and lifestyle,128,1/4/21,Credit card,6
8300,WALM050,25-34,Prefer Not to Say,"Baltimore, MD",Fashion accessories,38,3/2/20,Ewallet,7
8301,WALM074,55+,Prefer Not to Say,"Virginia Beach, VA",Home and lifestyle,41,3/9/21,Credit card,7
8302,WALM035,18-24,Prefer Not to Say,"Atlanta, GA",Fashion accessories,171,11/4/20,Credit card,3
8303,WALM035,45-54,Prefer Not to Say,"Seattle, WA",Home and lifestyle,132,12/6/23,Credit card,4
8304,WALM046,45-54,Female,"Omaha, NE",Fashion accessories,60,1/2/20,Credit card,6
8305,WALM046,25-34,Non-Binary,"Wichita, KS",Home and lifestyle,56,2/3/21,Credit card,5
8306,WALM069,45-54,Non-Binary,"Boise, ID",Fashion accessories,32,1/15/21,Credit card,4
8307,WALM086,18-24,Male,"Portland, ME",Home and lifestyle,55,8/2/22,Credit card,3
8308,WALM050,18-24,Male,"Portland, ME",Fashion accessories,77,3/25/22,Ewallet,5
8309,WALM087,35-44,Male,"Houston, TX",Home and lifestyle,177,6/10/21,Credit card,4
8310,WALM069,35-44,Prefer Not to Say,"Columbus, OH",Fashion accessories,17,1/2/22,Credit card,6
8311,WALM084,25-34,Male,"Nashville, TN",Home and lifestyle,94,5/14/19,Credit card,4
8312,WALM003,45-54,Male,"Burlington, VT",Fashion accessories,52,6/17/19,Credit card,6
8313,WALM084,18-24,Female,"Anchorage, AK",Home and lifestyle,90,4/28/22,Credit card,5
8314,WALM089,18-24,Prefer Not to Say,"Detroit, MI",Fashion accessories,72,9/28/22,Credit card,4
8315,WALM054,35-44,Prefer Not to Say,"Des Moines, IA",Home and lifestyle,37,2/10/20,Credit card,3
8316,WALM058,18-24,Prefer Not to Say,"Birmingham, AL",Fashion accessories,51,5/13/20,Credit card,4
8317,WALM074,55+,Male,"Detroit, MI",Home and lifestyle,132,1/7/20,Credit card,7
8318,WALM089,25-34,Female,"Albuquerque, NM",Fashion accessories,58,1/9/22,Credit card,6
8319,WALM075,18-24,Non-Binary,"Atlanta, GA",Home and lifestyle,234,12/19/23,Credit card,4
8320,WALM046,25-34,Prefer Not to Say,"Sioux Falls, SD",Fashion accessories,153,8/2/21,Credit card,3
8321,WALM009,18-24,Female,"Boston, MA",Home and lifestyle,52,12/25/22,Credit card,3
8322,WALM086,18-24,Female,"Las Vegas, NV",Fashion accessories,106,10/19/20,Credit card,6
8323,WALM089,35-44,Female,"Charleston, WV",Home and lifestyle,240,2/21/19,Credit card,6
8324,WALM058,45-54,Female,"Anchorage, AK",Fashion accessories,68,11/8/21,Credit card,4
8325,WALM009,18-24,Prefer Not to Say,"Portland, OR",Home and lifestyle,249,7/18/21,Credit card,6
8326,WALM065,18-24,Female,"Portland, OR",Fashion accessories,65,2/19/20,Credit card,7
8327,WALM075,35-44,Female,"Omaha, NE",Home and lifestyle,140,11/5/23,Credit card,6
8328,WALM086,35-44,Male,"Columbus, OH",Fashion accessories,84,10/31/22,Credit card,3
8329,WALM074,35-44,Non-Binary,"Columbus, OH",Home and lifestyle,49,7/9/20,Credit card,3
8330,WALM009,18-24,Male,"Atlanta, GA",Fashion accessories,71,12/18/22,Credit card,5
8331,WALM050,55+,Prefer Not to Say,"Portland, OR",Home and lifestyle,164,2/18/19,Ewallet,4
8332,WALM089,35-44,Non-Binary,"Oklahoma City, OK",Fashion accessories,150,12/16/21,Credit card,4
8333,WALM074,35-44,Male,"Portland, OR",Home and lifestyle,195,7/13/21,Credit card,3
8334,WALM055,45-54,Male,"Boston, MA",Fashion accessories,142,10/9/20,Credit card,7
8335,WALM029,18-24,Female,"Chicago, IL",Home and lifestyle,165,5/15/20,Credit card,5
8336,WALM087,45-54,Male,"Newark, NJ",Fashion accessories,237,4/16/23,Credit card,6
8337,WALM058,18-24,Female,"Boston, MA",Home and lifestyle,84,2/6/22,Credit card,6
8338,WALM099,35-44,Female,"Burlington, VT",Fashion accessories,67,5/27/20,Credit card,5
8339,WALM030,18-24,Female,"Wichita, KS",Home and lifestyle,110,2/24/21,Credit card,6
8340,WALM029,35-44,Prefer Not to Say,"Jackson, MS",Fashion accessories,78,5/7/20,Credit card,4
8341,WALM058,45-54,Prefer Not to Say,"Virginia Beach, VA",Home and lifestyle,124,11/27/21,Credit card,4
8342,WALM046,18-24,Female,"Baltimore, MD",Fashion accessories,60,7/25/22,Credit card,7
8343,WALM003,25-34,Prefer Not to Say,"Albuquerque, NM",Home and lifestyle,38,6/21/20,Credit card,4
8344,WALM003,45-54,Female,"Providence, RI",Fashion accessories,19,7/20/22,Credit card,6
8345,WALM074,25-34,Non-Binary,"Manchester, NH",Home and lifestyle,140,1/22/23,Credit card,6
8346,WALM087,45-54,Male,"Portland, ME",Fashion accessories,65,10/15/22,Credit card,7
8347,WALM082,18-24,Non-Binary,"Philadelphia, PA",Home and lifestyle,54,5/28/19,Credit card,4
8348,WALM075,55+,Male,"Wilmington, DE",Fashion accessories,129,10/20/20,Credit card,6
8349,WALM032,25-34,Non-Binary,"Orlando, FL",Home and lifestyle,83,4/24/22,Credit card,7
8350,WALM055,18-24,Prefer Not to Say,"St. Louis, MO",Fashion accessories,98,8/10/20,Credit card,4
8351,WALM038,35-44,Female,"Honolulu, HI",Home and lifestyle,237,7/13/23,Credit card,5
8352,WALM038,55+,Female,"Wilmington, DE",Fashion accessories,118,8/7/19,Credit card,7
8353,WALM058,55+,Non-Binary,"Portland, ME",Home and lifestyle,70,5/20/21,Credit card,6
8354,WALM032,25-34,Female,"Boston, MA",Fashion accessories,255,6/9/22,Credit card,3
8355,WALM003,35-44,Prefer Not to Say,"New Orleans, LA",Home and lifestyle,144,10/25/21,Credit card,5
8356,WALM086,45-54,Prefer Not to Say,"Omaha, NE",Fashion accessories,50,9/6/23,Credit card,4
8357,WALM075,25-34,Male,"Cheyenne, WY",Home and lifestyle,108,6/4/22,Credit card,6
8358,WALM069,35-44,Prefer Not to Say,"Newark, NJ",Fashion accessories,116,12/12/23,Credit card,5
8359,WALM082,35-44,Male,"Seattle, WA",Home and lifestyle,90,3/6/23,Credit card,7
8360,WALM086,35-44,Male,"Albuquerque, NM",Fashion accessories,152,9/28/22,Credit card,6
8361,WALM056,25-34,Female,"Omaha, NE",Home and lifestyle,39,11/27/23,Credit card,6
8362,WALM030,45-54,Non-Binary,"Minneapolis, MN",Fashion accessories,140,7/21/22,Credit card,6
8363,WALM025,18-24,Female,"Billings, MT",Home and lifestyle,104,12/23/23,Credit card,5
8364,WALM056,18-24,Female,"Wilmington, DE",Fashion accessories,68,7/30/23,Credit card,5
8365,WALM058,18-24,Male,"Newark, NJ",Home and lifestyle,55,3/18/21,Credit card,3
8366,WALM086,35-44,Female,"Baltimore, MD",Fashion accessories,49,10/19/23,Credit card,6
8367,WALM029,25-34,Non-Binary,"Louisville, KY",Home and lifestyle,174,4/24/19,Credit card,6
8368,WALM009,18-24,Prefer Not to Say,"Charleston, SC",Fashion accessories,135,4/15/21,Credit card,5
8369,WALM030,35-44,Non-Binary,"Chicago, IL",Home and lifestyle,153,1/14/20,Credit card,7
8370,WALM025,18-24,Prefer Not to Say,"Baltimore, MD",Fashion accessories,67,3/26/19,Credit card,6
8371,WALM074,45-54,Non-Binary,"Boston, MA",Home and lifestyle,26,10/1/23,Credit card,3
8372,WALM046,18-24,Female,"Atlanta, GA",Fashion accessories,130,10/16/22,Credit card,5
8373,WALM038,25-34,Female,"Las Vegas, NV",Home and lifestyle,228,9/14/21,Credit card,7
8374,WALM056,55+,Male,"Fargo, ND",Fashion accessories,40,5/25/22,Credit card,4
8375,WALM032,35-44,Female,"Portland, OR",Home and lifestyle,70,3/31/20,Credit card,3
8376,WALM073,35-44,Prefer Not to Say,"Wilmington, DE",Fashion accessories,87,2/10/22,Credit card,4
8377,WALM055,25-34,Non-Binary,"Portland, ME",Home and lifestyle,66,5/24/21,Credit card,6
8378,WALM054,45-54,Female,"Fargo, ND",Fashion accessories,177,11/11/23,Credit card,3
8379,WALM086,55+,Male,"Columbus, OH",Home and lifestyle,39,5/25/22,Credit card,7
8380,WALM087,55+,Prefer Not to Say,"Portland, OR",Fashion accessories,152,7/30/20,Credit card,4
8381,WALM082,45-54,Non-Binary,"Newark, NJ",Home and lifestyle,153,3/16/19,Credit card,3
8382,WALM046,35-44,Female,"Honolulu, HI",Fashion accessories,49,3/1/23,Credit card,3
8383,WALM009,25-34,Male,"Philadelphia, PA",Home and lifestyle,75,11/8/21,Credit card,3
8384,WALM087,35-44,Male,"Fargo, ND",Fashion accessories,70,3/30/22,Credit card,6
8385,WALM038,55+,Prefer Not to Say,"Burlington, VT",Home and lifestyle,66,3/24/22,Credit card,6
8386,WALM058,55+,Female,"Phoenix, AZ",Fashion accessories,92,9/26/19,Credit card,5
8387,WALM032,45-54,Non-Binary,"Philadelphia, PA",Home and lifestyle,51,10/26/21,Credit card,6
8388,WALM075,18-24,Prefer Not to Say,"Newark, NJ",Fashion accessories,54,9/12/20,Credit card,5
8389,WALM038,55+,Female,"Boise, ID",Home and lifestyle,23,2/4/20,Credit card,5
8390,WALM082,55+,Prefer Not to Say,"Indianapolis, IN",Fashion accessories,183,7/23/21,Credit card,5
8391,WALM087,25-34,Female,"Indianapolis, IN",Home and lifestyle,213,8/12/19,Credit card,4
8392,WALM073,45-54,Prefer Not to Say,"Providence, RI",Fashion accessories,153,7/16/20,Credit card,3
8393,WALM046,45-54,Female,"Wilmington, DE",Home and lifestyle,252,12/23/20,Credit card,6
8394,WALM069,25-34,Male,"Virginia Beach, VA",Fashion accessories,138,4/15/21,Credit card,5
8395,WALM058,45-54,Non-Binary,"Birmingham, AL",Home and lifestyle,60,2/27/21,Credit card,6
8396,WALM087,45-54,Male,"Manchester, NH",Fashion accessories,44,9/24/23,Credit card,5
8397,WALM030,25-34,Male,"Newark, NJ",Home and lifestyle,51,4/21/21,Credit card,6
8398,WALM030,45-54,Male,"Charleston, WV",Fashion accessories,47,7/21/22,Credit card,4
8399,WALM056,25-34,Female,"New York City, NY",Home and lifestyle,36,11/12/22,Credit card,3
8400,WALM009,18-24,Prefer Not to Say,"Portland, OR",Fashion accessories,108,1/6/19,Credit card,7
8401,WALM074,35-44,Male,"Honolulu, HI",Home and lifestyle,124,8/27/19,Credit card,6
8402,WALM086,55+,Non-Binary,"St. Louis, MO",Fashion accessories,21,11/27/21,Credit card,7
8403,WALM025,18-24,Prefer Not to Say,"Cheyenne, WY",Home and lifestyle,18,5/21/19,Credit card,4
8404,WALM050,25-34,Non-Binary,"Chicago, IL",Fashion accessories,40,8/25/19,Ewallet,4
8405,WALM035,35-44,Non-Binary,"Baltimore, MD",Home and lifestyle,183,10/1/19,Credit card,4
8406,WALM038,55+,Male,"Portland, OR",Fashion accessories,111,5/26/20,Credit card,6
8407,WALM058,35-44,Male,"Nashville, TN",Home and lifestyle,49,12/24/20,Credit card,6
8408,WALM055,45-54,Non-Binary,"Boise, ID",Fashion accessories,146,4/20/20,Credit card,3
8409,WALM054,55+,Male,"Little Rock, AR",Home and lifestyle,198,3/27/22,Credit card,6
8410,WALM089,18-24,Non-Binary,"Indianapolis, IN",Fashion accessories,82,9/4/22,Credit card,7
8411,WALM073,45-54,Prefer Not to Say,"Newark, NJ",Home and lifestyle,56,2/29/20,Credit card,5
8412,WALM075,55+,Prefer Not to Say,"Portland, OR",Fashion accessories,72,6/15/20,Credit card,5
8413,WALM030,45-54,Prefer Not to Say,"Chicago, IL",Home and lifestyle,100,3/19/21,Credit card,4
8414,WALM035,45-54,Prefer Not to Say,"Orlando, FL",Fashion accessories,152,8/16/22,Credit card,3
8415,WALM038,55+,Male,"Portland, ME",Home and lifestyle,18,6/19/20,Credit card,4
8416,WALM009,45-54,Male,"Hartford, CT",Fashion accessories,39,4/4/23,Credit card,4
8417,WALM009,55+,Female,"Atlanta, GA",Home and lifestyle,84,9/2/20,Credit card,7
8418,WALM087,18-24,Non-Binary,"Oklahoma City, OK",Fashion accessories,51,10/22/19,Credit card,3
8419,WALM087,18-24,Female,"Oklahoma City, OK",Home and lifestyle,32,3/16/23,Credit card,5
8420,WALM082,25-34,Male,"Orlando, FL",Fashion accessories,76,1/28/23,Credit card,5
8421,WALM086,55+,Non-Binary,"Little Rock, AR",Home and lifestyle,41,6/9/22,Credit card,6
8422,WALM009,25-34,Female,"Phoenix, AZ",Fashion accessories,29,7/1/20,Credit card,3
8423,WALM075,55+,Prefer Not to Say,"Virginia Beach, VA",Home and lifestyle,105,2/11/21,Credit card,4
8424,WALM065,45-54,Female,"Orlando, FL",Fashion accessories,18,4/21/22,Credit card,7
8425,WALM073,45-54,Male,"Philadelphia, PA",Home and lifestyle,114,6/5/22,Credit card,7
8426,WALM056,45-54,Male,"Los Angeles, CA",Fashion accessories,140,8/2/23,Credit card,4
8427,WALM025,35-44,Non-Binary,"Minneapolis, MN",Home and lifestyle,52,2/8/23,Credit card,5
8428,WALM058,55+,Prefer Not to Say,"Charlotte, NC",Fashion accessories,81,2/15/22,Credit card,7
8429,WALM038,25-34,Non-Binary,"Anchorage, AK",Home and lifestyle,111,4/15/22,Credit card,3
8430,WALM055,18-24,Female,"Fargo, ND",Fashion accessories,32,10/31/22,Credit card,4
8431,WALM054,45-54,Male,"Orlando, FL",Home and lifestyle,35,3/21/22,Credit card,3
8432,WALM035,18-24,Prefer Not to Say,"Las Vegas, NV",Fashion accessories,146,10/17/19,Credit card,3
8433,WALM025,18-24,Non-Binary,"Fargo, ND",Home and lifestyle,100,9/24/20,Credit card,4
8434,WALM030,55+,Female,"Orlando, FL",Fashion accessories,63,6/16/23,Credit card,4
8435,WALM089,35-44,Female,"Nashville, TN",Home and lifestyle,183,1/12/21,Credit card,6
8436,WALM082,55+,Prefer Not to Say,"Charlotte, NC",Fashion accessories,15,6/30/19,Credit card,7
8437,WALM082,55+,Prefer Not to Say,"Las Vegas, NV",Home and lifestyle,234,3/17/21,Credit card,6
8438,WALM075,35-44,Male,"Orlando, FL",Fashion accessories,128,5/4/23,Credit card,7
8439,WALM003,55+,Non-Binary,"Atlanta, GA",Home and lifestyle,57,6/18/22,Credit card,7
8440,WALM087,55+,Non-Binary,"Fargo, ND",Fashion accessories,28,7/29/19,Credit card,3
8441,WALM054,35-44,Male,"Anchorage, AK",Home and lifestyle,144,12/24/21,Credit card,3
8442,WALM074,18-24,Female,"Charlotte, NC",Fashion accessories,100,9/9/23,Credit card,5
8443,WALM082,25-34,Female,"Birmingham, AL",Home and lifestyle,18,6/16/21,Credit card,4
8444,WALM069,25-34,Male,"Birmingham, AL",Fashion accessories,58,12/13/23,Credit card,7
8445,WALM029,45-54,Male,"Sioux Falls, SD",Home and lifestyle,249,8/10/21,Credit card,6
8446,WALM038,18-24,Prefer Not to Say,"Boise, ID",Fashion accessories,70,12/17/19,Credit card,5
8447,WALM056,18-24,Non-Binary,"Indianapolis, IN",Home and lifestyle,75,6/19/23,Credit card,3
8448,WALM069,18-24,Male,"Oklahoma City, OK",Fashion accessories,26,6/20/23,Credit card,6
8449,WALM065,45-54,Female,"Providence, RI",Home and lifestyle,110,12/3/19,Credit card,3
8450,WALM046,35-44,Male,"Denver, CO",Fashion accessories,52,2/11/21,Credit card,3
8451,WALM058,25-34,Non-Binary,"Charleston, WV",Home and lifestyle,51,12/24/21,Credit card,5
8452,WALM030,45-54,Female,"Wilmington, DE",Fashion accessories,48,10/22/23,Credit card,4
8453,WALM030,45-54,Non-Binary,"Billings, MT",Home and lifestyle,34,9/4/20,Credit card,3
8454,WALM065,55+,Prefer Not to Say,"Providence, RI",Fashion accessories,99,11/11/19,Credit card,5
8455,WALM084,55+,Male,"Nashville, TN",Home and lifestyle,102,3/1/22,Credit card,6
8456,WALM025,18-24,Female,"Minneapolis, MN",Fashion accessories,255,4/6/21,Credit card,4
8457,WALM050,45-54,Prefer Not to Say,"Little Rock, AR",Home and lifestyle,153,7/26/23,Ewallet,6
8458,WALM009,55+,Female,"Las Vegas, NV",Fashion accessories,57,2/13/20,Credit card,5
8459,WALM086,45-54,Male,"Hartford, CT",Home and lifestyle,80,6/17/19,Credit card,5
8460,WALM089,45-54,Prefer Not to Say,"Omaha, NE",Fashion accessories,75,11/11/20,Credit card,4
8461,WALM074,25-34,Prefer Not to Say,"Charlotte, NC",Home and lifestyle,70,11/17/19,Credit card,7
8462,WALM050,35-44,Female,"Oklahoma City, OK",Fashion accessories,48,8/17/23,Ewallet,7
8463,WALM089,45-54,Male,"Albuquerque, NM",Home and lifestyle,76,12/20/19,Credit card,3
8464,WALM069,45-54,Female,"Portland, OR",Fashion accessories,128,8/6/22,Credit card,5
8465,WALM050,35-44,Prefer Not to Say,"Billings, MT",Home and lifestyle,132,2/24/23,Ewallet,6
8466,WALM029,55+,Prefer Not to Say,"Minneapolis, MN",Fashion accessories,52,9/20/20,Credit card,5
8467,WALM029,25-34,Non-Binary,"New York City, NY",Home and lifestyle,76,12/29/21,Credit card,6
8468,WALM029,18-24,Prefer Not to Say,"Indianapolis, IN",Fashion accessories,38,11/16/22,Credit card,7
8469,WALM084,45-54,Male,"Portland, OR",Home and lifestyle,96,8/23/19,Credit card,7
8470,WALM056,18-24,Non-Binary,"Virginia Beach, VA",Fashion accessories,108,12/31/20,Credit card,5
8471,WALM089,55+,Female,"Indianapolis, IN",Home and lifestyle,15,1/7/22,Credit card,3
8472,WALM058,18-24,Non-Binary,"Oklahoma City, OK",Fashion accessories,153,7/17/20,Credit card,5
8473,WALM050,25-34,Male,"Portland, OR",Home and lifestyle,57,5/21/23,Ewallet,3
8474,WALM003,25-34,Female,"Atlanta, GA",Fashion accessories,93,3/8/21,Credit card,3
8475,WALM046,18-24,Female,"Chicago, IL",Home and lifestyle,63,8/22/21,Credit card,6
8476,WALM073,18-24,Prefer Not to Say,"Charlotte, NC",Fashion accessories,24,2/2/20,Credit card,5
8477,WALM046,25-34,Non-Binary,"Philadelphia, PA",Home and lifestyle,120,2/14/22,Credit card,7
8478,WALM073,25-34,Non-Binary,"Baltimore, MD",Fashion accessories,73,2/13/23,Credit card,7
8479,WALM084,35-44,Non-Binary,"Las Vegas, NV",Home and lifestyle,94,2/22/21,Credit card,6
8480,WALM003,18-24,Non-Binary,"Little Rock, AR",Fashion accessories,65,11/4/21,Credit card,4
8481,WALM009,18-24,Non-Binary,"Birmingham, AL",Home and lifestyle,85,8/31/23,Credit card,3
8482,WALM046,35-44,Non-Binary,"Chicago, IL",Fashion accessories,96,7/20/21,Credit card,3
8483,WALM099,55+,Male,"Baltimore, MD",Home and lifestyle,56,2/8/19,Credit card,5
8484,WALM056,25-34,Male,"Boston, MA",Fashion accessories,42,5/23/20,Credit card,5
8485,WALM074,25-34,Female,"Boise, ID",Home and lifestyle,38,9/26/21,Credit card,6
8486,WALM054,35-44,Non-Binary,"Jackson, MS",Fashion accessories,84,4/29/22,Credit card,4
8487,WALM032,35-44,Non-Binary,"Denver, CO",Home and lifestyle,63,1/21/21,Credit card,7
8488,WALM073,25-34,Male,"Oklahoma City, OK",Fashion accessories,99,3/15/22,Credit card,7
8489,WALM099,45-54,Prefer Not to Say,"Denver, CO",Home and lifestyle,57,8/11/21,Credit card,5
8490,WALM029,55+,Male,"Billings, MT",Fashion accessories,69,6/3/22,Credit card,5
8491,WALM074,25-34,Male,"Salt Lake City, UT",Home and lifestyle,42,2/15/21,Credit card,3
8492,WALM025,35-44,Prefer Not to Say,"Providence, RI",Fashion accessories,138,1/5/23,Credit card,5
8493,WALM058,35-44,Female,"Virginia Beach, VA",Home and lifestyle,255,9/16/23,Credit card,3
8494,WALM050,55+,Prefer Not to Say,"Houston, TX",Fashion accessories,94,11/4/20,Ewallet,7
8495,WALM056,45-54,Male,"Baltimore, MD",Home and lifestyle,73,1/27/20,Credit card,4
8496,WALM009,55+,Non-Binary,"Wichita, KS",Fashion accessories,31,11/14/19,Credit card,5
8497,WALM069,35-44,Female,"Cheyenne, WY",Home and lifestyle,87,1/3/19,Credit card,5
8498,WALM055,35-44,Female,"Sioux Falls, SD",Fashion accessories,240,3/29/20,Credit card,4
8499,WALM038,35-44,Male,"Philadelphia, PA",Home and lifestyle,93,2/2/22,Credit card,4
8500,WALM058,55+,Male,"Los Angeles, CA",Fashion accessories,198,2/19/20,Credit card,5
8501,WALM082,35-44,Male,"Oklahoma City, OK",Home and lifestyle,114,1/18/22,Credit card,7
8502,WALM084,45-54,Male,"Burlington, VT",Fashion accessories,23,11/9/21,Credit card,7
8503,WALM003,25-34,Female,"Phoenix, AZ",Home and lifestyle,62,2/13/20,Credit card,4
8504,WALM087,55+,Non-Binary,"Cheyenne, WY",Fashion accessories,46,8/26/23,Credit card,7
8505,WALM099,55+,Male,"Fargo, ND",Home and lifestyle,110,2/23/23,Credit card,7
8506,WALM029,55+,Non-Binary,"Columbus, OH",Fashion accessories,120,10/19/21,Credit card,7
8507,WALM038,35-44,Female,"Philadelphia, PA",Home and lifestyle,53,1/20/21,Credit card,6
8508,WALM009,18-24,Male,"Charleston, WV",Fashion accessories,78,6/27/20,Credit card,6
8509,WALM075,55+,Male,"Columbus, OH",Home and lifestyle,32,10/2/20,Credit card,7
8510,WALM050,18-24,Female,"Hartford, CT",Fashion accessories,213,3/7/21,Ewallet,3
8511,WALM075,35-44,Female,"Baltimore, MD",Home and lifestyle,80,8/5/20,Credit card,3
8512,WALM050,45-54,Non-Binary,"St. Louis, MO",Fashion accessories,40,1/5/22,Ewallet,5
8513,WALM086,18-24,Male,"Cheyenne, WY",Home and lifestyle,111,12/19/23,Credit card,7
8514,WALM058,55+,Prefer Not to Say,"Little Rock, AR",Fashion accessories,162,6/11/23,Credit card,4
8515,WALM056,18-24,Male,"Seattle, WA",Home and lifestyle,147,3/2/22,Credit card,3
8516,WALM084,55+,Prefer Not to Say,"Salt Lake City, UT",Fashion accessories,29,9/12/21,Credit card,5
8517,WALM058,55+,Female,"Minneapolis, MN",Home and lifestyle,65,8/26/19,Credit card,5
8518,WALM030,25-34,Non-Binary,"Honolulu, HI",Fashion accessories,240,6/21/19,Credit card,5
8519,WALM029,18-24,Non-Binary,"Little Rock, AR",Home and lifestyle,45,5/15/20,Credit card,7
8520,WALM058,35-44,Prefer Not to Say,"Omaha, NE",Fashion accessories,45,8/24/19,Credit card,4
8521,WALM029,18-24,Prefer Not to Say,"Charleston, SC",Home and lifestyle,70,12/13/20,Credit card,4
8522,WALM082,55+,Female,"Sioux Falls, SD",Fashion accessories,75,1/10/23,Credit card,3
8523,WALM009,18-24,Male,"Atlanta, GA",Home and lifestyle,102,9/7/19,Credit card,5
8524,WALM009,18-24,Male,"Omaha, NE",Fashion accessories,83,2/23/21,Credit card,3
8525,WALM082,45-54,Non-Binary,"Manchester, NH",Home and lifestyle,65,10/18/23,Credit card,7
8526,WALM084,25-34,Female,"Charleston, WV",Fashion accessories,48,11/3/22,Credit card,6
8527,WALM035,35-44,Male,"Burlington, VT",Home and lifestyle,18,5/2/22,Credit card,7
8528,WALM086,25-34,Female,"Boise, ID",Fashion accessories,78,5/14/21,Credit card,4
8529,WALM032,18-24,Female,"Newark, NJ",Home and lifestyle,140,12/1/20,Credit card,3
8530,WALM009,35-44,Non-Binary,"Hartford, CT",Fashion accessories,189,8/23/21,Credit card,6
8531,WALM032,35-44,Non-Binary,"Salt Lake City, UT",Home and lifestyle,201,9/19/22,Credit card,4
8532,WALM038,25-34,Prefer Not to Say,"Des Moines, IA",Fashion accessories,105,10/13/21,Credit card,6
8533,WALM029,35-44,Prefer Not to Say,"Seattle, WA",Home and lifestyle,50,4/15/21,Credit card,4
8534,WALM050,55+,Prefer Not to Say,"Houston, TX",Fashion accessories,45,6/3/20,Ewallet,7
8535,WALM058,45-54,Female,"Albuquerque, NM",Home and lifestyle,30,10/1/20,Credit card,5
8536,WALM038,35-44,Male,"Indianapolis, IN",Fashion accessories,87,6/28/23,Credit card,3
8537,WALM025,18-24,Prefer Not to Say,"Charlotte, NC",Home and lifestyle,180,8/4/21,Credit card,6
8538,WALM054,45-54,Prefer Not to Say,"Honolulu, HI",Fashion accessories,29,4/3/19,Credit card,6
8539,WALM089,35-44,Male,"New Orleans, LA",Home and lifestyle,57,9/2/23,Credit card,5
8540,WALM003,18-24,Male,"Boston, MA",Fashion accessories,243,6/25/22,Credit card,3
8541,WALM025,45-54,Non-Binary,"Houston, TX",Home and lifestyle,71,10/21/20,Credit card,3
8542,WALM009,35-44,Prefer Not to Say,"Phoenix, AZ",Fashion accessories,65,1/16/22,Credit card,5
8543,WALM058,55+,Non-Binary,"Houston, TX",Home and lifestyle,198,6/10/19,Credit card,6
8544,WALM058,35-44,Prefer Not to Say,"Hartford, CT",Fashion accessories,55,1/18/20,Credit card,5
8545,WALM035,18-24,Non-Binary,"Wilmington, DE",Home and lifestyle,160,12/17/20,Credit card,5
8546,WALM082,35-44,Male,"Seattle, WA",Fashion accessories,138,12/12/19,Credit card,4
8547,WALM029,55+,Female,"Nashville, TN",Home and lifestyle,120,7/28/21,Credit card,5
8548,WALM074,35-44,Prefer Not to Say,"Indianapolis, IN",Fashion accessories,46,4/11/20,Credit card,6
8549,WALM030,45-54,Prefer Not to Say,"Hartford, CT",Home and lifestyle,198,3/19/23,Credit card,7
8550,WALM032,25-34,Female,"Charlotte, NC",Fashion accessories,78,6/26/21,Credit card,5
8551,WALM050,35-44,Female,"Indianapolis, IN",Home and lifestyle,177,8/22/23,Ewallet,6
8552,WALM074,18-24,Male,"Indianapolis, IN",Fashion accessories,69,4/15/22,Credit card,4
8553,WALM073,18-24,Prefer Not to Say,"Charlotte, NC",Home and lifestyle,138,1/30/23,Credit card,7
8554,WALM084,25-34,Prefer Not to Say,"Wilmington, DE",Fashion accessories,152,4/19/23,Credit card,5
8555,WALM058,25-34,Male,"Charleston, WV",Home and lifestyle,58,8/29/20,Credit card,4
8556,WALM065,18-24,Male,"Milwaukee, WI",Fashion accessories,128,2/12/19,Credit card,6
8557,WALM075,35-44,Prefer Not to Say,"Charleston, WV",Home and lifestyle,159,6/1/19,Credit card,5
8558,WALM055,35-44,Prefer Not to Say,"Newark, NJ",Fashion accessories,108,2/14/23,Credit card,4
8559,WALM089,55+,Non-Binary,"Salt Lake City, UT",Home and lifestyle,50,2/18/19,Credit card,5
8560,WALM009,35-44,Female,"Nashville, TN",Fashion accessories,142,1/12/19,Credit card,7
8561,WALM074,45-54,Prefer Not to Say,"New Orleans, LA",Home and lifestyle,85,11/9/20,Credit card,6
8562,WALM009,25-34,Female,"Anchorage, AK",Fashion accessories,108,8/26/22,Credit card,5
8563,WALM050,18-24,Non-Binary,"Little Rock, AR",Home and lifestyle,96,10/17/21,Ewallet,6
8564,WALM084,45-54,Prefer Not to Say,"Philadelphia, PA",Fashion accessories,55,7/9/20,Cash,5
8565,WALM029,45-54,Prefer Not to Say,"Seattle, WA",Home and lifestyle,129,9/4/19,Cash,6
8566,WALM046,55+,Male,"Billings, MT",Fashion accessories,154,4/17/20,Cash,5
8567,WALM073,18-24,Male,"Houston, TX",Home and lifestyle,90,3/25/22,Cash,6
8568,WALM089,25-34,Female,"Los Angeles, CA",Fashion accessories,240,8/8/22,Cash,7
8569,WALM082,45-54,Non-Binary,"Baltimore, MD",Home and lifestyle,57,8/1/22,Cash,6
8570,WALM075,35-44,Female,"New Orleans, LA",Fashion accessories,150,8/22/23,Cash,5
8571,WALM054,18-24,Female,"Portland, ME",Home and lifestyle,152,10/11/22,Cash,5
8572,WALM050,25-34,Female,"Milwaukee, WI",Fashion accessories,46,5/13/21,Ewallet,7
8573,WALM025,45-54,Female,"Chicago, IL",Home and lifestyle,63,11/28/21,Cash,5
8574,WALM074,35-44,Prefer Not to Say,"Des Moines, IA",Fashion accessories,146,7/25/22,Cash,4
8575,WALM029,18-24,Male,"Phoenix, AZ",Home and lifestyle,165,11/16/23,Cash,4
8576,WALM089,35-44,Male,"New York City, NY",Fashion accessories,111,2/29/20,Cash,7
8577,WALM030,18-24,Non-Binary,"Wichita, KS",Home and lifestyle,207,6/20/23,Cash,5
8578,WALM089,25-34,Prefer Not to Say,"Detroit, MI",Fashion accessories,128,11/14/21,Cash,3
8579,WALM086,18-24,Male,"Phoenix, AZ",Home and lifestyle,65,2/12/23,Cash,5
8580,WALM035,18-24,Non-Binary,"Denver, CO",Fashion accessories,138,1/21/23,Cash,3
8581,WALM055,18-24,Prefer Not to Say,"Albuquerque, NM",Home and lifestyle,17,1/19/21,Cash,7
8582,WALM025,18-24,Male,"Cheyenne, WY",Fashion accessories,240,7/24/21,Cash,3
8583,WALM065,25-34,Non-Binary,"Little Rock, AR",Home and lifestyle,54,6/7/20,Cash,6
8584,WALM082,18-24,Non-Binary,"Columbus, OH",Fashion accessories,118,10/11/22,Cash,5
8585,WALM032,35-44,Prefer Not to Say,"Oklahoma City, OK",Home and lifestyle,148,5/8/22,Cash,5
8586,WALM029,55+,Non-Binary,"Las Vegas, NV",Fashion accessories,255,6/28/19,Cash,4
8587,WALM046,45-54,Male,"Newark, NJ",Home and lifestyle,46,4/30/20,Cash,6
8588,WALM099,55+,Prefer Not to Say,"Honolulu, HI",Fashion accessories,84,5/13/21,Cash,6
8589,WALM086,55+,Male,"Philadelphia, PA",Home and lifestyle,111,5/11/20,Cash,4
8590,WALM084,55+,Non-Binary,"Little Rock, AR",Fashion accessories,51,3/15/19,Cash,3
8591,WALM032,55+,Female,"Columbus, OH",Home and lifestyle,66,1/8/20,Cash,5
8592,WALM082,25-34,Male,"Sioux Falls, SD",Fashion accessories,159,12/16/22,Cash,7
8593,WALM075,25-34,Prefer Not to Say,"Burlington, VT",Home and lifestyle,129,11/4/19,Cash,3
8594,WALM032,18-24,Prefer Not to Say,"Boise, ID",Fashion accessories,65,5/6/19,Cash,4
8595,WALM058,18-24,Female,"Minneapolis, MN",Home and lifestyle,120,2/13/23,Cash,3
8596,WALM058,35-44,Male,"Hartford, CT",Fashion accessories,61,2/10/23,Cash,4
8597,WALM082,55+,Male,"Detroit, MI",Home and lifestyle,142,3/13/22,Cash,4
8598,WALM030,35-44,Prefer Not to Say,"Houston, TX",Fashion accessories,78,2/21/22,Cash,3
8599,WALM073,45-54,Non-Binary,"Charleston, SC",Home and lifestyle,63,9/8/23,Cash,7
8600,WALM084,25-34,Male,"Las Vegas, NV",Fashion accessories,84,2/27/23,Cash,3
8601,WALM082,45-54,Male,"Louisville, KY",Home and lifestyle,158,5/6/23,Cash,5
8602,WALM029,35-44,Female,"Charlotte, NC",Fashion accessories,186,10/7/19,Cash,3
8603,WALM038,18-24,Non-Binary,"Houston, TX",Home and lifestyle,96,11/12/21,Cash,6
8604,WALM003,35-44,Male,"Atlanta, GA",Fashion accessories,114,5/20/20,Cash,4
8605,WALM099,55+,Male,"Charlotte, NC",Home and lifestyle,135,1/23/21,Cash,3
8606,WALM073,25-34,Male,"Albuquerque, NM",Fashion accessories,56,7/24/23,Cash,7
8607,WALM099,25-34,Female,"Oklahoma City, OK",Home and lifestyle,58,12/30/21,Cash,5
8608,WALM030,55+,Non-Binary,"Columbus, OH",Fashion accessories,138,9/23/21,Cash,6
8609,WALM073,55+,Female,"Baltimore, MD",Home and lifestyle,102,8/13/22,Cash,7
8610,WALM029,55+,Prefer Not to Say,"Wilmington, DE",Fashion accessories,65,1/27/23,Cash,6
8611,WALM069,35-44,Male,"Little Rock, AR",Home and lifestyle,160,6/29/19,Cash,4
8612,WALM086,55+,Non-Binary,"Boston, MA",Fashion accessories,93,11/2/21,Cash,3
8613,WALM075,18-24,Prefer Not to Say,"Los Angeles, CA",Home and lifestyle,189,8/31/23,Cash,7
8614,WALM056,35-44,Male,"Burlington, VT",Fashion accessories,207,6/21/19,Cash,7
8615,WALM074,25-34,Prefer Not to Say,"Omaha, NE",Home and lifestyle,83,5/26/20,Cash,4
8616,WALM038,45-54,Prefer Not to Say,"Birmingham, AL",Fashion accessories,144,3/27/19,Cash,3
8617,WALM099,45-54,Prefer Not to Say,"Virginia Beach, VA",Home and lifestyle,69,4/29/20,Cash,7
8618,WALM089,45-54,Non-Binary,"Los Angeles, CA",Fashion accessories,123,9/27/20,Cash,6
8619,WALM030,55+,Male,"Honolulu, HI",Home and lifestyle,70,6/13/20,Cash,5
8620,WALM050,55+,Female,"Wichita, KS",Fashion accessories,204,5/4/20,Ewallet,6
8621,WALM038,18-24,Prefer Not to Say,"Charleston, SC",Home and lifestyle,76,11/27/19,Cash,5
8622,WALM032,45-54,Male,"Charleston, SC",Fashion accessories,85,4/26/20,Cash,4
8623,WALM038,25-34,Male,"Charlotte, NC",Home and lifestyle,132,4/12/19,Cash,5
8624,WALM050,35-44,Non-Binary,"Houston, TX",Fashion accessories,18,8/10/20,Ewallet,7
8625,WALM058,55+,Prefer Not to Say,"Fargo, ND",Home and lifestyle,114,6/21/21,Cash,5
8626,WALM032,45-54,Female,"St. Louis, MO",Fashion accessories,234,8/5/19,Cash,4
8627,WALM050,25-34,Prefer Not to Say,"Louisville, KY",Home and lifestyle,62,6/7/20,Ewallet,3
8628,WALM089,25-34,Prefer Not to Say,"Houston, TX",Fashion accessories,120,2/11/22,Cash,5
8629,WALM029,35-44,Female,"Atlanta, GA",Home and lifestyle,114,2/2/22,Cash,5
8630,WALM084,18-24,Non-Binary,"Charleston, SC",Fashion accessories,168,2/10/19,Cash,3
8631,WALM089,55+,Female,"Louisville, KY",Home and lifestyle,50,8/26/19,Cash,4
8632,WALM055,45-54,Non-Binary,"Chicago, IL",Fashion accessories,114,8/13/19,Cash,6
8633,WALM003,35-44,Prefer Not to Say,"Phoenix, AZ",Home and lifestyle,150,1/3/22,Cash,5
8634,WALM065,25-34,Prefer Not to Say,"Chicago, IL",Fashion accessories,36,4/7/22,Cash,7
8635,WALM069,18-24,Female,"Manchester, NH",Home and lifestyle,33,10/11/19,Cash,3
8636,WALM038,35-44,Female,"Boise, ID",Fashion accessories,15,11/5/21,Cash,7
8637,WALM084,35-44,Prefer Not to Say,"Atlanta, GA",Home and lifestyle,37,7/8/20,Cash,3
8638,WALM046,55+,Non-Binary,"Hartford, CT",Fashion accessories,189,1/18/22,Cash,3
8639,WALM025,35-44,Male,"Salt Lake City, UT",Home and lifestyle,81,9/27/23,Cash,4
8640,WALM074,25-34,Male,"St. Louis, MO",Fashion accessories,120,6/15/20,Cash,5
8641,WALM056,45-54,Male,"Des Moines, IA",Home and lifestyle,174,12/1/22,Cash,5
8642,WALM055,55+,Male,"Indianapolis, IN",Fashion accessories,46,8/30/23,Cash,4
8643,WALM099,35-44,Female,"Honolulu, HI",Home and lifestyle,82,12/22/23,Cash,3
8644,WALM046,55+,Male,"Baltimore, MD",Fashion accessories,249,12/23/21,Cash,6
8645,WALM082,25-34,Male,"Oklahoma City, OK",Home and lifestyle,60,8/9/22,Cash,5
8646,WALM038,55+,Male,"Jackson, MS",Fashion accessories,26,5/27/23,Cash,4
8647,WALM074,18-24,Non-Binary,"Boston, MA",Home and lifestyle,249,2/7/22,Cash,5
8648,WALM035,45-54,Female,"Virginia Beach, VA",Fashion accessories,60,8/16/23,Cash,6
8649,WALM065,45-54,Prefer Not to Say,"Columbus, OH",Home and lifestyle,80,5/31/21,Cash,3
8650,WALM086,18-24,Prefer Not to Say,"Billings, MT",Fashion accessories,48,7/11/19,Cash,7
8651,WALM038,35-44,Female,"Burlington, VT",Home and lifestyle,70,7/21/19,Cash,6
8652,WALM087,35-44,Prefer Not to Say,"Honolulu, HI",Fashion accessories,29,3/8/23,Cash,7
8653,WALM050,45-54,Prefer Not to Say,"Albuquerque, NM",Home and lifestyle,117,10/16/23,Ewallet,3
8654,WALM035,45-54,Female,"St. Louis, MO",Fashion accessories,96,7/7/22,Cash,6
8655,WALM056,35-44,Prefer Not to Say,"Newark, NJ",Home and lifestyle,144,2/25/19,Cash,7
8656,WALM029,25-34,Male,"Oklahoma City, OK",Fashion accessories,36,11/29/21,Cash,5
8657,WALM009,45-54,Male,"Portland, ME",Home and lifestyle,82,12/8/19,Cash,4
8658,WALM025,35-44,Female,"Newark, NJ",Fashion accessories,108,10/14/23,Cash,7
8659,WALM099,35-44,Male,"Des Moines, IA",Home and lifestyle,18,4/20/20,Cash,7
8660,WALM074,18-24,Non-Binary,"Philadelphia, PA",Fashion accessories,48,6/12/23,Cash,4
8661,WALM073,18-24,Non-Binary,"Philadelphia, PA",Home and lifestyle,192,1/10/20,Cash,5
8662,WALM046,25-34,Non-Binary,"Des Moines, IA",Fashion accessories,177,10/16/23,Cash,5
8663,WALM030,18-24,Prefer Not to Say,"Cheyenne, WY",Home and lifestyle,96,6/18/23,Cash,5
8664,WALM058,18-24,Male,"Jackson, MS",Fashion accessories,106,6/19/19,Cash,6
8665,WALM087,45-54,Prefer Not to Say,"Birmingham, AL",Home and lifestyle,201,6/20/19,Cash,3
8666,WALM032,35-44,Male,"Portland, ME",Fashion accessories,142,12/30/20,Cash,3
8667,WALM084,35-44,Female,"Hartford, CT",Home and lifestyle,162,10/1/21,Cash,6
8668,WALM089,18-24,Male,"Columbus, OH",Fashion accessories,72,11/11/20,Cash,7
8669,WALM038,55+,Non-Binary,"Las Vegas, NV",Home and lifestyle,237,10/4/22,Cash,6
8670,WALM069,18-24,Prefer Not to Say,"Indianapolis, IN",Fashion accessories,174,11/5/19,Cash,3
8671,WALM086,45-54,Non-Binary,"Louisville, KY",Home and lifestyle,70,9/3/19,Cash,7
8672,WALM084,35-44,Non-Binary,"Houston, TX",Fashion accessories,72,7/18/22,Cash,3
8673,WALM087,35-44,Female,"Honolulu, HI",Home and lifestyle,138,6/19/20,Cash,6
8674,WALM099,45-54,Male,"Sioux Falls, SD",Fashion accessories,37,1/20/19,Cash,6
8675,WALM029,25-34,Prefer Not to Say,"Columbus, OH",Home and lifestyle,68,4/26/23,Cash,7
8676,WALM035,35-44,Male,"Nashville, TN",Fashion accessories,90,2/26/19,Cash,5
8677,WALM030,18-24,Female,"Charleston, WV",Home and lifestyle,80,12/28/21,Cash,5
8678,WALM009,55+,Prefer Not to Say,"Las Vegas, NV",Fashion accessories,78,9/28/20,Cash,3
8679,WALM074,55+,Non-Binary,"Denver, CO",Home and lifestyle,69,7/23/22,Cash,6
8680,WALM009,18-24,Male,"New Orleans, LA",Fashion accessories,33,2/1/23,Cash,5
8681,WALM084,35-44,Non-Binary,"Sioux Falls, SD",Home and lifestyle,76,11/23/19,Cash,5
8682,WALM065,45-54,Female,"Albuquerque, NM",Fashion accessories,138,5/31/19,Cash,3
8683,WALM025,18-24,Male,"Orlando, FL",Home and lifestyle,80,5/10/23,Cash,3
8684,WALM009,18-24,Non-Binary,"Charleston, SC",Fashion accessories,114,1/27/22,Cash,4
8685,WALM032,35-44,Prefer Not to Say,"Salt Lake City, UT",Home and lifestyle,59,11/26/20,Cash,5
8686,WALM054,55+,Male,"St. Louis, MO",Fashion accessories,164,10/26/19,Cash,6
8687,WALM058,18-24,Male,"Cheyenne, WY",Home and lifestyle,36,4/12/23,Cash,4
8688,WALM065,55+,Prefer Not to Say,"Des Moines, IA",Fashion accessories,32,11/14/19,Cash,6
8689,WALM099,35-44,Prefer Not to Say,"Philadelphia, PA",Home and lifestyle,102,12/27/23,Cash,5
8690,WALM082,35-44,Male,"Wilmington, DE",Fashion accessories,118,1/29/21,Cash,4
8691,WALM084,35-44,Prefer Not to Say,"Newark, NJ",Home and lifestyle,20,11/12/22,Cash,7
8692,WALM030,18-24,Non-Binary,"Manchester, NH",Fashion accessories,237,8/19/19,Cash,3
8693,WALM054,35-44,Prefer Not to Say,"Indianapolis, IN",Home and lifestyle,162,6/28/21,Cash,3
8694,WALM075,55+,Non-Binary,"Las Vegas, NV",Fashion accessories,108,9/28/23,Cash,4
8695,WALM055,35-44,Non-Binary,"Indianapolis, IN",Home and lifestyle,192,1/10/20,Cash,4
8696,WALM065,25-34,Female,"Seattle, WA",Fashion accessories,42,1/13/23,Cash,6
8697,WALM069,25-34,Male,"Oklahoma City, OK",Home and lifestyle,237,1/11/19,Cash,5
8698,WALM009,35-44,Prefer Not to Say,"Portland, ME",Fashion accessories,73,12/11/23,Cash,3
8699,WALM035,18-24,Non-Binary,"Baltimore, MD",Home and lifestyle,138,6/19/22,Cash,4
8700,WALM029,45-54,Prefer Not to Say,"Nashville, TN",Fashion accessories,59,7/28/21,Cash,5
8701,WALM089,25-34,Prefer Not to Say,"Atlanta, GA",Home and lifestyle,162,2/23/22,Cash,3
8702,WALM030,18-24,Female,"Jackson, MS",Fashion accessories,110,8/12/20,Cash,5
8703,WALM038,25-34,Non-Binary,"Honolulu, HI",Home and lifestyle,32,9/8/19,Cash,7
8704,WALM035,35-44,Non-Binary,"Portland, ME",Fashion accessories,90,7/27/20,Cash,3
8705,WALM087,35-44,Male,"Albuquerque, NM",Home and lifestyle,111,3/9/23,Cash,5
8706,WALM086,45-54,Prefer Not to Say,"Las Vegas, NV",Fashion accessories,56,2/7/23,Cash,3
8707,WALM086,55+,Non-Binary,"Los Angeles, CA",Home and lifestyle,70,11/4/19,Cash,6
8708,WALM003,25-34,Female,"Manchester, NH",Fashion accessories,225,11/19/22,Cash,5
8709,WALM082,55+,Male,"Atlanta, GA",Home and lifestyle,170,5/12/21,Cash,7
8710,WALM030,35-44,Prefer Not to Say,"Anchorage, AK",Fashion accessories,142,3/7/19,Cash,4
8711,WALM069,55+,Male,"Fargo, ND",Home and lifestyle,134,7/31/23,Cash,3
8712,WALM073,25-34,Prefer Not to Say,"Indianapolis, IN",Fashion accessories,142,6/21/19,Cash,3
8713,WALM069,45-54,Male,"Portland, OR",Home and lifestyle,138,2/20/21,Cash,6
8714,WALM086,25-34,Prefer Not to Say,"Minneapolis, MN",Fashion accessories,60,2/26/23,Cash,4
8715,WALM084,25-34,Non-Binary,"Phoenix, AZ",Home and lifestyle,186,11/4/20,Cash,6
8716,WALM038,55+,Prefer Not to Say,"Charleston, SC",Fashion accessories,102,3/25/20,Cash,7
8717,WALM032,55+,Prefer Not to Say,"Philadelphia, PA",Home and lifestyle,130,11/27/23,Cash,6
8718,WALM099,18-24,Non-Binary,"Honolulu, HI",Fashion accessories,51,1/16/21,Cash,5
8719,WALM087,35-44,Female,"Seattle, WA",Home and lifestyle,207,12/16/20,Cash,3
8720,WALM032,18-24,Non-Binary,"Houston, TX",Fashion accessories,60,2/22/21,Cash,3
8721,WALM003,25-34,Male,"Hartford, CT",Home and lifestyle,25,2/18/23,Cash,5
8722,WALM054,45-54,Non-Binary,"Wilmington, DE",Fashion accessories,23,8/1/20,Cash,6
8723,WALM030,18-24,Female,"St. Louis, MO",Home and lifestyle,69,6/2/19,Cash,6
8724,WALM084,25-34,Prefer Not to Say,"Birmingham, AL",Fashion accessories,174,6/6/23,Cash,7
8725,WALM050,25-34,Female,"Cheyenne, WY",Home and lifestyle,73,12/11/19,Ewallet,5
8726,WALM082,18-24,Prefer Not to Say,"Jackson, MS",Fashion accessories,52,11/25/21,Cash,6
8727,WALM003,55+,Female,"Fargo, ND",Home and lifestyle,108,3/18/22,Cash,4
8728,WALM084,35-44,Non-Binary,"Charleston, WV",Fashion accessories,105,9/21/19,Cash,5
8729,WALM038,45-54,Male,"Milwaukee, WI",Home and lifestyle,85,2/23/23,Cash,5
8730,WALM054,45-54,Prefer Not to Say,"Chicago, IL",Fashion accessories,150,5/19/21,Cash,6
8731,WALM029,45-54,Male,"Louisville, KY",Home and lifestyle,135,7/9/19,Cash,3
8732,WALM046,35-44,Prefer Not to Say,"Hartford, CT",Fashion accessories,33,6/6/21,Cash,6
8733,WALM030,45-54,Female,"Chicago, IL",Home and lifestyle,112,7/6/19,Cash,6
8734,WALM032,18-24,Male,"Denver, CO",Fashion accessories,85,12/18/19,Cash,7
8735,WALM084,55+,Non-Binary,"Phoenix, AZ",Home and lifestyle,52,12/28/20,Cash,7
8736,WALM003,25-34,Prefer Not to Say,"Milwaukee, WI",Fashion accessories,15,4/19/23,Cash,4
8737,WALM087,18-24,Male,"St. Louis, MO",Home and lifestyle,102,8/28/23,Cash,7
8738,WALM030,25-34,Female,"New Orleans, LA",Fashion accessories,40,9/3/23,Cash,7
8739,WALM054,55+,Male,"Des Moines, IA",Home and lifestyle,126,9/23/20,Cash,6
8740,WALM099,45-54,Prefer Not to Say,"Minneapolis, MN",Fashion accessories,86,11/20/20,Cash,6
8741,WALM055,45-54,Female,"Wilmington, DE",Home and lifestyle,60,8/18/21,Cash,7
8742,WALM089,25-34,Male,"Baltimore, MD",Fashion accessories,83,12/17/22,Cash,5
8743,WALM069,25-34,Female,"Boise, ID",Home and lifestyle,159,3/9/22,Cash,5
8744,WALM046,55+,Male,"Wilmington, DE",Fashion accessories,51,12/10/21,Cash,5
8745,WALM032,25-34,Prefer Not to Say,"Indianapolis, IN",Home and lifestyle,26,6/19/22,Cash,4
8746,WALM084,55+,Prefer Not to Say,"Honolulu, HI",Fashion accessories,76,2/23/19,Cash,6
8747,WALM003,35-44,Non-Binary,"Hartford, CT",Home and lifestyle,189,12/12/19,Cash,7
8748,WALM046,25-34,Female,"Philadelphia, PA",Fashion accessories,114,5/18/19,Cash,4
8749,WALM074,45-54,Non-Binary,"Atlanta, GA",Home and lifestyle,68,3/17/20,Cash,5
8750,WALM099,25-34,Prefer Not to Say,"Anchorage, AK",Fashion accessories,40,1/1/22,Cash,6
8751,WALM087,45-54,Male,"Columbus, OH",Home and lifestyle,62,5/28/20,Cash,4
8752,WALM065,18-24,Non-Binary,"New York City, NY",Fashion accessories,60,9/7/21,Cash,3
8753,WALM065,45-54,Non-Binary,"Honolulu, HI",Home and lifestyle,64,1/28/20,Cash,5
8754,WALM055,18-24,Female,"Philadelphia, PA",Fashion accessories,68,2/14/20,Cash,4
8755,WALM038,35-44,Female,"Providence, RI",Home and lifestyle,44,11/28/21,Cash,3
8756,WALM073,35-44,Male,"New Orleans, LA",Fashion accessories,90,12/26/19,Cash,6
8757,WALM058,35-44,Non-Binary,"Omaha, NE",Home and lifestyle,15,2/4/21,Cash,4
8758,WALM087,55+,Prefer Not to Say,"Oklahoma City, OK",Fashion accessories,126,12/24/21,Cash,5
8759,WALM025,45-54,Male,"Birmingham, AL",Home and lifestyle,216,8/14/19,Cash,4
8760,WALM035,25-34,Prefer Not to Say,"Seattle, WA",Fashion accessories,55,7/24/19,Cash,5
8761,WALM065,35-44,Non-Binary,"Charleston, SC",Home and lifestyle,54,6/17/19,Cash,3
8762,WALM086,35-44,Male,"Orlando, FL",Fashion accessories,102,12/20/20,Cash,6
8763,WALM075,35-44,Female,"Chicago, IL",Home and lifestyle,46,1/6/20,Cash,4
8764,WALM055,55+,Male,"Boise, ID",Fashion accessories,126,6/20/21,Cash,3
8765,WALM073,18-24,Male,"Orlando, FL",Home and lifestyle,69,7/23/21,Cash,3
8766,WALM029,45-54,Male,"Seattle, WA",Fashion accessories,30,6/5/19,Cash,6
8767,WALM038,55+,Male,"New Orleans, LA",Home and lifestyle,81,6/12/23,Cash,6
8768,WALM054,25-34,Male,"Oklahoma City, OK",Fashion accessories,98,8/16/20,Cash,4
8769,WALM084,35-44,Male,"Seattle, WA",Home and lifestyle,177,11/13/23,Cash,3
8770,WALM029,55+,Female,"Portland, OR",Fashion accessories,148,8/27/22,Cash,6
8771,WALM055,55+,Male,"Philadelphia, PA",Home and lifestyle,148,3/5/22,Cash,7
8772,WALM035,45-54,Prefer Not to Say,"Orlando, FL",Fashion accessories,158,7/25/22,Cash,3
8773,WALM054,35-44,Female,"Louisville, KY",Home and lifestyle,225,7/1/20,Cash,6
8774,WALM058,18-24,Female,"Charleston, SC",Fashion accessories,73,10/10/20,Cash,6
8775,WALM074,18-24,Prefer Not to Say,"Charleston, SC",Home and lifestyle,168,4/5/23,Cash,6
8776,WALM054,55+,Prefer Not to Say,"Portland, ME",Fashion accessories,35,3/1/22,Cash,6
8777,WALM032,18-24,Prefer Not to Say,"Houston, TX",Home and lifestyle,62,3/29/22,Cash,4
8778,WALM009,18-24,Female,"Oklahoma City, OK",Fashion accessories,90,5/24/21,Cash,5
8779,WALM074,18-24,Non-Binary,"Hartford, CT",Home and lifestyle,231,12/29/21,Cash,3
8780,WALM029,25-34,Prefer Not to Say,"Hartford, CT",Fashion accessories,87,11/29/23,Cash,3
8781,WALM073,18-24,Female,"Orlando, FL",Home and lifestyle,73,9/28/22,Cash,5
8782,WALM058,25-34,Non-Binary,"Birmingham, AL",Fashion accessories,40,9/14/22,Cash,3
8783,WALM089,45-54,Male,"Wilmington, DE",Home and lifestyle,48,6/19/22,Cash,7
8784,WALM086,18-24,Female,"Birmingham, AL",Fashion accessories,36,6/19/21,Cash,6
8785,WALM050,55+,Female,"Charleston, WV",Home and lifestyle,105,1/23/21,Credit card,3
8786,WALM084,18-24,Non-Binary,"New York City, NY",Fashion accessories,77,2/5/19,Cash,3
8787,WALM069,55+,Prefer Not to Say,"Fargo, ND",Home and lifestyle,83,4/12/23,Cash,3
8788,WALM003,45-54,Male,"Charlotte, NC",Fashion accessories,168,12/31/21,Cash,3
8789,WALM058,35-44,Female,"New York City, NY",Home and lifestyle,47,7/23/20,Cash,4
8790,WALM035,45-54,Male,"Virginia Beach, VA",Fashion accessories,116,2/16/22,Cash,4
8791,WALM099,55+,Female,"Anchorage, AK",Home and lifestyle,44,9/8/20,Cash,7
8792,WALM084,18-24,Female,"Virginia Beach, VA",Fashion accessories,66,10/29/19,Cash,7
8793,WALM065,45-54,Female,"Portland, OR",Home and lifestyle,213,10/22/22,Cash,4
8794,WALM003,35-44,Prefer Not to Say,"Sioux Falls, SD",Fashion accessories,148,2/1/21,Cash,6
8795,WALM087,25-34,Non-Binary,"Oklahoma City, OK",Home and lifestyle,252,3/25/22,Cash,6
8796,WALM073,25-34,Prefer Not to Say,"Des Moines, IA",Fashion accessories,114,5/2/22,Cash,6
8797,WALM056,18-24,Non-Binary,"Oklahoma City, OK",Home and lifestyle,84,3/17/19,Cash,3
8798,WALM074,25-34,Female,"New Orleans, LA",Fashion accessories,21,10/18/23,Cash,5
8799,WALM030,45-54,Prefer Not to Say,"Omaha, NE",Home and lifestyle,48,12/18/21,Cash,3
8800,WALM087,18-24,Male,"Atlanta, GA",Fashion accessories,64,2/1/20,Cash,7
8801,WALM003,55+,Prefer Not to Say,"Burlington, VT",Home and lifestyle,246,11/13/19,Cash,7
8802,WALM084,55+,Non-Binary,"Birmingham, AL",Fashion accessories,192,4/25/21,Cash,6
8803,WALM055,18-24,Female,"Wichita, KS",Home and lifestyle,180,6/11/19,Cash,5
8804,WALM084,45-54,Female,"Burlington, VT",Fashion accessories,130,8/22/21,Cash,4
8805,WALM086,35-44,Female,"Baltimore, MD",Home and lifestyle,83,3/14/22,Cash,6
8806,WALM003,55+,Non-Binary,"Portland, OR",Fashion accessories,213,3/20/19,Cash,6
8807,WALM065,18-24,Prefer Not to Say,"Philadelphia, PA",Home and lifestyle,24,5/30/21,Cash,4
8808,WALM003,35-44,Female,"Columbus, OH",Fashion accessories,84,11/22/19,Cash,4
8809,WALM089,18-24,Female,"Minneapolis, MN",Home and lifestyle,84,9/3/19,Cash,4
8810,WALM056,25-34,Non-Binary,"Baltimore, MD",Fashion accessories,56,11/27/21,Cash,4
8811,WALM003,55+,Male,"Manchester, NH",Home and lifestyle,67,10/17/23,Cash,7
8812,WALM009,35-44,Female,"Portland, ME",Fashion accessories,81,9/1/23,Cash,3
8813,WALM038,45-54,Non-Binary,"Birmingham, AL",Home and lifestyle,64,6/27/23,Cash,3
8814,WALM058,55+,Non-Binary,"Manchester, NH",Fashion accessories,124,7/1/23,Cash,4
8815,WALM029,25-34,Prefer Not to Say,"Jackson, MS",Home and lifestyle,78,11/4/23,Cash,5
8816,WALM084,55+,Prefer Not to Say,"Seattle, WA",Fashion accessories,171,3/10/20,Cash,4
8817,WALM055,55+,Non-Binary,"Milwaukee, WI",Home and lifestyle,34,12/8/20,Cash,4
8818,WALM086,35-44,Female,"Newark, NJ",Fashion accessories,94,11/12/23,Cash,3
8819,WALM086,25-34,Male,"Boise, ID",Home and lifestyle,168,9/29/19,Cash,6
8820,WALM069,25-34,Prefer Not to Say,"Orlando, FL",Fashion accessories,219,11/25/20,Cash,5
8821,WALM084,25-34,Female,"Indianapolis, IN",Home and lifestyle,65,7/5/20,Cash,5
8822,WALM058,55+,Male,"Virginia Beach, VA",Fashion accessories,122,8/21/22,Cash,6
8823,WALM075,25-34,Male,"Billings, MT",Home and lifestyle,72,11/30/21,Cash,4
8824,WALM087,18-24,Male,"Charlotte, NC",Fashion accessories,112,9/1/22,Cash,3
8825,WALM073,25-34,Non-Binary,"Virginia Beach, VA",Home and lifestyle,21,5/8/19,Cash,5
8826,WALM035,55+,Prefer Not to Say,"Salt Lake City, UT",Fashion accessories,72,1/30/21,Cash,6
8827,WALM030,25-34,Prefer Not to Say,"Wichita, KS",Home and lifestyle,114,12/24/23,Cash,4
8828,WALM084,18-24,Prefer Not to Say,"Orlando, FL",Fashion accessories,140,5/7/22,Cash,3
8829,WALM003,55+,Prefer Not to Say,"Boise, ID",Home and lifestyle,100,8/8/20,Cash,7
8830,WALM056,35-44,Female,"Baltimore, MD",Fashion accessories,63,7/21/22,Cash,3
8831,WALM073,45-54,Female,"Columbus, OH",Home and lifestyle,138,7/17/22,Cash,7
8832,WALM030,55+,Prefer Not to Say,"Chicago, IL",Fashion accessories,156,12/30/21,Cash,6
8833,WALM082,45-54,Prefer Not to Say,"Nashville, TN",Home and lifestyle,92,10/18/20,Cash,7
8834,WALM038,25-34,Male,"Detroit, MI",Fashion accessories,43,7/5/19,Cash,4
8835,WALM032,35-44,Non-Binary,"Omaha, NE",Home and lifestyle,71,2/9/23,Cash,7
8836,WALM056,35-44,Prefer Not to Say,"Chicago, IL",Fashion accessories,120,3/27/19,Cash,6
8837,WALM075,18-24,Non-Binary,"Orlando, FL",Home and lifestyle,104,1/21/20,Cash,6
8838,WALM087,18-24,Prefer Not to Say,"Phoenix, AZ",Fashion accessories,83,9/26/23,Cash,7
8839,WALM025,18-24,Non-Binary,"Nashville, TN",Home and lifestyle,111,10/1/20,Cash,7
8840,WALM065,18-24,Male,"Birmingham, AL",Fashion accessories,15,12/21/20,Cash,3
8841,WALM038,45-54,Male,"Jackson, MS",Home and lifestyle,52,7/8/22,Cash,4
8842,WALM035,25-34,Female,"Denver, CO",Fashion accessories,72,7/4/23,Cash,4
8843,WALM054,35-44,Male,"Charleston, SC",Home and lifestyle,117,8/8/21,Cash,6
8844,WALM073,55+,Non-Binary,"Anchorage, AK",Fashion accessories,154,9/3/19,Cash,4
8845,WALM030,18-24,Female,"Denver, CO",Home and lifestyle,207,10/14/20,Cash,4
8846,WALM055,55+,Non-Binary,"St. Louis, MO",Fashion accessories,63,3/21/23,Cash,6
8847,WALM032,45-54,Male,"Anchorage, AK",Home and lifestyle,134,1/3/22,Cash,5
8848,WALM073,35-44,Female,"Charlotte, NC",Fashion accessories,51,11/28/19,Cash,4
8849,WALM035,45-54,Female,"Baltimore, MD",Home and lifestyle,38,3/15/23,Cash,7
8850,WALM035,18-24,Male,"Philadelphia, PA",Fashion accessories,128,3/18/20,Cash,6
8851,WALM032,35-44,Non-Binary,"Seattle, WA",Home and lifestyle,120,6/14/19,Cash,7
8852,WALM046,55+,Female,"Milwaukee, WI",Fashion accessories,40,4/4/19,Cash,3
8853,WALM054,35-44,Non-Binary,"Sioux Falls, SD",Home and lifestyle,26,9/2/22,Cash,6
8854,WALM074,18-24,Female,"Hartford, CT",Fashion accessories,124,8/8/20,Cash,5
8855,WALM058,25-34,Non-Binary,"Hartford, CT",Home and lifestyle,92,4/8/23,Cash,5
8856,WALM009,55+,Non-Binary,"Orlando, FL",Fashion accessories,50,1/13/22,Cash,4
8857,WALM050,55+,Male,"Manchester, NH",Home and lifestyle,152,10/31/21,Credit card,3
8858,WALM089,18-24,Male,"Omaha, NE",Fashion accessories,153,12/15/23,Cash,4
8859,WALM073,35-44,Non-Binary,"Phoenix, AZ",Home and lifestyle,142,1/26/20,Cash,3
8860,WALM038,25-34,Non-Binary,"Billings, MT",Fashion accessories,102,10/1/22,Cash,4
8861,WALM009,35-44,Female,"New York City, NY",Home and lifestyle,128,5/5/22,Cash,5
8862,WALM086,35-44,Male,"Detroit, MI",Fashion accessories,116,3/4/19,Cash,6
8863,WALM069,18-24,Prefer Not to Say,"Louisville, KY",Home and lifestyle,252,2/22/23,Cash,6
8864,WALM075,55+,Non-Binary,"Houston, TX",Fashion accessories,50,12/19/23,Cash,5
8865,WALM099,45-54,Prefer Not to Say,"Anchorage, AK",Home and lifestyle,51,11/11/20,Cash,5
8866,WALM099,35-44,Male,"Anchorage, AK",Fashion accessories,183,1/26/19,Cash,5
8867,WALM084,45-54,Female,"Philadelphia, PA",Home and lifestyle,68,4/28/22,Cash,4
8868,WALM038,25-34,Non-Binary,"Albuquerque, NM",Fashion accessories,72,12/20/23,Cash,3
8869,WALM082,45-54,Male,"New Orleans, LA",Home and lifestyle,192,1/8/19,Cash,6
8870,WALM073,18-24,Male,"Charlotte, NC",Fashion accessories,57,1/3/22,Cash,4
8871,WALM055,35-44,Male,"Manchester, NH",Home and lifestyle,102,9/4/22,Cash,3
8872,WALM030,18-24,Female,"Albuquerque, NM",Fashion accessories,24,5/8/22,Cash,7
8873,WALM086,25-34,Non-Binary,"St. Louis, MO",Home and lifestyle,174,6/25/22,Cash,6
8874,WALM003,55+,Female,"Wichita, KS",Fashion accessories,104,7/24/22,Cash,6
8875,WALM069,55+,Non-Binary,"Chicago, IL",Home and lifestyle,15,9/1/21,Cash,3
8876,WALM058,35-44,Male,"Newark, NJ",Fashion accessories,183,2/23/19,Cash,6
8877,WALM084,35-44,Female,"Milwaukee, WI",Home and lifestyle,41,8/24/23,Cash,7
8878,WALM099,45-54,Prefer Not to Say,"Columbus, OH",Fashion accessories,96,11/24/23,Cash,3
8879,WALM050,35-44,Female,"Virginia Beach, VA",Home and lifestyle,108,9/17/23,Credit card,4
8880,WALM058,35-44,Female,"Baltimore, MD",Fashion accessories,114,10/13/20,Cash,6
8881,WALM046,35-44,Prefer Not to Say,"Salt Lake City, UT",Home and lifestyle,168,10/16/21,Cash,3
8882,WALM032,18-24,Prefer Not to Say,"Louisville, KY",Fashion accessories,162,7/24/23,Cash,7
8883,WALM082,35-44,Non-Binary,"Sioux Falls, SD",Home and lifestyle,27,5/5/20,Cash,5
8884,WALM087,18-24,Male,"Seattle, WA",Fashion accessories,68,6/9/23,Cash,3
8885,WALM065,18-24,Female,"Sioux Falls, SD",Home and lifestyle,28,11/8/20,Cash,3
8886,WALM054,18-24,Male,"Des Moines, IA",Fashion accessories,42,9/25/22,Cash,7
8887,WALM056,45-54,Female,"Charleston, WV",Home and lifestyle,160,3/26/22,Cash,7
8888,WALM075,55+,Prefer Not to Say,"Sioux Falls, SD",Fashion accessories,204,4/29/21,Cash,6
8889,WALM038,45-54,Prefer Not to Say,"Charlotte, NC",Home and lifestyle,74,5/13/19,Cash,3
8890,WALM069,45-54,Female,"Wilmington, DE",Fashion accessories,82,2/24/19,Cash,4
8891,WALM032,45-54,Non-Binary,"Philadelphia, PA",Home and lifestyle,106,11/22/23,Cash,5
8892,WALM029,18-24,Male,"Philadelphia, PA",Fashion accessories,48,3/14/22,Cash,3
8893,WALM050,18-24,Female,"Atlanta, GA",Home and lifestyle,189,12/14/19,Credit card,5
8894,WALM054,18-24,Male,"Virginia Beach, VA",Fashion accessories,51,8/30/21,Cash,6
8895,WALM038,45-54,Non-Binary,"Columbus, OH",Home and lifestyle,81,6/18/19,Cash,6
8896,WALM025,25-34,Non-Binary,"Anchorage, AK",Fashion accessories,84,11/29/20,Cash,7
8897,WALM089,55+,Male,"Newark, NJ",Home and lifestyle,106,1/20/21,Cash,3
8898,WALM035,18-24,Female,"Philadelphia, PA",Fashion accessories,81,6/17/21,Cash,5
8899,WALM099,55+,Prefer Not to Say,"Charleston, WV",Home and lifestyle,174,1/4/21,Cash,5
8900,WALM054,45-54,Non-Binary,"Fargo, ND",Fashion accessories,249,12/15/23,Cash,3
8901,WALM009,18-24,Prefer Not to Say,"Anchorage, AK",Home and lifestyle,108,11/23/21,Cash,4
8902,WALM046,35-44,Prefer Not to Say,"Charlotte, NC",Fashion accessories,41,2/9/22,Cash,4
8903,WALM086,18-24,Prefer Not to Say,"Anchorage, AK",Home and lifestyle,69,2/3/22,Cash,3
8904,WALM074,45-54,Prefer Not to Say,"Des Moines, IA",Fashion accessories,164,4/7/23,Cash,4
8905,WALM073,18-24,Non-Binary,"Columbus, OH",Home and lifestyle,36,11/24/19,Cash,3
8906,WALM065,35-44,Female,"Charleston, SC",Fashion accessories,102,10/17/21,Cash,4
8907,WALM075,18-24,Male,"Milwaukee, WI",Home and lifestyle,76,12/8/22,Cash,6
8908,WALM075,18-24,Non-Binary,"Milwaukee, WI",Fashion accessories,83,3/25/21,Cash,5
8909,WALM029,45-54,Non-Binary,"Salt Lake City, UT",Home and lifestyle,52,10/28/22,Cash,6
8910,WALM069,45-54,Non-Binary,"Cheyenne, WY",Fashion accessories,105,4/6/21,Cash,3
8911,WALM029,25-34,Male,"Charleston, SC",Home and lifestyle,124,5/22/20,Cash,3
8912,WALM035,55+,Male,"Louisville, KY",Fashion accessories,222,1/27/22,Cash,3
8913,WALM038,45-54,Male,"Wilmington, DE",Home and lifestyle,22,3/9/23,Cash,5
8914,WALM025,35-44,Male,"Anchorage, AK",Fashion accessories,85,1/30/21,Cash,5
8915,WALM003,25-34,Male,"Baltimore, MD",Home and lifestyle,35,1/5/20,Cash,5
8916,WALM099,25-34,Male,"Seattle, WA",Fashion accessories,110,11/19/20,Cash,4
8917,WALM099,55+,Male,"Nashville, TN",Home and lifestyle,56,4/10/22,Cash,7
8918,WALM032,18-24,Prefer Not to Say,"Wilmington, DE",Fashion accessories,207,11/18/21,Cash,6
8919,WALM075,55+,Male,"Nashville, TN",Home and lifestyle,192,8/22/22,Cash,3
8920,WALM029,55+,Non-Binary,"Charleston, WV",Fashion accessories,237,9/16/20,Cash,6
8921,WALM003,35-44,Male,"Baltimore, MD",Home and lifestyle,120,1/10/20,Cash,4
8922,WALM046,45-54,Male,"Detroit, MI",Fashion accessories,60,5/7/19,Cash,6
8923,WALM089,55+,Male,"Anchorage, AK",Home and lifestyle,78,1/14/23,Cash,5
8924,WALM087,35-44,Male,"Charleston, WV",Fashion accessories,50,3/11/21,Cash,7
8925,WALM058,35-44,Male,"Wichita, KS",Home and lifestyle,166,4/23/19,Cash,6
8926,WALM084,25-34,Non-Binary,"Anchorage, AK",Fashion accessories,60,8/11/19,Cash,4
8927,WALM065,18-24,Male,"New York City, NY",Home and lifestyle,78,8/17/20,Cash,4
8928,WALM050,35-44,Female,"Manchester, NH",Fashion accessories,216,7/26/19,Credit card,7
8929,WALM084,35-44,Female,"Columbus, OH",Home and lifestyle,234,4/10/22,Cash,6
8930,WALM058,25-34,Female,"Boise, ID",Fashion accessories,112,9/17/20,Cash,3
8931,WALM056,35-44,Female,"Denver, CO",Home and lifestyle,67,6/29/21,Cash,3
8932,WALM074,25-34,Prefer Not to Say,"Portland, OR",Fashion accessories,126,8/31/20,Cash,4
8933,WALM030,25-34,Non-Binary,"Las Vegas, NV",Home and lifestyle,108,6/4/21,Cash,3
8934,WALM054,35-44,Prefer Not to Say,"Chicago, IL",Fashion accessories,31,4/26/21,Cash,5
8935,WALM082,45-54,Female,"Virginia Beach, VA",Home and lifestyle,59,3/17/20,Cash,5
8936,WALM069,55+,Male,"Billings, MT",Fashion accessories,49,1/29/20,Cash,7
8937,WALM046,45-54,Female,"Wilmington, DE",Home and lifestyle,120,11/9/20,Cash,4
8938,WALM035,35-44,Non-Binary,"Chicago, IL",Fashion accessories,68,10/18/21,Cash,3
8939,WALM046,25-34,Prefer Not to Say,"Anchorage, AK",Home and lifestyle,154,10/20/19,Cash,7
8940,WALM035,45-54,Prefer Not to Say,"Philadelphia, PA",Fashion accessories,43,3/12/19,Cash,5
8941,WALM086,55+,Prefer Not to Say,"Salt Lake City, UT",Home and lifestyle,126,12/4/20,Cash,3
8942,WALM035,55+,Male,"Seattle, WA",Fashion accessories,32,1/16/19,Cash,6
8943,WALM087,55+,Male,"Hartford, CT",Home and lifestyle,204,4/18/19,Cash,7
8944,WALM089,25-34,Prefer Not to Say,"Birmingham, AL",Fashion accessories,132,11/25/21,Cash,3
8945,WALM073,35-44,Non-Binary,"Nashville, TN",Home and lifestyle,210,4/16/19,Cash,5
8946,WALM058,45-54,Female,"Chicago, IL",Fashion accessories,129,11/6/21,Cash,6
8947,WALM074,18-24,Female,"Minneapolis, MN",Home and lifestyle,132,10/21/21,Cash,4
8948,WALM055,45-54,Prefer Not to Say,"Virginia Beach, VA",Fashion accessories,21,12/10/22,Cash,6
8949,WALM099,25-34,Prefer Not to Say,"New Orleans, LA",Home and lifestyle,132,10/26/23,Cash,4
8950,WALM087,55+,Female,"Portland, ME",Fashion accessories,64,4/8/20,Cash,5
8951,WALM032,55+,Prefer Not to Say,"Columbus, OH",Home and lifestyle,90,3/14/22,Cash,5
8952,WALM075,55+,Female,"Portland, OR",Fashion accessories,246,12/20/20,Cash,5
8953,WALM046,18-24,Prefer Not to Say,"New York City, NY",Home and lifestyle,26,5/16/23,Cash,7
8954,WALM035,55+,Prefer Not to Say,"Charleston, SC",Fashion accessories,231,4/15/22,Cash,6
8955,WALM086,18-24,Female,"Providence, RI",Home and lifestyle,72,3/15/20,Cash,6
8956,WALM038,18-24,Prefer Not to Say,"Manchester, NH",Fashion accessories,93,3/18/22,Cash,5
8957,WALM086,45-54,Female,"Las Vegas, NV",Home and lifestyle,39,7/8/21,Cash,4
8958,WALM003,18-24,Non-Binary,"Houston, TX",Fashion accessories,29,5/9/23,Cash,4
8959,WALM030,35-44,Non-Binary,"Boston, MA",Home and lifestyle,168,2/18/21,Cash,5
8960,WALM075,18-24,Female,"Houston, TX",Fashion accessories,231,1/15/19,Cash,6
8961,WALM056,18-24,Prefer Not to Say,"Charlotte, NC",Home and lifestyle,174,9/29/23,Cash,3
8962,WALM003,25-34,Female,"Charlotte, NC",Fashion accessories,69,9/5/22,Cash,4
8963,WALM074,25-34,Non-Binary,"Sioux Falls, SD",Home and lifestyle,44,10/1/20,Cash,7
8964,WALM089,55+,Female,"Seattle, WA",Fashion accessories,22,5/6/22,Cash,3
8965,WALM035,45-54,Non-Binary,"Seattle, WA",Home and lifestyle,50,1/21/23,Cash,5
8966,WALM065,35-44,Female,"Detroit, MI",Fashion accessories,22,10/3/19,Cash,7
8967,WALM035,45-54,Male,"Minneapolis, MN",Home and lifestyle,165,2/5/23,Cash,4
8968,WALM055,18-24,Male,"Billings, MT",Fashion accessories,129,8/23/19,Cash,6
8969,WALM074,55+,Non-Binary,"Philadelphia, PA",Home and lifestyle,76,2/15/21,Cash,3
8970,WALM065,55+,Male,"St. Louis, MO",Fashion accessories,92,9/27/21,Cash,4
8971,WALM099,35-44,Prefer Not to Say,"Honolulu, HI",Home and lifestyle,189,9/19/20,Cash,6
8972,WALM073,35-44,Female,"Little Rock, AR",Fashion accessories,105,12/19/20,Cash,5
8973,WALM032,35-44,Non-Binary,"Houston, TX",Home and lifestyle,114,5/6/20,Cash,3
8974,WALM069,35-44,Male,"Albuquerque, NM",Fashion accessories,118,2/1/22,Cash,5
8975,WALM073,25-34,Non-Binary,"Houston, TX",Home and lifestyle,111,9/27/21,Cash,7
8976,WALM074,35-44,Male,"Minneapolis, MN",Fashion accessories,48,8/21/20,Cash,3
8977,WALM054,35-44,Non-Binary,"Portland, OR",Home and lifestyle,231,11/6/22,Cash,6
8978,WALM032,25-34,Prefer Not to Say,"Chicago, IL",Fashion accessories,62,3/29/23,Cash,7
8979,WALM058,25-34,Male,"Burlington, VT",Home and lifestyle,201,6/22/21,Cash,3
8980,WALM055,45-54,Female,"St. Louis, MO",Fashion accessories,120,10/11/23,Cash,5
8981,WALM074,25-34,Female,"Los Angeles, CA",Home and lifestyle,58,6/30/21,Cash,4
8982,WALM099,18-24,Non-Binary,"Fargo, ND",Fashion accessories,252,7/6/22,Cash,5
8983,WALM086,18-24,Non-Binary,"Charlotte, NC",Home and lifestyle,192,7/25/19,Cash,4
8984,WALM087,45-54,Male,"Philadelphia, PA",Fashion accessories,55,1/27/22,Cash,7
8985,WALM089,25-34,Female,"Billings, MT",Home and lifestyle,48,10/26/23,Cash,4
8986,WALM056,45-54,Female,"Detroit, MI",Fashion accessories,30,6/22/23,Cash,6
8987,WALM032,35-44,Male,"Denver, CO",Home and lifestyle,64,2/21/20,Cash,5
8988,WALM065,55+,Prefer Not to Say,"Burlington, VT",Fashion accessories,23,5/4/21,Cash,5
8989,WALM054,55+,Male,"Indianapolis, IN",Home and lifestyle,43,9/10/19,Cash,6
8990,WALM038,55+,Prefer Not to Say,"Boise, ID",Fashion accessories,81,3/26/23,Cash,5
8991,WALM074,18-24,Non-Binary,"Newark, NJ",Home and lifestyle,34,3/11/19,Cash,5
8992,WALM074,45-54,Non-Binary,"Phoenix, AZ",Fashion accessories,138,10/19/19,Cash,3
8993,WALM029,25-34,Male,"Charleston, SC",Home and lifestyle,90,12/8/21,Cash,7
8994,WALM030,45-54,Non-Binary,"Manchester, NH",Fashion accessories,204,7/12/23,Cash,4
8995,WALM099,25-34,Prefer Not to Say,"Louisville, KY",Home and lifestyle,158,2/23/20,Cash,3
8996,WALM030,45-54,Prefer Not to Say,"Boston, MA",Fashion accessories,152,2/11/22,Cash,3
8997,WALM074,18-24,Prefer Not to Say,"Indianapolis, IN",Home and lifestyle,117,5/17/23,Cash,5
8998,WALM054,55+,Female,"Billings, MT",Fashion accessories,28,9/16/22,Cash,6
8999,WALM074,25-34,Prefer Not to Say,"Salt Lake City, UT",Home and lifestyle,165,8/19/21,Cash,6
9000,WALM065,35-44,Female,"Albuquerque, NM",Fashion accessories,110,6/21/21,Cash,5
9001,WALM035,18-24,Prefer Not to Say,"Newark, NJ",Home and lifestyle,116,9/3/19,Cash,7
9002,WALM058,25-34,Male,"Wilmington, DE",Fashion accessories,150,7/23/19,Cash,3
9003,WALM074,25-34,Prefer Not to Say,"Nashville, TN",Home and lifestyle,52,2/25/20,Cash,5
9004,WALM074,35-44,Male,"Albuquerque, NM",Fashion accessories,58,1/28/21,Cash,4
9005,WALM029,55+,Prefer Not to Say,"Phoenix, AZ",Home and lifestyle,225,1/8/23,Cash,6
9006,WALM029,55+,Prefer Not to Say,"Houston, TX",Fashion accessories,81,3/3/22,Cash,3
9007,WALM056,45-54,Prefer Not to Say,"Orlando, FL",Home and lifestyle,70,2/28/21,Cash,4
9008,WALM032,35-44,Non-Binary,"Portland, OR",Fashion accessories,51,6/18/23,Cash,6
9009,WALM089,25-34,Prefer Not to Say,"Newark, NJ",Home and lifestyle,24,1/7/19,Cash,4
9010,WALM075,55+,Prefer Not to Say,"Providence, RI",Fashion accessories,207,8/15/22,Cash,7
9011,WALM069,25-34,Male,"Charleston, SC",Home and lifestyle,117,1/2/20,Cash,4
9012,WALM099,55+,Female,"Portland, OR",Fashion accessories,65,5/9/19,Cash,5
9013,WALM025,45-54,Non-Binary,"Charlotte, NC",Home and lifestyle,93,3/25/23,Cash,7
9014,WALM074,18-24,Non-Binary,"Nashville, TN",Fashion accessories,60,10/12/22,Cash,3
9015,WALM084,55+,Non-Binary,"Virginia Beach, VA",Home and lifestyle,61,6/5/23,Cash,7
9016,WALM089,35-44,Male,"Little Rock, AR",Fashion accessories,52,11/5/19,Cash,7
9017,WALM050,55+,Male,"Atlanta, GA",Home and lifestyle,69,5/26/19,Credit card,4
9018,WALM050,55+,Prefer Not to Say,"Detroit, MI",Fashion accessories,58,1/20/22,Credit card,4
9019,WALM087,35-44,Prefer Not to Say,"Hartford, CT",Home and lifestyle,60,8/29/21,Cash,7
9020,WALM056,25-34,Non-Binary,"Orlando, FL",Fashion accessories,128,4/27/22,Cash,3
9021,WALM086,25-34,Prefer Not to Say,"Providence, RI",Home and lifestyle,25,1/16/19,Cash,5
9022,WALM035,35-44,Non-Binary,"Milwaukee, WI",Fashion accessories,134,1/18/21,Cash,6
9023,WALM056,25-34,Female,"Milwaukee, WI",Home and lifestyle,114,2/15/21,Cash,4
9024,WALM030,35-44,Prefer Not to Say,"Louisville, KY",Fashion accessories,162,8/28/22,Cash,4
9025,WALM035,18-24,Prefer Not to Say,"Wichita, KS",Home and lifestyle,134,4/23/23,Cash,5
9026,WALM054,25-34,Non-Binary,"Omaha, NE",Fashion accessories,159,7/15/21,Cash,5
9027,WALM050,35-44,Male,"Boise, ID",Home and lifestyle,90,1/16/19,Credit card,5
9028,WALM058,35-44,Female,"Nashville, TN",Fashion accessories,19,5/11/23,Cash,6
9029,WALM046,25-34,Non-Binary,"Birmingham, AL",Home and lifestyle,60,10/21/23,Cash,6
9030,WALM075,18-24,Female,"Jackson, MS",Fashion accessories,120,12/10/22,Cash,5
9031,WALM055,45-54,Non-Binary,"Cheyenne, WY",Home and lifestyle,46,9/30/20,Cash,6
9032,WALM074,55+,Non-Binary,"Louisville, KY",Fashion accessories,114,5/28/23,Cash,6
9033,WALM030,18-24,Female,"Detroit, MI",Home and lifestyle,198,3/23/20,Cash,5
9034,WALM009,18-24,Prefer Not to Say,"Nashville, TN",Fashion accessories,53,9/7/21,Cash,7
9035,WALM032,35-44,Female,"Boston, MA",Home and lifestyle,117,12/23/22,Cash,5
9036,WALM074,45-54,Non-Binary,"Cheyenne, WY",Fashion accessories,156,5/11/20,Cash,6
9037,WALM073,35-44,Male,"Seattle, WA",Home and lifestyle,237,1/10/22,Cash,3
9038,WALM089,55+,Non-Binary,"Milwaukee, WI",Fashion accessories,78,8/11/19,Cash,5
9039,WALM087,45-54,Prefer Not to Say,"Charleston, WV",Home and lifestyle,132,2/7/22,Cash,5
9040,WALM009,45-54,Male,"Chicago, IL",Fashion accessories,108,12/14/21,Cash,6
9041,WALM065,35-44,Non-Binary,"Anchorage, AK",Home and lifestyle,100,9/15/20,Cash,7
9042,WALM055,18-24,Prefer Not to Say,"Burlington, VT",Fashion accessories,116,9/6/19,Cash,5
9043,WALM025,25-34,Male,"Orlando, FL",Home and lifestyle,156,10/17/20,Cash,5
9044,WALM065,18-24,Female,"Birmingham, AL",Fashion accessories,252,5/10/21,Cash,5
9045,WALM058,55+,Male,"New York City, NY",Home and lifestyle,90,3/12/21,Cash,7
9046,WALM035,35-44,Prefer Not to Say,"Philadelphia, PA",Fashion accessories,84,4/15/23,Cash,5
9047,WALM082,25-34,Prefer Not to Say,"Nashville, TN",Home and lifestyle,48,1/4/21,Cash,5
9048,WALM073,18-24,Male,"Albuquerque, NM",Fashion accessories,68,2/8/19,Cash,3
9049,WALM058,45-54,Prefer Not to Say,"Charlotte, NC",Home and lifestyle,122,12/31/20,Cash,4
9050,WALM038,45-54,Prefer Not to Say,"New York City, NY",Fashion accessories,148,4/8/20,Cash,4
9051,WALM084,35-44,Prefer Not to Say,"Phoenix, AZ",Home and lifestyle,249,2/25/21,Cash,6
9052,WALM058,45-54,Male,"Milwaukee, WI",Fashion accessories,84,3/20/23,Cash,5
9053,WALM046,25-34,Male,"Columbus, OH",Home and lifestyle,62,6/30/19,Cash,5
9054,WALM099,55+,Male,"Charlotte, NC",Fashion accessories,52,11/29/21,Cash,4
9055,WALM089,45-54,Prefer Not to Say,"Minneapolis, MN",Home and lifestyle,25,5/2/23,Cash,6
9056,WALM065,35-44,Prefer Not to Say,"Louisville, KY",Fashion accessories,70,12/22/19,Cash,3
9057,WALM069,35-44,Non-Binary,"Columbus, OH",Home and lifestyle,77,4/12/22,Cash,3
9058,WALM084,18-24,Prefer Not to Say,"Baltimore, MD",Fashion accessories,57,6/10/19,Cash,6
9059,WALM056,45-54,Non-Binary,"Omaha, NE",Home and lifestyle,150,11/18/21,Cash,4
9060,WALM075,18-24,Female,"Minneapolis, MN",Fashion accessories,204,1/1/21,Cash,7
9061,WALM038,45-54,Female,"Honolulu, HI",Home and lifestyle,48,6/13/23,Cash,7
9062,WALM075,18-24,Female,"Oklahoma City, OK",Fashion accessories,50,4/19/19,Cash,5
9063,WALM035,55+,Prefer Not to Say,"Virginia Beach, VA",Home and lifestyle,186,2/8/20,Cash,3
9064,WALM046,45-54,Prefer Not to Say,"Omaha, NE",Fashion accessories,162,8/6/23,Cash,5
9065,WALM025,25-34,Non-Binary,"Albuquerque, NM",Home and lifestyle,84,11/21/21,Cash,5
9066,WALM065,55+,Female,"Phoenix, AZ",Fashion accessories,15,12/24/21,Cash,6
9067,WALM032,35-44,Female,"Salt Lake City, UT",Home and lifestyle,140,10/4/19,Cash,4
9068,WALM055,25-34,Non-Binary,"Manchester, NH",Fashion accessories,150,11/18/22,Cash,5
9069,WALM025,55+,Male,"Des Moines, IA",Home and lifestyle,94,7/13/19,Cash,7
9070,WALM029,18-24,Prefer Not to Say,"Phoenix, AZ",Fashion accessories,28,3/22/22,Cash,7
9071,WALM030,25-34,Female,"Portland, OR",Home and lifestyle,108,3/31/19,Cash,7
9072,WALM025,25-34,Prefer Not to Say,"Boston, MA",Fashion accessories,204,2/23/20,Cash,4
9073,WALM058,25-34,Male,"Philadelphia, PA",Home and lifestyle,166,7/21/21,Cash,5
9074,WALM074,18-24,Prefer Not to Say,"Atlanta, GA",Fashion accessories,153,4/6/20,Cash,3
9075,WALM050,45-54,Female,"Phoenix, AZ",Home and lifestyle,171,7/25/19,Credit card,4
9076,WALM065,35-44,Prefer Not to Say,"Anchorage, AK",Fashion accessories,36,12/4/22,Cash,5
9077,WALM099,45-54,Female,"Orlando, FL",Home and lifestyle,71,8/20/22,Cash,5
9078,WALM089,18-24,Non-Binary,"Chicago, IL",Fashion accessories,56,7/21/22,Cash,4
9079,WALM058,45-54,Non-Binary,"Des Moines, IA",Home and lifestyle,67,1/29/20,Cash,6
9080,WALM069,55+,Non-Binary,"Anchorage, AK",Fashion accessories,45,12/8/20,Cash,4
9081,WALM056,45-54,Male,"Minneapolis, MN",Home and lifestyle,64,1/18/22,Cash,4
9082,WALM050,55+,Prefer Not to Say,"Salt Lake City, UT",Fashion accessories,81,11/6/22,Credit card,4
9083,WALM035,55+,Prefer Not to Say,"Virginia Beach, VA",Home and lifestyle,34,1/23/20,Cash,6
9084,WALM099,35-44,Prefer Not to Say,"Charlotte, NC",Fashion accessories,255,4/1/19,Cash,5
9085,WALM050,25-34,Male,"Detroit, MI",Home and lifestyle,21,3/21/21,Credit card,6
9086,WALM087,18-24,Non-Binary,"Milwaukee, WI",Fashion accessories,66,8/7/22,Cash,6
9087,WALM089,55+,Prefer Not to Say,"Boston, MA",Home and lifestyle,77,10/8/22,Cash,3
9088,WALM003,45-54,Prefer Not to Say,"Honolulu, HI",Fashion accessories,98,9/1/20,Cash,3
9089,WALM073,55+,Female,"Newark, NJ",Home and lifestyle,48,12/10/22,Cash,4
9090,WALM046,35-44,Prefer Not to Say,"Denver, CO",Fashion accessories,162,6/20/21,Cash,7
9091,WALM003,25-34,Male,"Detroit, MI",Home and lifestyle,98,9/4/22,Cash,3
9092,WALM084,18-24,Prefer Not to Say,"Jackson, MS",Fashion accessories,150,9/5/19,Cash,7
9093,WALM074,18-24,Male,"Fargo, ND",Home and lifestyle,237,12/25/19,Cash,3
9094,WALM065,25-34,Male,"Wichita, KS",Fashion accessories,246,4/7/23,Cash,4
9095,WALM038,45-54,Prefer Not to Say,"Providence, RI",Home and lifestyle,30,10/3/19,Cash,7
9096,WALM089,25-34,Non-Binary,"Birmingham, AL",Fashion accessories,105,4/12/19,Cash,7
9097,WALM038,55+,Prefer Not to Say,"Sioux Falls, SD",Home and lifestyle,57,5/9/22,Cash,4
9098,WALM054,18-24,Non-Binary,"Indianapolis, IN",Fashion accessories,40,1/8/20,Cash,4
9099,WALM025,25-34,Prefer Not to Say,"Charleston, SC",Home and lifestyle,72,1/13/23,Cash,5
9100,WALM054,18-24,Female,"Omaha, NE",Fashion accessories,116,2/21/19,Cash,3
9101,WALM029,35-44,Non-Binary,"Sioux Falls, SD",Home and lifestyle,36,1/15/22,Cash,3
9102,WALM075,55+,Male,"Honolulu, HI",Fashion accessories,46,5/2/21,Cash,7
9103,WALM065,25-34,Non-Binary,"Nashville, TN",Home and lifestyle,31,9/4/22,Cash,7
9104,WALM050,35-44,Prefer Not to Say,"Detroit, MI",Fashion accessories,73,1/24/23,Credit card,7
9105,WALM082,55+,Prefer Not to Say,"Albuquerque, NM",Home and lifestyle,225,7/7/23,Cash,3
9106,WALM089,45-54,Female,"Denver, CO",Fashion accessories,166,10/21/22,Cash,7
9107,WALM046,25-34,Female,"Newark, NJ",Home and lifestyle,90,12/14/20,Cash,3
9108,WALM087,25-34,Prefer Not to Say,"Manchester, NH",Fashion accessories,78,10/3/23,Cash,4
9109,WALM054,45-54,Female,"Philadelphia, PA",Home and lifestyle,28,9/10/21,Cash,6
9110,WALM075,45-54,Female,"Sioux Falls, SD",Fashion accessories,19,11/15/19,Cash,6
9111,WALM050,45-54,Prefer Not to Say,"Omaha, NE",Home and lifestyle,144,7/24/23,Credit card,4
9112,WALM054,25-34,Prefer Not to Say,"Philadelphia, PA",Fashion accessories,57,10/19/20,Cash,3
9113,WALM025,25-34,Prefer Not to Say,"Portland, OR",Home and lifestyle,120,11/10/20,Cash,7
9114,WALM099,55+,Non-Binary,"Los Angeles, CA",Fashion accessories,38,6/6/23,Cash,3
9115,WALM074,35-44,Female,"Atlanta, GA",Home and lifestyle,162,1/16/23,Cash,7
9116,WALM087,25-34,Prefer Not to Say,"Milwaukee, WI",Fashion accessories,138,8/6/23,Cash,7
9117,WALM050,25-34,Prefer Not to Say,"Wilmington, DE",Home and lifestyle,66,3/7/21,Credit card,6
9118,WALM003,45-54,Prefer Not to Say,"Newark, NJ",Fashion accessories,73,9/5/23,Cash,7
9119,WALM087,18-24,Non-Binary,"Atlanta, GA",Home and lifestyle,56,11/13/19,Cash,5
9120,WALM046,35-44,Male,"Burlington, VT",Fashion accessories,38,10/3/21,Cash,4
9121,WALM084,18-24,Non-Binary,"Burlington, VT",Home and lifestyle,46,9/19/23,Cash,4
9122,WALM056,25-34,Non-Binary,"Boston, MA",Fashion accessories,60,10/2/22,Cash,6
9123,WALM082,18-24,Female,"Albuquerque, NM",Home and lifestyle,156,2/16/19,Cash,6
9124,WALM074,45-54,Male,"Columbus, OH",Fashion accessories,31,6/17/19,Cash,4
9125,WALM056,18-24,Prefer Not to Say,"Charleston, SC",Home and lifestyle,186,10/21/23,Cash,4
9126,WALM038,25-34,Prefer Not to Say,"Burlington, VT",Fashion accessories,36,3/9/19,Cash,5
9127,WALM038,18-24,Male,"Anchorage, AK",Home and lifestyle,58,7/6/19,Cash,6
9128,WALM009,45-54,Non-Binary,"Louisville, KY",Fashion accessories,44,6/3/20,Cash,5
9129,WALM025,18-24,Non-Binary,"Indianapolis, IN",Home and lifestyle,66,5/27/21,Cash,5
9130,WALM025,55+,Female,"Houston, TX",Fashion accessories,34,1/21/21,Cash,5
9131,WALM074,55+,Prefer Not to Say,"Sioux Falls, SD",Home and lifestyle,75,10/3/19,Cash,7
9132,WALM046,35-44,Prefer Not to Say,"Portland, ME",Fashion accessories,158,4/19/21,Cash,7
9133,WALM084,18-24,Prefer Not to Say,"Albuquerque, NM",Home and lifestyle,219,1/20/23,Cash,7
9134,WALM082,35-44,Male,"Philadelphia, PA",Fashion accessories,73,5/19/23,Cash,7
9135,WALM075,55+,Male,"Indianapolis, IN",Home and lifestyle,88,8/1/22,Cash,5
9136,WALM038,25-34,Male,"Oklahoma City, OK",Fashion accessories,146,4/19/19,Cash,4
9137,WALM074,45-54,Prefer Not to Say,"Cheyenne, WY",Home and lifestyle,40,5/19/20,Cash,6
9138,WALM030,45-54,Male,"Oklahoma City, OK",Fashion accessories,216,2/25/20,Cash,3
9139,WALM055,25-34,Female,"Anchorage, AK",Home and lifestyle,126,5/20/19,Cash,4
9140,WALM046,35-44,Female,"Salt Lake City, UT",Fashion accessories,105,11/7/21,Cash,6
9141,WALM046,55+,Prefer Not to Say,"Salt Lake City, UT",Home and lifestyle,60,2/5/22,Cash,5
9142,WALM038,55+,Male,"Columbus, OH",Fashion accessories,44,6/30/21,Cash,7
9143,WALM074,18-24,Prefer Not to Say,"Atlanta, GA",Home and lifestyle,34,7/2/22,Cash,6
9144,WALM099,45-54,Female,"Charleston, WV",Fashion accessories,207,12/19/23,Cash,5
9145,WALM082,25-34,Non-Binary,"Sioux Falls, SD",Home and lifestyle,63,9/23/19,Cash,3
9146,WALM082,25-34,Male,"Orlando, FL",Fashion accessories,114,10/12/21,Cash,3
9147,WALM054,18-24,Female,"Louisville, KY",Home and lifestyle,40,10/26/21,Cash,4
9148,WALM032,35-44,Non-Binary,"New Orleans, LA",Fashion accessories,74,12/30/20,Cash,7
9149,WALM089,25-34,Non-Binary,"Wilmington, DE",Home and lifestyle,66,2/25/23,Cash,7
9150,WALM082,18-24,Non-Binary,"Des Moines, IA",Fashion accessories,249,1/7/20,Cash,3
9151,WALM025,25-34,Non-Binary,"Portland, ME",Home and lifestyle,120,6/11/23,Cash,7
9152,WALM055,25-34,Prefer Not to Say,"Detroit, MI",Fashion accessories,252,1/18/22,Cash,5
9153,WALM089,35-44,Prefer Not to Say,"Salt Lake City, UT",Home and lifestyle,32,1/29/21,Cash,6
9154,WALM087,55+,Prefer Not to Say,"Phoenix, AZ",Fashion accessories,252,7/22/23,Cash,5
9155,WALM038,25-34,Non-Binary,"Los Angeles, CA",Home and lifestyle,140,10/3/21,Cash,5
9156,WALM029,18-24,Prefer Not to Say,"Portland, OR",Fashion accessories,40,4/3/21,Cash,3
9157,WALM056,25-34,Male,"Portland, OR",Home and lifestyle,27,11/15/21,Cash,5
9158,WALM086,55+,Male,"Little Rock, AR",Fashion accessories,219,2/25/19,Cash,3
9159,WALM073,35-44,Non-Binary,"Anchorage, AK",Home and lifestyle,105,8/18/22,Cash,4
9160,WALM054,55+,Prefer Not to Say,"Sioux Falls, SD",Fashion accessories,104,8/10/22,Cash,5
9161,WALM050,25-34,Female,"Portland, ME",Home and lifestyle,38,3/10/19,Credit card,6
9162,WALM075,55+,Female,"Honolulu, HI",Fashion accessories,114,9/2/23,Cash,7
9163,WALM069,45-54,Prefer Not to Say,"Columbus, OH",Home and lifestyle,138,12/20/19,Cash,7
9164,WALM075,55+,Non-Binary,"Detroit, MI",Fashion accessories,114,8/27/23,Cash,6
9165,WALM089,45-54,Prefer Not to Say,"Denver, CO",Home and lifestyle,160,9/29/22,Cash,7
9166,WALM029,18-24,Male,"Albuquerque, NM",Fashion accessories,123,4/14/21,Cash,7
9167,WALM089,18-24,Female,"Albuquerque, NM",Home and lifestyle,48,7/9/23,Cash,7
9168,WALM050,45-54,Male,"Boston, MA",Fashion accessories,60,12/1/21,Credit card,6
9169,WALM075,45-54,Male,"Orlando, FL",Home and lifestyle,26,5/5/19,Cash,7
9170,WALM082,35-44,Male,"Detroit, MI",Fashion accessories,66,8/30/21,Cash,7
9171,WALM009,35-44,Male,"Portland, ME",Home and lifestyle,158,4/30/21,Cash,4
9172,WALM056,55+,Male,"Virginia Beach, VA",Fashion accessories,129,5/7/23,Cash,4
9173,WALM075,45-54,Non-Binary,"Virginia Beach, VA",Home and lifestyle,44,1/12/20,Cash,5
9174,WALM058,35-44,Female,"Philadelphia, PA",Fashion accessories,72,12/10/21,Cash,4
9175,WALM032,55+,Prefer Not to Say,"Des Moines, IA",Home and lifestyle,120,6/16/21,Cash,5
9176,WALM003,35-44,Female,"Cheyenne, WY",Fashion accessories,166,9/22/20,Cash,4
9177,WALM029,18-24,Female,"Fargo, ND",Home and lifestyle,162,10/31/20,Cash,4
9178,WALM055,45-54,Non-Binary,"Honolulu, HI",Fashion accessories,75,12/11/21,Cash,5
9179,WALM058,25-34,Prefer Not to Say,"Salt Lake City, UT",Home and lifestyle,67,5/1/20,Cash,7
9180,WALM025,25-34,Prefer Not to Say,"Baltimore, MD",Fashion accessories,56,7/28/23,Cash,5
9181,WALM056,25-34,Male,"Birmingham, AL",Home and lifestyle,86,7/7/21,Cash,3
9182,WALM046,45-54,Prefer Not to Say,"Chicago, IL",Fashion accessories,69,8/7/23,Cash,7
9183,WALM038,18-24,Female,"Billings, MT",Home and lifestyle,50,4/1/19,Cash,7
9184,WALM086,25-34,Prefer Not to Say,"Birmingham, AL",Fashion accessories,180,12/15/23,Cash,7
9185,WALM025,35-44,Female,"Nashville, TN",Home and lifestyle,28,12/6/22,Cash,3
9186,WALM087,25-34,Prefer Not to Say,"Portland, OR",Fashion accessories,54,9/7/20,Cash,4
9187,WALM099,25-34,Prefer Not to Say,"Indianapolis, IN",Home and lifestyle,144,8/28/19,Cash,6
9188,WALM029,55+,Non-Binary,"Louisville, KY",Fashion accessories,162,7/23/20,Cash,6
9189,WALM058,45-54,Prefer Not to Say,"Newark, NJ",Home and lifestyle,37,6/5/23,Cash,3
9190,WALM089,55+,Male,"Charleston, WV",Fashion accessories,66,8/11/23,Cash,4
9191,WALM099,25-34,Female,"Birmingham, AL",Home and lifestyle,148,7/4/22,Cash,7
9192,WALM038,18-24,Male,"New York City, NY",Fashion accessories,68,6/5/19,Cash,3
9193,WALM038,25-34,Female,"Boston, MA",Home and lifestyle,126,7/6/23,Cash,4
9194,WALM054,45-54,Male,"New Orleans, LA",Fashion accessories,117,2/3/22,Cash,7
9195,WALM046,35-44,Non-Binary,"Las Vegas, NV",Home and lifestyle,57,6/30/21,Cash,6
9196,WALM025,55+,Female,"St. Louis, MO",Fashion accessories,102,1/15/19,Cash,4
9197,WALM082,25-34,Male,"Milwaukee, WI",Home and lifestyle,80,2/18/21,Cash,4
9198,WALM087,55+,Male,"Milwaukee, WI",Fashion accessories,30,7/14/21,Cash,5
9199,WALM087,55+,Prefer Not to Say,"Hartford, CT",Home and lifestyle,39,10/8/21,Cash,7
9200,WALM069,45-54,Prefer Not to Say,"Portland, OR",Fashion accessories,136,1/20/21,Cash,5
9201,WALM084,55+,Prefer Not to Say,"Seattle, WA",Home and lifestyle,153,11/16/20,Cash,7
9202,WALM030,25-34,Male,"Providence, RI",Fashion accessories,38,2/13/22,Cash,6
9203,WALM035,45-54,Male,"Seattle, WA",Home and lifestyle,166,2/21/22,Cash,3
9204,WALM009,18-24,Male,"Orlando, FL",Fashion accessories,88,8/21/21,Cash,6
9205,WALM009,55+,Male,"Portland, OR",Home and lifestyle,138,6/8/20,Cash,5
9206,WALM035,45-54,Non-Binary,"Denver, CO",Fashion accessories,135,4/30/22,Cash,5
9207,WALM054,55+,Non-Binary,"Nashville, TN",Home and lifestyle,152,10/16/22,Cash,3
9208,WALM009,45-54,Non-Binary,"Jackson, MS",Fashion accessories,122,3/30/21,Cash,4
9209,WALM050,45-54,Prefer Not to Say,"Birmingham, AL",Home and lifestyle,105,6/1/19,Credit card,4
9210,WALM075,55+,Non-Binary,"Anchorage, AK",Fashion accessories,156,9/13/19,Cash,3
9211,WALM055,55+,Male,"Louisville, KY",Home and lifestyle,92,1/26/19,Cash,4
9212,WALM030,35-44,Non-Binary,"Wichita, KS",Fashion accessories,72,11/8/21,Cash,3
9213,WALM046,45-54,Female,"Newark, NJ",Home and lifestyle,234,4/30/21,Cash,6
9214,WALM087,55+,Non-Binary,"Portland, ME",Fashion accessories,69,9/17/19,Cash,4
9215,WALM009,25-34,Male,"Jackson, MS",Home and lifestyle,222,3/10/19,Cash,4
9216,WALM058,25-34,Non-Binary,"Oklahoma City, OK",Fashion accessories,71,5/26/23,Cash,6
9217,WALM055,18-24,Prefer Not to Say,"New Orleans, LA",Home and lifestyle,135,12/18/20,Cash,5
9218,WALM003,35-44,Non-Binary,"Seattle, WA",Fashion accessories,158,3/17/21,Cash,3
9219,WALM075,35-44,Female,"Salt Lake City, UT",Home and lifestyle,60,3/29/22,Cash,7
9220,WALM046,18-24,Female,"New York City, NY",Fashion accessories,116,1/26/20,Cash,3
9221,WALM065,25-34,Prefer Not to Say,"Phoenix, AZ",Home and lifestyle,27,4/15/20,Cash,4
9222,WALM086,55+,Male,"Billings, MT",Fashion accessories,69,7/3/22,Cash,5
9223,WALM046,25-34,Male,"Burlington, VT",Home and lifestyle,55,8/26/20,Cash,4
9224,WALM058,55+,Female,"Charleston, WV",Fashion accessories,158,11/20/19,Cash,6
9225,WALM035,35-44,Prefer Not to Say,"Omaha, NE",Home and lifestyle,104,8/7/23,Cash,6
9226,WALM056,35-44,Female,"Hartford, CT",Fashion accessories,56,8/8/20,Cash,4
9227,WALM087,45-54,Female,"St. Louis, MO",Home and lifestyle,35,2/27/21,Cash,6
9228,WALM030,18-24,Female,"Columbus, OH",Fashion accessories,69,10/24/23,Cash,7
9229,WALM082,25-34,Prefer Not to Say,"Indianapolis, IN",Home and lifestyle,46,6/7/20,Cash,7
9230,WALM038,25-34,Male,"Billings, MT",Fashion accessories,38,12/3/23,Cash,7
9231,WALM029,45-54,Male,"Boston, MA",Home and lifestyle,74,8/18/23,Cash,5
9232,WALM074,55+,Non-Binary,"Boston, MA",Fashion accessories,237,3/12/23,Cash,6
9233,WALM054,18-24,Female,"Hartford, CT",Home and lifestyle,71,8/30/21,Cash,7
9234,WALM054,45-54,Male,"Baltimore, MD",Fashion accessories,59,7/22/22,Cash,4
9235,WALM084,45-54,Non-Binary,"Chicago, IL",Home and lifestyle,21,12/10/23,Cash,5
9236,WALM058,55+,Prefer Not to Say,"Louisville, KY",Fashion accessories,204,11/6/23,Cash,7
9237,WALM099,55+,Non-Binary,"Indianapolis, IN",Home and lifestyle,82,10/15/20,Cash,4
9238,WALM038,35-44,Male,"Des Moines, IA",Fashion accessories,213,8/5/22,Cash,7
9239,WALM050,18-24,Male,"Minneapolis, MN",Home and lifestyle,84,12/30/22,Credit card,5
9240,WALM099,55+,Male,"Charleston, SC",Fashion accessories,52,9/28/20,Cash,3
9241,WALM099,45-54,Female,"Boston, MA",Home and lifestyle,140,4/26/21,Cash,4
9242,WALM089,18-24,Male,"Burlington, VT",Fashion accessories,237,12/16/19,Cash,7
9243,WALM086,25-34,Female,"Columbus, OH",Home and lifestyle,93,5/13/20,Cash,7
9244,WALM046,25-34,Female,"New York City, NY",Fashion accessories,54,10/18/21,Cash,4
9245,WALM035,45-54,Non-Binary,"Oklahoma City, OK",Home and lifestyle,76,9/16/23,Cash,6
9246,WALM046,45-54,Male,"Columbus, OH",Fashion accessories,63,7/30/20,Cash,5
9247,WALM032,55+,Male,"Columbus, OH",Home and lifestyle,60,2/10/22,Cash,7
9248,WALM055,35-44,Non-Binary,"Little Rock, AR",Fashion accessories,60,4/24/23,Cash,3
9249,WALM099,35-44,Non-Binary,"Detroit, MI",Home and lifestyle,56,9/20/22,Cash,5
9250,WALM054,25-34,Prefer Not to Say,"Boise, ID",Fashion accessories,150,1/30/19,Cash,5
9251,WALM082,25-34,Male,"Atlanta, GA",Home and lifestyle,111,10/3/21,Cash,3
9252,WALM086,25-34,Female,"Milwaukee, WI",Fashion accessories,123,4/29/20,Cash,7
9253,WALM065,25-34,Female,"Little Rock, AR",Home and lifestyle,237,3/7/22,Cash,4
9254,WALM087,35-44,Prefer Not to Say,"Manchester, NH",Fashion accessories,75,6/10/22,Cash,5
9255,WALM050,35-44,Female,"Hartford, CT",Home and lifestyle,255,9/29/20,Credit card,7
9256,WALM087,25-34,Prefer Not to Say,"Charlotte, NC",Fashion accessories,87,1/3/19,Cash,4
9257,WALM054,45-54,Female,"Portland, ME",Home and lifestyle,108,12/10/22,Cash,3
9258,WALM082,45-54,Female,"Hartford, CT",Fashion accessories,42,2/3/21,Cash,7
9259,WALM087,35-44,Non-Binary,"Boston, MA",Home and lifestyle,88,11/22/21,Cash,6
9260,WALM025,25-34,Non-Binary,"Little Rock, AR",Fashion accessories,207,5/9/19,Cash,6
9261,WALM030,55+,Non-Binary,"Philadelphia, PA",Home and lifestyle,134,3/8/19,Cash,3
9262,WALM069,25-34,Female,"Jackson, MS",Fashion accessories,60,8/31/20,Cash,5
9263,WALM055,45-54,Non-Binary,"Denver, CO",Home and lifestyle,64,5/10/22,Cash,7
9264,WALM032,45-54,Non-Binary,"Philadelphia, PA",Fashion accessories,71,11/7/22,Cash,6
9265,WALM056,18-24,Non-Binary,"Burlington, VT",Home and lifestyle,68,11/29/22,Cash,4
9266,WALM075,35-44,Female,"Burlington, VT",Fashion accessories,56,12/28/23,Cash,5
9267,WALM082,18-24,Prefer Not to Say,"Billings, MT",Home and lifestyle,150,12/3/20,Cash,7
9268,WALM074,55+,Prefer Not to Say,"Detroit, MI",Fashion accessories,140,1/18/21,Cash,7
9269,WALM050,18-24,Male,"Des Moines, IA",Home and lifestyle,237,7/21/22,Credit card,6
9270,WALM050,45-54,Female,"Indianapolis, IN",Fashion accessories,80,12/31/19,Credit card,4
9271,WALM082,18-24,Non-Binary,"Billings, MT",Home and lifestyle,60,5/1/19,Cash,4
9272,WALM030,55+,Female,"Orlando, FL",Fashion accessories,28,8/4/19,Cash,4
9273,WALM075,55+,Male,"Billings, MT",Home and lifestyle,66,5/18/22,Cash,4
9274,WALM032,35-44,Male,"Hartford, CT",Fashion accessories,66,2/28/20,Cash,7
9275,WALM054,35-44,Male,"St. Louis, MO",Home and lifestyle,65,1/11/23,Cash,5
9276,WALM082,25-34,Female,"Wichita, KS",Fashion accessories,43,7/15/23,Cash,7
9277,WALM035,55+,Female,"Nashville, TN",Home and lifestyle,74,11/21/21,Cash,5
9278,WALM025,45-54,Female,"Albuquerque, NM",Fashion accessories,168,6/23/20,Cash,7
9279,WALM084,18-24,Prefer Not to Say,"St. Louis, MO",Home and lifestyle,66,10/19/23,Cash,7
9280,WALM003,55+,Female,"Anchorage, AK",Fashion accessories,54,7/24/22,Cash,7
9281,WALM075,55+,Female,"Baltimore, MD",Home and lifestyle,213,9/29/19,Cash,4
9282,WALM025,45-54,Non-Binary,"Newark, NJ",Fashion accessories,57,5/22/22,Cash,7
9283,WALM046,25-34,Prefer Not to Say,"Salt Lake City, UT",Home and lifestyle,55,6/28/21,Cash,3
9284,WALM009,25-34,Non-Binary,"St. Louis, MO",Fashion accessories,72,9/1/21,Cash,7
9285,WALM082,18-24,Female,"Manchester, NH",Home and lifestyle,66,10/3/23,Cash,3
9286,WALM046,35-44,Prefer Not to Say,"Jackson, MS",Fashion accessories,150,4/26/23,Cash,6
9287,WALM073,35-44,Male,"Albuquerque, NM",Home and lifestyle,45,4/13/22,Cash,5
9288,WALM069,25-34,Non-Binary,"Detroit, MI",Fashion accessories,87,8/15/23,Cash,5
9289,WALM073,45-54,Non-Binary,"Burlington, VT",Home and lifestyle,19,3/7/21,Cash,7
9290,WALM054,35-44,Male,"Virginia Beach, VA",Fashion accessories,102,2/20/19,Cash,6
9291,WALM025,45-54,Prefer Not to Say,"Anchorage, AK",Home and lifestyle,63,8/13/19,Cash,3
9292,WALM035,55+,Male,"Atlanta, GA",Fashion accessories,192,12/22/19,Cash,4
9293,WALM086,35-44,Non-Binary,"Wilmington, DE",Home and lifestyle,168,3/13/19,Cash,7
9294,WALM009,18-24,Male,"Boston, MA",Fashion accessories,54,5/24/20,Cash,6
9295,WALM089,18-24,Male,"Hartford, CT",Home and lifestyle,255,2/25/20,Cash,3
9296,WALM025,45-54,Non-Binary,"Jackson, MS",Fashion accessories,58,2/17/21,Cash,6
9297,WALM074,45-54,Prefer Not to Say,"Wichita, KS",Home and lifestyle,72,6/15/20,Cash,6
9298,WALM089,55+,Non-Binary,"Wichita, KS",Fashion accessories,18,2/26/22,Cash,4
9299,WALM035,55+,Prefer Not to Say,"Charlotte, NC",Home and lifestyle,111,4/11/21,Cash,4
9300,WALM075,25-34,Non-Binary,"Charleston, SC",Fashion accessories,68,5/23/19,Cash,3
9301,WALM084,45-54,Non-Binary,"Charlotte, NC",Home and lifestyle,82,7/20/19,Cash,4
9302,WALM075,55+,Prefer Not to Say,"Charlotte, NC",Fashion accessories,177,5/21/21,Cash,6
9303,WALM035,18-24,Prefer Not to Say,"Billings, MT",Home and lifestyle,73,12/4/22,Cash,4
9304,WALM075,35-44,Female,"Las Vegas, NV",Fashion accessories,148,9/18/19,Cash,4
9305,WALM032,55+,Non-Binary,"Omaha, NE",Home and lifestyle,234,6/1/20,Cash,7
9306,WALM099,18-24,Non-Binary,"Detroit, MI",Fashion accessories,165,2/26/20,Cash,5
9307,WALM082,35-44,Prefer Not to Say,"New Orleans, LA",Home and lifestyle,135,6/21/21,Cash,5
9308,WALM056,55+,Female,"Des Moines, IA",Fashion accessories,195,3/5/19,Cash,5
9309,WALM099,45-54,Female,"Milwaukee, WI",Home and lifestyle,38,5/27/19,Cash,7
9310,WALM058,25-34,Prefer Not to Say,"Philadelphia, PA",Fashion accessories,162,5/23/21,Cash,3
9311,WALM074,45-54,Non-Binary,"Denver, CO",Home and lifestyle,74,10/5/20,Cash,4
9312,WALM074,35-44,Prefer Not to Say,"Charleston, WV",Fashion accessories,132,5/23/20,Cash,3
9313,WALM069,35-44,Female,"Salt Lake City, UT",Home and lifestyle,63,2/2/21,Cash,4
9314,WALM029,18-24,Prefer Not to Say,"Indianapolis, IN",Fashion accessories,38,5/21/19,Cash,6
9315,WALM075,35-44,Non-Binary,"Seattle, WA",Home and lifestyle,246,2/16/19,Cash,5
9316,WALM029,35-44,Prefer Not to Say,"Little Rock, AR",Fashion accessories,74,1/24/22,Cash,4
9317,WALM029,35-44,Male,"Houston, TX",Home and lifestyle,42,9/13/19,Cash,5
9318,WALM069,25-34,Female,"New Orleans, LA",Fashion accessories,76,9/18/20,Cash,3
9319,WALM069,25-34,Female,"Omaha, NE",Home and lifestyle,16,8/20/20,Cash,3
9320,WALM025,55+,Male,"New Orleans, LA",Fashion accessories,228,8/29/19,Cash,7
9321,WALM025,45-54,Prefer Not to Say,"Sioux Falls, SD",Home and lifestyle,53,9/21/23,Cash,6
9322,WALM075,25-34,Prefer Not to Say,"St. Louis, MO",Fashion accessories,81,3/25/19,Cash,6
9323,WALM055,25-34,Prefer Not to Say,"Portland, OR",Home and lifestyle,94,8/16/21,Cash,5
9324,WALM082,45-54,Non-Binary,"Charleston, SC",Fashion accessories,75,3/8/20,Cash,3
9325,WALM086,35-44,Male,"Chicago, IL",Home and lifestyle,45,3/26/20,Cash,6
9326,WALM055,35-44,Prefer Not to Say,"Jackson, MS",Fashion accessories,116,11/6/22,Cash,7
9327,WALM003,18-24,Female,"Wilmington, DE",Home and lifestyle,142,1/3/23,Cash,5
9328,WALM025,25-34,Female,"Charlotte, NC",Fashion accessories,62,9/10/21,Cash,7
9329,WALM056,18-24,Male,"Charleston, WV",Home and lifestyle,57,12/30/23,Cash,3
9330,WALM046,45-54,Non-Binary,"Salt Lake City, UT",Fashion accessories,177,10/10/20,Cash,4
9331,WALM082,25-34,Female,"Las Vegas, NV",Home and lifestyle,51,10/4/22,Cash,4
9332,WALM099,25-34,Prefer Not to Say,"Oklahoma City, OK",Fashion accessories,56,11/26/22,Cash,7
9333,WALM054,25-34,Male,"Omaha, NE",Home and lifestyle,204,6/17/21,Cash,7
9334,WALM056,18-24,Male,"Portland, OR",Fashion accessories,183,10/3/22,Cash,5
9335,WALM029,55+,Female,"Fargo, ND",Home and lifestyle,72,7/31/21,Cash,4
9336,WALM009,25-34,Male,"Houston, TX",Fashion accessories,144,1/30/23,Cash,4
9337,WALM089,18-24,Prefer Not to Say,"Oklahoma City, OK",Home and lifestyle,36,2/19/23,Cash,5
9338,WALM029,35-44,Female,"Detroit, MI",Fashion accessories,19,7/18/21,Cash,6
9339,WALM074,18-24,Prefer Not to Say,"Omaha, NE",Home and lifestyle,50,2/5/21,Cash,7
9340,WALM069,45-54,Female,"Hartford, CT",Fashion accessories,166,10/11/19,Cash,3
9341,WALM086,35-44,Non-Binary,"Boise, ID",Home and lifestyle,168,7/4/23,Cash,3
9342,WALM082,55+,Female,"Charlotte, NC",Fashion accessories,80,7/2/23,Cash,7
9343,WALM086,18-24,Male,"Milwaukee, WI",Home and lifestyle,38,1/19/20,Cash,7
9344,WALM073,25-34,Female,"New York City, NY",Fashion accessories,69,8/26/21,Cash,7
9345,WALM054,35-44,Male,"Jackson, MS",Home and lifestyle,126,2/19/21,Cash,3
9346,WALM050,18-24,Non-Binary,"Portland, OR",Fashion accessories,144,6/28/23,Credit card,6
9347,WALM009,18-24,Female,"Hartford, CT",Home and lifestyle,68,7/11/22,Cash,6
9348,WALM038,25-34,Female,"Philadelphia, PA",Fashion accessories,96,11/20/23,Cash,7
9349,WALM058,35-44,Female,"Minneapolis, MN",Home and lifestyle,80,9/10/19,Cash,4
9350,WALM035,18-24,Prefer Not to Say,"Chicago, IL",Fashion accessories,120,7/20/22,Cash,3
9351,WALM087,18-24,Female,"Little Rock, AR",Home and lifestyle,57,6/15/20,Cash,7
9352,WALM032,35-44,Female,"St. Louis, MO",Fashion accessories,70,5/2/20,Cash,3
9353,WALM030,45-54,Female,"Minneapolis, MN",Home and lifestyle,141,7/19/21,Cash,3
9354,WALM030,18-24,Female,"Salt Lake City, UT",Fashion accessories,122,3/11/19,Cash,3
9355,WALM035,35-44,Non-Binary,"Birmingham, AL",Home and lifestyle,62,1/6/23,Cash,5
9356,WALM054,45-54,Prefer Not to Say,"Wichita, KS",Fashion accessories,50,1/13/19,Cash,5
9357,WALM029,45-54,Prefer Not to Say,"Seattle, WA",Home and lifestyle,246,3/12/22,Cash,7
9358,WALM099,35-44,Female,"Fargo, ND",Fashion accessories,141,4/12/23,Cash,6
9359,WALM055,18-24,Male,"Houston, TX",Home and lifestyle,126,10/27/22,Cash,3
9360,WALM009,25-34,Male,"Las Vegas, NV",Fashion accessories,246,10/16/20,Cash,4
9361,WALM075,55+,Male,"Boise, ID",Home and lifestyle,231,4/10/20,Cash,4
9362,WALM009,18-24,Non-Binary,"Portland, OR",Fashion accessories,249,4/13/23,Cash,5
9363,WALM050,35-44,Male,"Boise, ID",Home and lifestyle,120,2/4/20,Credit card,7
9364,WALM084,45-54,Male,"Hartford, CT",Fashion accessories,46,7/25/20,Cash,6
9365,WALM054,25-34,Female,"New York City, NY",Home and lifestyle,168,2/5/21,Cash,7
9366,WALM065,55+,Male,"Hartford, CT",Fashion accessories,201,2/29/20,Cash,6
9367,WALM038,18-24,Female,"Providence, RI",Home and lifestyle,132,1/11/22,Cash,4
9368,WALM038,35-44,Male,"Little Rock, AR",Fashion accessories,45,7/12/23,Cash,6
9369,WALM086,25-34,Non-Binary,"Chicago, IL",Home and lifestyle,68,7/1/21,Cash,5
9370,WALM029,35-44,Female,"Jackson, MS",Fashion accessories,53,3/14/22,Cash,6
9371,WALM082,35-44,Non-Binary,"Omaha, NE",Home and lifestyle,84,10/9/21,Cash,7
9372,WALM086,45-54,Non-Binary,"Anchorage, AK",Fashion accessories,29,5/18/23,Cash,3
9373,WALM099,45-54,Prefer Not to Say,"Baltimore, MD",Home and lifestyle,237,4/24/22,Cash,6
9374,WALM056,25-34,Prefer Not to Say,"Cheyenne, WY",Fashion accessories,123,3/2/22,Cash,4
9375,WALM073,35-44,Prefer Not to Say,"Billings, MT",Home and lifestyle,80,5/5/20,Cash,4
9376,WALM086,18-24,Female,"Milwaukee, WI",Fashion accessories,51,5/14/19,Cash,3
9377,WALM089,55+,Non-Binary,"Portland, ME",Home and lifestyle,76,9/11/19,Cash,5
9378,WALM056,18-24,Non-Binary,"Atlanta, GA",Fashion accessories,30,12/20/22,Cash,5
9379,WALM054,45-54,Female,"Fargo, ND",Home and lifestyle,46,3/13/22,Cash,5
9380,WALM087,45-54,Prefer Not to Say,"Houston, TX",Fashion accessories,23,7/21/21,Cash,7
9381,WALM073,45-54,Female,"Des Moines, IA",Home and lifestyle,126,3/12/19,Cash,7
9382,WALM029,55+,Prefer Not to Say,"Little Rock, AR",Fashion accessories,213,8/23/20,Cash,5
9383,WALM065,35-44,Prefer Not to Say,"Seattle, WA",Home and lifestyle,166,3/28/23,Cash,6
9384,WALM058,18-24,Male,"St. Louis, MO",Fashion accessories,104,5/10/20,Cash,3
9385,WALM089,25-34,Female,"Chicago, IL",Home and lifestyle,168,4/7/21,Cash,3
9386,WALM055,45-54,Male,"Virginia Beach, VA",Fashion accessories,118,1/28/19,Cash,4
9387,WALM046,55+,Male,"Birmingham, AL",Home and lifestyle,186,7/31/23,Cash,4
9388,WALM003,35-44,Female,"Baltimore, MD",Fashion accessories,216,11/24/23,Cash,6
9389,WALM032,35-44,Prefer Not to Say,"Orlando, FL",Home and lifestyle,27,8/23/19,Cash,7
9390,WALM099,45-54,Non-Binary,"Houston, TX",Fashion accessories,249,11/29/22,Cash,6
9391,WALM084,25-34,Non-Binary,"New Orleans, LA",Home and lifestyle,87,2/20/23,Cash,7
9392,WALM075,35-44,Male,"Charleston, WV",Fashion accessories,56,3/26/23,Cash,4
9393,WALM050,35-44,Female,"Omaha, NE",Home and lifestyle,186,3/1/21,Credit card,5
9394,WALM046,35-44,Female,"Hartford, CT",Fashion accessories,29,1/30/20,Cash,4
9395,WALM084,35-44,Prefer Not to Say,"Jackson, MS",Home and lifestyle,28,3/2/21,Cash,4
9396,WALM003,25-34,Male,"New York City, NY",Fashion accessories,177,9/2/22,Cash,5
9397,WALM084,18-24,Prefer Not to Say,"Orlando, FL",Home and lifestyle,17,12/22/23,Cash,6
9398,WALM065,35-44,Female,"Las Vegas, NV",Fashion accessories,198,3/12/23,Cash,4
9399,WALM084,18-24,Female,"Detroit, MI",Home and lifestyle,80,4/21/22,Cash,4
9400,WALM032,25-34,Male,"St. Louis, MO",Fashion accessories,99,8/12/19,Cash,5
9401,WALM075,18-24,Non-Binary,"Virginia Beach, VA",Home and lifestyle,186,2/22/21,Cash,5
9402,WALM029,55+,Prefer Not to Say,"Boston, MA",Fashion accessories,110,12/11/20,Cash,7
9403,WALM087,35-44,Male,"Honolulu, HI",Home and lifestyle,59,3/23/22,Cash,5
9404,WALM086,25-34,Male,"Billings, MT",Fashion accessories,16,4/30/22,Cash,3
9405,WALM099,45-54,Prefer Not to Say,"Portland, ME",Home and lifestyle,58,7/6/20,Cash,7
9406,WALM084,35-44,Prefer Not to Say,"Newark, NJ",Fashion accessories,134,7/8/21,Cash,6
9407,WALM065,45-54,Prefer Not to Say,"New Orleans, LA",Home and lifestyle,114,10/31/23,Cash,3
9408,WALM065,55+,Non-Binary,"Boise, ID",Fashion accessories,60,5/15/22,Cash,6
9409,WALM074,55+,Male,"Denver, CO",Home and lifestyle,58,11/24/22,Cash,7
9410,WALM058,45-54,Prefer Not to Say,"Nashville, TN",Fashion accessories,55,6/10/19,Cash,3
9411,WALM009,45-54,Male,"Billings, MT",Home and lifestyle,66,4/16/20,Cash,5
9412,WALM003,25-34,Non-Binary,"Columbus, OH",Fashion accessories,156,5/7/19,Cash,5
9413,WALM065,35-44,Female,"Newark, NJ",Home and lifestyle,111,4/20/19,Cash,3
9414,WALM003,35-44,Non-Binary,"Orlando, FL",Fashion accessories,78,8/26/19,Cash,4
9415,WALM086,55+,Non-Binary,"Newark, NJ",Home and lifestyle,22,5/13/21,Cash,6
9416,WALM074,25-34,Female,"Atlanta, GA",Fashion accessories,54,2/11/23,Cash,4
9417,WALM029,25-34,Male,"New Orleans, LA",Home and lifestyle,150,4/20/20,Cash,7
9418,WALM054,45-54,Female,"Wichita, KS",Fashion accessories,124,4/5/19,Cash,7
9419,WALM065,55+,Female,"Fargo, ND",Home and lifestyle,37,9/19/23,Cash,4
9420,WALM030,35-44,Female,"Newark, NJ",Fashion accessories,140,7/9/19,Cash,6
9421,WALM050,35-44,Female,"Portland, ME",Home and lifestyle,124,11/13/21,Credit card,7
9422,WALM054,55+,Non-Binary,"Boise, ID",Fashion accessories,88,10/12/23,Cash,7
9423,WALM073,55+,Female,"Columbus, OH",Home and lifestyle,60,4/26/20,Cash,7
9424,WALM038,55+,Male,"Oklahoma City, OK",Fashion accessories,66,4/13/19,Cash,4
9425,WALM009,35-44,Non-Binary,"Omaha, NE",Home and lifestyle,16,5/1/22,Cash,7
9426,WALM099,55+,Non-Binary,"Sioux Falls, SD",Fashion accessories,168,3/21/21,Cash,5
9427,WALM054,18-24,Female,"Phoenix, AZ",Home and lifestyle,75,3/2/23,Cash,6
9428,WALM050,35-44,Prefer Not to Say,"Indianapolis, IN",Fashion accessories,78,11/17/21,Credit card,5
9429,WALM032,45-54,Prefer Not to Say,"Houston, TX",Home and lifestyle,44,6/18/19,Cash,7
9430,WALM086,55+,Female,"Virginia Beach, VA",Fashion accessories,144,5/7/21,Cash,4
9431,WALM038,35-44,Male,"Columbus, OH",Home and lifestyle,114,10/30/21,Cash,3
9432,WALM087,45-54,Non-Binary,"Anchorage, AK",Fashion accessories,32,4/27/23,Cash,4
9433,WALM056,25-34,Female,"Portland, ME",Home and lifestyle,150,11/3/21,Cash,5
9434,WALM035,45-54,Female,"Sioux Falls, SD",Fashion accessories,255,2/6/21,Cash,5
9435,WALM099,45-54,Prefer Not to Say,"Omaha, NE",Home and lifestyle,106,12/16/19,Cash,5
9436,WALM055,45-54,Prefer Not to Say,"Birmingham, AL",Fashion accessories,225,3/26/19,Cash,7
9437,WALM087,18-24,Prefer Not to Say,"Las Vegas, NV",Home and lifestyle,138,7/26/23,Cash,5
9438,WALM086,45-54,Prefer Not to Say,"Atlanta, GA",Fashion accessories,102,7/28/22,Cash,4
9439,WALM075,18-24,Prefer Not to Say,"Wichita, KS",Home and lifestyle,112,11/26/22,Cash,7
9440,WALM086,35-44,Prefer Not to Say,"Little Rock, AR",Fashion accessories,162,4/24/23,Cash,5
9441,WALM065,18-24,Male,"New York City, NY",Home and lifestyle,74,5/23/20,Cash,4
9442,WALM058,45-54,Non-Binary,"Little Rock, AR",Fashion accessories,110,11/17/21,Cash,5
9443,WALM089,55+,Female,"Nashville, TN",Home and lifestyle,20,4/14/19,Cash,4
9444,WALM055,45-54,Non-Binary,"Birmingham, AL",Fashion accessories,44,4/10/19,Cash,3
9445,WALM065,55+,Non-Binary,"Salt Lake City, UT",Home and lifestyle,136,6/1/20,Cash,7
9446,WALM082,35-44,Female,"Omaha, NE",Fashion accessories,213,12/22/19,Cash,3
9447,WALM029,25-34,Female,"Milwaukee, WI",Home and lifestyle,52,9/3/20,Cash,4
9448,WALM086,25-34,Non-Binary,"Hartford, CT",Fashion accessories,231,8/28/23,Cash,7
9449,WALM058,18-24,Female,"Birmingham, AL",Home and lifestyle,104,8/31/23,Cash,3
9450,WALM054,18-24,Prefer Not to Say,"Los Angeles, CA",Fashion accessories,84,1/30/19,Cash,7
9451,WALM054,25-34,Female,"Denver, CO",Home and lifestyle,102,11/2/21,Cash,6
9452,WALM030,55+,Female,"Columbus, OH",Fashion accessories,164,10/6/21,Cash,5
9453,WALM069,25-34,Prefer Not to Say,"Portland, OR",Home and lifestyle,186,4/15/22,Cash,3
9454,WALM089,55+,Non-Binary,"Columbus, OH",Fashion accessories,45,2/29/20,Cash,6
9455,WALM065,18-24,Male,"Wichita, KS",Home and lifestyle,207,10/19/20,Cash,3
9456,WALM003,45-54,Female,"Virginia Beach, VA",Fashion accessories,64,10/26/22,Cash,6
9457,WALM009,55+,Male,"Hartford, CT",Home and lifestyle,40,6/26/22,Cash,7
9458,WALM086,18-24,Non-Binary,"Charleston, SC",Fashion accessories,47,5/19/22,Cash,4
9459,WALM038,35-44,Non-Binary,"Los Angeles, CA",Home and lifestyle,33,2/28/23,Cash,5
9460,WALM086,35-44,Prefer Not to Say,"Omaha, NE",Fashion accessories,72,9/22/19,Cash,5
9461,WALM069,18-24,Prefer Not to Say,"Indianapolis, IN",Home and lifestyle,219,6/25/22,Cash,4
9462,WALM056,45-54,Non-Binary,"Newark, NJ",Fashion accessories,22,9/15/19,Cash,7
9463,WALM032,18-24,Non-Binary,"Billings, MT",Home and lifestyle,18,1/30/23,Cash,3
9464,WALM099,45-54,Male,"Little Rock, AR",Fashion accessories,30,10/19/23,Cash,6
9465,WALM099,25-34,Female,"Detroit, MI",Home and lifestyle,72,6/11/21,Cash,3
9466,WALM086,35-44,Female,"Boston, MA",Fashion accessories,246,3/20/21,Cash,6
9467,WALM038,35-44,Prefer Not to Say,"Manchester, NH",Home and lifestyle,120,2/14/19,Cash,6
9468,WALM075,45-54,Non-Binary,"New York City, NY",Fashion accessories,162,11/28/20,Cash,5
9469,WALM050,45-54,Prefer Not to Say,"Detroit, MI",Home and lifestyle,26,6/18/20,Credit card,5
9470,WALM073,55+,Male,"Jackson, MS",Fashion accessories,147,10/12/22,Cash,7
9471,WALM087,45-54,Non-Binary,"Oklahoma City, OK",Home and lifestyle,159,3/20/22,Cash,7
9472,WALM069,25-34,Female,"Sioux Falls, SD",Fashion accessories,56,8/7/21,Cash,7
9473,WALM029,55+,Female,"Des Moines, IA",Home and lifestyle,128,5/4/20,Cash,6
9474,WALM075,18-24,Male,"Atlanta, GA",Fashion accessories,72,7/18/21,Cash,3
9475,WALM084,25-34,Female,"Los Angeles, CA",Home and lifestyle,213,2/21/19,Cash,5
9476,WALM082,55+,Prefer Not to Say,"St. Louis, MO",Fashion accessories,68,11/21/22,Cash,4
9477,WALM038,35-44,Female,"Minneapolis, MN",Home and lifestyle,50,6/28/19,Cash,5
9478,WALM035,45-54,Female,"Sioux Falls, SD",Fashion accessories,76,9/11/21,Cash,6
9479,WALM038,18-24,Male,"New York City, NY",Home and lifestyle,59,2/19/19,Cash,7
9480,WALM099,18-24,Non-Binary,"Birmingham, AL",Fashion accessories,37,6/11/19,Cash,3
9481,WALM084,45-54,Non-Binary,"Seattle, WA",Home and lifestyle,56,4/27/20,Cash,7
9482,WALM086,45-54,Prefer Not to Say,"Boise, ID",Fashion accessories,32,2/1/21,Cash,6
9483,WALM074,35-44,Prefer Not to Say,"Sioux Falls, SD",Home and lifestyle,50,11/8/22,Cash,5
9484,WALM056,45-54,Male,"Charlotte, NC",Fashion accessories,39,2/9/23,Cash,4
9485,WALM087,25-34,Prefer Not to Say,"Orlando, FL",Home and lifestyle,134,8/27/22,Cash,5
9486,WALM099,35-44,Male,"Columbus, OH",Fashion accessories,16,12/15/20,Cash,7
9487,WALM035,18-24,Female,"Omaha, NE",Home and lifestyle,63,11/1/20,Cash,6
9488,WALM058,18-24,Prefer Not to Say,"Philadelphia, PA",Fashion accessories,66,1/2/20,Cash,7
9489,WALM082,45-54,Male,"Charlotte, NC",Home and lifestyle,160,10/6/23,Cash,3
9490,WALM084,25-34,Female,"Boise, ID",Fashion accessories,183,1/29/23,Cash,3
9491,WALM009,55+,Female,"Wichita, KS",Home and lifestyle,23,1/12/21,Cash,7
9492,WALM069,55+,Female,"Anchorage, AK",Fashion accessories,213,6/8/23,Cash,7
9493,WALM032,25-34,Prefer Not to Say,"Baltimore, MD",Home and lifestyle,246,3/12/21,Cash,3
9494,WALM046,55+,Female,"Portland, ME",Fashion accessories,135,4/7/20,Cash,3
9495,WALM089,25-34,Prefer Not to Say,"Honolulu, HI",Home and lifestyle,80,1/10/22,Cash,7
9496,WALM099,45-54,Female,"Philadelphia, PA",Fashion accessories,134,2/20/22,Cash,7
9497,WALM087,35-44,Female,"New Orleans, LA",Home and lifestyle,60,8/7/20,Cash,4
9498,WALM065,25-34,Female,"Boston, MA",Fashion accessories,60,4/22/22,Cash,7
9499,WALM074,45-54,Female,"Charleston, WV",Home and lifestyle,44,1/8/23,Cash,7
9500,WALM003,18-24,Female,"Wichita, KS",Fashion accessories,231,12/8/23,Cash,4
9501,WALM084,55+,Male,"Los Angeles, CA",Home and lifestyle,111,10/21/23,Cash,3
9502,WALM032,55+,Female,"Wilmington, DE",Fashion accessories,168,7/19/23,Cash,4
9503,WALM082,45-54,Prefer Not to Say,"Charlotte, NC",Home and lifestyle,33,7/25/21,Cash,6
9504,WALM084,25-34,Prefer Not to Say,"Detroit, MI",Fashion accessories,48,10/9/20,Cash,4
9505,WALM029,18-24,Prefer Not to Say,"Boise, ID",Home and lifestyle,44,3/14/20,Cash,5
9506,WALM003,25-34,Prefer Not to Say,"Albuquerque, NM",Fashion accessories,19,7/18/23,Cash,6
9507,WALM099,35-44,Prefer Not to Say,"Providence, RI",Home and lifestyle,39,2/27/23,Cash,7
9508,WALM058,45-54,Prefer Not to Say,"Phoenix, AZ",Fashion accessories,99,6/12/23,Cash,4
9509,WALM082,35-44,Female,"Baltimore, MD",Home and lifestyle,39,11/1/19,Cash,4
9510,WALM009,18-24,Male,"Houston, TX",Fashion accessories,249,8/12/20,Cash,7
9511,WALM086,45-54,Female,"Seattle, WA",Home and lifestyle,64,10/9/19,Cash,5
9512,WALM058,55+,Female,"Seattle, WA",Fashion accessories,15,1/19/21,Cash,3
9513,WALM075,25-34,Prefer Not to Say,"Baltimore, MD",Home and lifestyle,102,5/28/23,Cash,5
9514,WALM084,25-34,Non-Binary,"Honolulu, HI",Fashion accessories,102,11/1/23,Cash,5
9515,WALM089,25-34,Male,"Newark, NJ",Home and lifestyle,136,10/31/20,Cash,6
9516,WALM025,55+,Female,"Charleston, SC",Fashion accessories,45,10/19/19,Cash,7
9517,WALM003,25-34,Male,"Charleston, SC",Home and lifestyle,104,8/2/19,Cash,6
9518,WALM065,45-54,Male,"Oklahoma City, OK",Fashion accessories,78,7/27/23,Cash,4
9519,WALM054,55+,Non-Binary,"Portland, ME",Home and lifestyle,166,5/29/23,Cash,6
9520,WALM054,35-44,Female,"Des Moines, IA",Fashion accessories,15,3/6/20,Cash,7
9521,WALM099,35-44,Male,"Honolulu, HI",Home and lifestyle,243,11/18/23,Cash,6
9522,WALM089,18-24,Non-Binary,"Portland, ME",Fashion accessories,110,6/5/23,Cash,3
9523,WALM082,45-54,Prefer Not to Say,"Los Angeles, CA",Home and lifestyle,30,12/20/21,Cash,4
9524,WALM046,45-54,Non-Binary,"Omaha, NE",Fashion accessories,82,7/19/22,Cash,4
9525,WALM025,18-24,Female,"Boston, MA",Home and lifestyle,79,8/29/20,Cash,3
9526,WALM032,35-44,Non-Binary,"Indianapolis, IN",Fashion accessories,86,10/9/21,Cash,4
9527,WALM074,25-34,Non-Binary,"Little Rock, AR",Home and lifestyle,90,8/29/20,Cash,7
9528,WALM038,25-34,Male,"Wichita, KS",Fashion accessories,144,9/2/19,Cash,7
9529,WALM030,35-44,Female,"Louisville, KY",Home and lifestyle,90,9/3/19,Cash,4
9530,WALM003,18-24,Non-Binary,"Virginia Beach, VA",Fashion accessories,85,5/11/22,Cash,7
9531,WALM029,18-24,Male,"Wilmington, DE",Home and lifestyle,112,4/27/23,Cash,3
9532,WALM009,25-34,Female,"Providence, RI",Fashion accessories,234,7/6/23,Cash,6
9533,WALM082,35-44,Female,"Manchester, NH",Home and lifestyle,192,7/9/23,Cash,6
9534,WALM003,45-54,Female,"Burlington, VT",Fashion accessories,128,7/11/19,Cash,6
9535,WALM087,55+,Prefer Not to Say,"Portland, OR",Home and lifestyle,108,8/22/21,Cash,5
9536,WALM099,18-24,Female,"Philadelphia, PA",Fashion accessories,15,9/8/20,Cash,4
9537,WALM050,55+,Male,"Albuquerque, NM",Home and lifestyle,51,6/20/21,Credit card,5
9538,WALM089,18-24,Male,"Boise, ID",Fashion accessories,99,5/17/23,Cash,6
9539,WALM046,18-24,Female,"Orlando, FL",Home and lifestyle,249,9/10/23,Cash,3
9540,WALM050,25-34,Prefer Not to Say,"Burlington, VT",Fashion accessories,43,7/4/23,Credit card,6
9541,WALM099,25-34,Male,"Phoenix, AZ",Home and lifestyle,174,10/28/21,Cash,7
9542,WALM025,55+,Female,"Milwaukee, WI",Fashion accessories,148,6/4/22,Cash,6
9543,WALM009,55+,Male,"Boston, MA",Home and lifestyle,135,11/18/20,Cash,7
9544,WALM089,35-44,Non-Binary,"Newark, NJ",Fashion accessories,100,7/23/19,Cash,3
9545,WALM087,35-44,Non-Binary,"Oklahoma City, OK",Home and lifestyle,252,9/9/20,Cash,4
9546,WALM003,55+,Female,"Honolulu, HI",Fashion accessories,138,6/12/22,Cash,7
9547,WALM065,55+,Male,"Jackson, MS",Home and lifestyle,160,2/11/23,Cash,4
9548,WALM030,25-34,Female,"Portland, OR",Fashion accessories,60,11/29/23,Cash,4
9549,WALM084,55+,Female,"Denver, CO",Home and lifestyle,140,10/15/22,Cash,6
9550,WALM009,45-54,Male,"St. Louis, MO",Fashion accessories,90,3/3/19,Cash,7
9551,WALM054,35-44,Male,"Phoenix, AZ",Home and lifestyle,126,12/7/22,Cash,7
9552,WALM003,18-24,Male,"New Orleans, LA",Fashion accessories,96,4/30/23,Cash,6
9553,WALM099,25-34,Female,"Wichita, KS",Home and lifestyle,58,1/23/21,Cash,3
9554,WALM035,25-34,Male,"Minneapolis, MN",Fashion accessories,168,12/25/23,Cash,3
9555,WALM056,55+,Male,"Boise, ID",Home and lifestyle,138,3/11/19,Cash,4
9556,WALM099,25-34,Male,"Milwaukee, WI",Fashion accessories,31,12/30/22,Cash,3
9557,WALM074,18-24,Prefer Not to Say,"Boston, MA",Home and lifestyle,64,4/19/20,Cash,5
9558,WALM032,35-44,Male,"Charlotte, NC",Fashion accessories,49,9/5/19,Cash,7
9559,WALM058,25-34,Male,"St. Louis, MO",Home and lifestyle,216,12/2/19,Cash,3
9560,WALM054,25-34,Non-Binary,"Cheyenne, WY",Fashion accessories,53,11/1/23,Cash,4
9561,WALM025,55+,Prefer Not to Say,"Boston, MA",Home and lifestyle,46,1/30/22,Cash,6
9562,WALM089,35-44,Non-Binary,"St. Louis, MO",Fashion accessories,72,8/5/23,Cash,7
9563,WALM030,25-34,Prefer Not to Say,"Boise, ID",Home and lifestyle,57,8/23/21,Cash,6
9564,WALM038,18-24,Prefer Not to Say,"Los Angeles, CA",Fashion accessories,146,9/4/22,Cash,3
9565,WALM099,35-44,Male,"Philadelphia, PA",Home and lifestyle,76,11/5/19,Cash,6
9566,WALM009,55+,Male,"Albuquerque, NM",Fashion accessories,34,12/16/22,Cash,3
9567,WALM073,35-44,Female,"Charlotte, NC",Home and lifestyle,78,3/26/19,Cash,7
9568,WALM058,45-54,Female,"Fargo, ND",Fashion accessories,78,6/6/20,Cash,5
9569,WALM073,45-54,Prefer Not to Say,"Wichita, KS",Home and lifestyle,84,3/20/22,Cash,6
9570,WALM058,25-34,Female,"Salt Lake City, UT",Fashion accessories,36,12/30/21,Cash,3
9571,WALM056,45-54,Female,"Boston, MA",Home and lifestyle,72,7/28/19,Cash,5
9572,WALM055,18-24,Female,"Indianapolis, IN",Fashion accessories,33,10/30/19,Cash,5
9573,WALM035,25-34,Non-Binary,"Louisville, KY",Home and lifestyle,94,3/31/21,Cash,4
9574,WALM087,45-54,Non-Binary,"Cheyenne, WY",Fashion accessories,58,12/5/22,Cash,6
9575,WALM069,18-24,Non-Binary,"Chicago, IL",Home and lifestyle,186,9/11/22,Cash,4
9576,WALM065,25-34,Non-Binary,"Charleston, WV",Fashion accessories,150,9/9/23,Cash,7
9577,WALM073,18-24,Female,"Boise, ID",Home and lifestyle,18,9/1/22,Cash,6
9578,WALM046,25-34,Male,"Wichita, KS",Fashion accessories,234,1/7/23,Cash,3
9579,WALM074,35-44,Female,"Chicago, IL",Home and lifestyle,170,7/9/22,Cash,5
9580,WALM099,18-24,Male,"Oklahoma City, OK",Fashion accessories,189,9/24/19,Cash,4
9581,WALM073,18-24,Non-Binary,"Burlington, VT",Home and lifestyle,198,5/14/20,Cash,3
9582,WALM056,55+,Female,"Sioux Falls, SD",Fashion accessories,54,9/20/22,Cash,5
9583,WALM065,25-34,Female,"Birmingham, AL",Home and lifestyle,32,4/17/23,Cash,5
9584,WALM056,55+,Prefer Not to Say,"Newark, NJ",Fashion accessories,177,8/4/22,Cash,5
9585,WALM025,55+,Female,"Charleston, WV",Home and lifestyle,120,10/26/20,Cash,6
9586,WALM074,25-34,Female,"Boise, ID",Fashion accessories,83,12/23/22,Cash,7
9587,WALM003,18-24,Female,"Los Angeles, CA",Home and lifestyle,48,6/19/22,Cash,7
9588,WALM086,25-34,Female,"Denver, CO",Fashion accessories,19,11/4/22,Cash,4
9589,WALM055,35-44,Male,"Omaha, NE",Home and lifestyle,51,2/12/23,Cash,6
9590,WALM069,35-44,Male,"New York City, NY",Fashion accessories,32,11/1/19,Cash,6
9591,WALM032,45-54,Female,"Billings, MT",Home and lifestyle,252,12/27/20,Cash,3
9592,WALM073,55+,Male,"Providence, RI",Fashion accessories,112,12/26/19,Cash,7
9593,WALM030,25-34,Prefer Not to Say,"Charlotte, NC",Home and lifestyle,94,8/2/21,Cash,7
9594,WALM025,55+,Female,"Charleston, SC",Fashion accessories,201,11/13/21,Cash,5
9595,WALM025,25-34,Prefer Not to Say,"Newark, NJ",Home and lifestyle,74,12/10/23,Cash,4
9596,WALM082,35-44,Female,"Providence, RI",Fashion accessories,94,5/13/20,Cash,5
9597,WALM082,18-24,Non-Binary,"Newark, NJ",Home and lifestyle,225,11/15/22,Cash,4
9598,WALM009,45-54,Female,"Salt Lake City, UT",Fashion accessories,138,10/29/21,Cash,6
9599,WALM009,35-44,Non-Binary,"Hartford, CT",Home and lifestyle,51,2/4/19,Cash,6
9600,WALM075,25-34,Male,"Albuquerque, NM",Fashion accessories,26,11/20/21,Cash,5
9601,WALM065,35-44,Non-Binary,"Charleston, SC",Home and lifestyle,60,9/25/20,Cash,3
9602,WALM055,18-24,Non-Binary,"Anchorage, AK",Fashion accessories,23,10/28/21,Cash,7
9603,WALM029,25-34,Male,"New Orleans, LA",Home and lifestyle,108,12/1/19,Cash,6
9604,WALM087,18-24,Non-Binary,"Birmingham, AL",Fashion accessories,16,5/3/20,Cash,7
9605,WALM035,55+,Non-Binary,"Los Angeles, CA",Home and lifestyle,46,12/24/22,Cash,7
9606,WALM075,55+,Prefer Not to Say,"Portland, ME",Fashion accessories,246,1/12/19,Cash,7
9607,WALM025,55+,Prefer Not to Say,"Philadelphia, PA",Home and lifestyle,80,6/28/19,Cash,5
9608,WALM009,45-54,Female,"Columbus, OH",Fashion accessories,93,7/2/23,Cash,4
9609,WALM003,18-24,Male,"Charleston, WV",Home and lifestyle,124,2/18/21,Cash,5
9610,WALM056,45-54,Female,"Birmingham, AL",Fashion accessories,76,2/24/22,Cash,3
9611,WALM089,45-54,Prefer Not to Say,"Hartford, CT",Home and lifestyle,142,1/9/22,Cash,4
9612,WALM084,18-24,Prefer Not to Say,"Boise, ID",Fashion accessories,147,4/10/21,Cash,7
9613,WALM054,35-44,Prefer Not to Say,"Charleston, SC",Home and lifestyle,92,7/21/19,Cash,5
9614,WALM075,35-44,Female,"Seattle, WA",Fashion accessories,117,6/23/21,Cash,4
9615,WALM025,35-44,Female,"Des Moines, IA",Home and lifestyle,51,4/2/23,Cash,3
9616,WALM003,35-44,Prefer Not to Say,"St. Louis, MO",Fashion accessories,37,3/30/23,Cash,7
9617,WALM003,35-44,Non-Binary,"Houston, TX",Home and lifestyle,156,3/6/23,Cash,3
9618,WALM056,35-44,Male,"New York City, NY",Fashion accessories,43,7/12/20,Cash,6
9619,WALM074,25-34,Non-Binary,"Des Moines, IA",Home and lifestyle,84,10/27/20,Cash,7
9620,WALM069,55+,Female,"Seattle, WA",Fashion accessories,52,12/29/22,Cash,6
9621,WALM073,18-24,Female,"Des Moines, IA",Home and lifestyle,39,12/4/23,Cash,3
9622,WALM075,55+,Female,"Indianapolis, IN",Fashion accessories,36,12/17/21,Cash,3
9623,WALM009,25-34,Female,"Seattle, WA",Home and lifestyle,159,10/17/19,Cash,5
9624,WALM050,18-24,Prefer Not to Say,"Las Vegas, NV",Fashion accessories,158,8/13/23,Credit card,3
9625,WALM075,55+,Prefer Not to Say,"Seattle, WA",Home and lifestyle,70,12/14/22,Cash,4
9626,WALM065,45-54,Prefer Not to Say,"St. Louis, MO",Fashion accessories,30,1/4/23,Cash,3
9627,WALM089,45-54,Female,"Salt Lake City, UT",Home and lifestyle,183,12/8/20,Cash,4
9628,WALM030,55+,Prefer Not to Say,"Oklahoma City, OK",Fashion accessories,222,4/7/22,Cash,7
9629,WALM056,25-34,Prefer Not to Say,"Little Rock, AR",Home and lifestyle,49,4/24/19,Cash,4
9630,WALM003,55+,Male,"Anchorage, AK",Fashion accessories,160,2/27/20,Cash,7
9631,WALM074,18-24,Male,"Salt Lake City, UT",Home and lifestyle,126,11/9/23,Cash,7
9632,WALM084,18-24,Female,"Charleston, SC",Fashion accessories,138,10/11/21,Cash,4
9633,WALM009,55+,Male,"Las Vegas, NV",Home and lifestyle,108,6/6/22,Cash,3
9634,WALM065,25-34,Non-Binary,"Minneapolis, MN",Fashion accessories,135,4/11/19,Cash,6
9635,WALM050,25-34,Prefer Not to Say,"Providence, RI",Home and lifestyle,54,10/25/22,Credit card,6
9636,WALM075,35-44,Female,"Baltimore, MD",Fashion accessories,154,1/19/22,Cash,3
9637,WALM003,35-44,Male,"Denver, CO",Home and lifestyle,234,12/17/21,Cash,5
9638,WALM032,25-34,Male,"Nashville, TN",Fashion accessories,42,5/2/19,Cash,4
9639,WALM084,45-54,Female,"Boston, MA",Home and lifestyle,42,10/16/20,Cash,3
9640,WALM029,18-24,Male,"Des Moines, IA",Fashion accessories,57,8/29/20,Cash,7
9641,WALM035,25-34,Prefer Not to Say,"Newark, NJ",Home and lifestyle,17,10/18/21,Cash,6
9642,WALM074,18-24,Prefer Not to Say,"Charleston, WV",Fashion accessories,134,3/18/20,Cash,3
9643,WALM084,35-44,Non-Binary,"Manchester, NH",Home and lifestyle,66,9/15/20,Cash,5
9644,WALM046,55+,Non-Binary,"Albuquerque, NM",Fashion accessories,56,12/9/20,Cash,3
9645,WALM029,45-54,Prefer Not to Say,"Detroit, MI",Home and lifestyle,84,12/4/19,Cash,4
9646,WALM046,18-24,Non-Binary,"Boston, MA",Fashion accessories,87,11/9/21,Cash,7
9647,WALM032,45-54,Female,"Minneapolis, MN",Home and lifestyle,90,8/14/19,Cash,6
9648,WALM099,35-44,Female,"Denver, CO",Fashion accessories,165,9/15/23,Cash,7
9649,WALM009,35-44,Prefer Not to Say,"Oklahoma City, OK",Home and lifestyle,126,9/6/19,Cash,4
9650,WALM056,45-54,Female,"Los Angeles, CA",Fashion accessories,32,11/29/21,Cash,5
9651,WALM084,18-24,Prefer Not to Say,"Houston, TX",Home and lifestyle,84,3/15/20,Cash,5
9652,WALM069,18-24,Non-Binary,"Omaha, NE",Fashion accessories,15,12/31/23,Cash,4
9653,WALM099,25-34,Female,"Las Vegas, NV",Home and lifestyle,170,12/16/22,Cash,5
9654,WALM032,25-34,Non-Binary,"Los Angeles, CA",Fashion accessories,75,11/17/23,Cash,6
9655,WALM050,25-34,Male,"Atlanta, GA",Home and lifestyle,104,12/20/19,Credit card,7
9656,WALM065,45-54,Female,"Orlando, FL",Fashion accessories,56,11/6/20,Cash,5
9657,WALM030,55+,Female,"Houston, TX",Home and lifestyle,33,8/29/20,Cash,5
9658,WALM009,35-44,Non-Binary,"St. Louis, MO",Fashion accessories,120,4/23/22,Cash,6
9659,WALM087,55+,Female,"Los Angeles, CA",Home and lifestyle,47,11/30/19,Cash,7
9660,WALM038,55+,Female,"Phoenix, AZ",Fashion accessories,62,8/17/19,Cash,6
9661,WALM055,25-34,Non-Binary,"Seattle, WA",Home and lifestyle,110,9/12/19,Cash,4
9662,WALM035,18-24,Male,"Nashville, TN",Fashion accessories,81,1/21/20,Cash,6
9663,WALM029,18-24,Prefer Not to Say,"Baltimore, MD",Home and lifestyle,192,7/10/20,Cash,6
9664,WALM055,18-24,Prefer Not to Say,"Virginia Beach, VA",Fashion accessories,141,3/18/23,Cash,7
9665,WALM056,55+,Non-Binary,"Boise, ID",Home and lifestyle,132,12/6/21,Cash,7
9666,WALM073,55+,Male,"Atlanta, GA",Fashion accessories,150,3/28/21,Cash,6
9667,WALM058,55+,Female,"New York City, NY",Home and lifestyle,228,6/28/21,Cash,6
9668,WALM074,35-44,Prefer Not to Say,"Virginia Beach, VA",Fashion accessories,15,5/29/21,Cash,3
9669,WALM032,45-54,Male,"Portland, ME",Home and lifestyle,177,6/18/20,Cash,5
9670,WALM055,25-34,Male,"Boise, ID",Fashion accessories,152,6/16/19,Cash,4
9671,WALM054,45-54,Male,"Burlington, VT",Home and lifestyle,44,12/20/22,Cash,7
9672,WALM073,45-54,Female,"Detroit, MI",Fashion accessories,65,4/26/22,Cash,6
9673,WALM099,18-24,Male,"Baltimore, MD",Home and lifestyle,72,8/4/23,Cash,7
9674,WALM054,25-34,Non-Binary,"Baltimore, MD",Fashion accessories,21,7/9/22,Cash,4
9675,WALM025,25-34,Non-Binary,"Birmingham, AL",Home and lifestyle,36,8/21/19,Cash,4
9676,WALM038,55+,Prefer Not to Say,"Charleston, SC",Fashion accessories,54,12/5/20,Cash,5
9677,WALM099,35-44,Non-Binary,"New York City, NY",Home and lifestyle,72,8/9/22,Cash,7
9678,WALM046,55+,Female,"New Orleans, LA",Fashion accessories,42,7/8/21,Cash,3
9679,WALM054,25-34,Non-Binary,"Las Vegas, NV",Home and lifestyle,18,11/21/20,Cash,5
9680,WALM089,35-44,Female,"St. Louis, MO",Fashion accessories,64,1/5/20,Cash,5
9681,WALM089,25-34,Female,"Fargo, ND",Home and lifestyle,129,3/18/22,Cash,6
9682,WALM086,45-54,Female,"Cheyenne, WY",Fashion accessories,38,6/2/22,Cash,6
9683,WALM058,18-24,Non-Binary,"Orlando, FL",Home and lifestyle,86,6/5/22,Cash,5
9684,WALM056,55+,Female,"Billings, MT",Fashion accessories,72,5/9/21,Cash,5
9685,WALM055,25-34,Female,"Orlando, FL",Home and lifestyle,147,2/26/21,Cash,5
9686,WALM058,18-24,Prefer Not to Say,"Honolulu, HI",Fashion accessories,36,7/12/21,Cash,6
9687,WALM046,35-44,Female,"Orlando, FL",Home and lifestyle,48,8/16/20,Cash,6
9688,WALM003,55+,Male,"Albuquerque, NM",Fashion accessories,45,6/13/21,Cash,7
9689,WALM038,35-44,Female,"Anchorage, AK",Home and lifestyle,80,6/5/23,Cash,5
9690,WALM074,45-54,Prefer Not to Say,"Burlington, VT",Fashion accessories,168,10/5/20,Cash,3
9691,WALM087,18-24,Male,"Omaha, NE",Home and lifestyle,180,1/15/23,Cash,6
9692,WALM082,25-34,Male,"Orlando, FL",Fashion accessories,165,2/9/21,Cash,7
9693,WALM029,35-44,Male,"Orlando, FL",Home and lifestyle,122,7/23/23,Cash,4
9694,WALM069,35-44,Prefer Not to Say,"Denver, CO",Fashion accessories,198,5/23/21,Cash,3
9695,WALM056,45-54,Male,"New Orleans, LA",Home and lifestyle,225,10/29/20,Cash,7
9696,WALM089,35-44,Female,"Virginia Beach, VA",Fashion accessories,160,9/5/22,Cash,5
9697,WALM065,55+,Prefer Not to Say,"Portland, ME",Home and lifestyle,71,5/15/21,Cash,7
9698,WALM032,25-34,Non-Binary,"Cheyenne, WY",Fashion accessories,53,11/10/20,Cash,7
9699,WALM082,55+,Non-Binary,"Milwaukee, WI",Home and lifestyle,100,8/15/21,Cash,6
9700,WALM073,25-34,Non-Binary,"Birmingham, AL",Fashion accessories,102,4/19/23,Cash,4
9701,WALM074,18-24,Male,"Burlington, VT",Home and lifestyle,162,12/18/22,Cash,3
9702,WALM087,55+,Male,"Manchester, NH",Fashion accessories,117,4/22/21,Cash,6
9703,WALM099,45-54,Male,"Indianapolis, IN",Home and lifestyle,34,5/20/19,Cash,6
9704,WALM032,55+,Female,"Las Vegas, NV",Fashion accessories,88,10/9/21,Cash,7
9705,WALM054,45-54,Non-Binary,"Los Angeles, CA",Home and lifestyle,75,5/23/21,Cash,3
9706,WALM074,45-54,Male,"Manchester, NH",Fashion accessories,132,9/27/21,Cash,3
9707,WALM038,45-54,Prefer Not to Say,"Providence, RI",Home and lifestyle,135,3/21/23,Cash,7
9708,WALM025,45-54,Non-Binary,"Seattle, WA",Fashion accessories,22,5/10/20,Cash,4
9709,WALM089,45-54,Prefer Not to Say,"Milwaukee, WI",Home and lifestyle,54,7/20/21,Cash,7
9710,WALM069,25-34,Non-Binary,"Wichita, KS",Fashion accessories,28,9/10/23,Cash,5
9711,WALM035,35-44,Female,"Boston, MA",Home and lifestyle,198,6/18/20,Cash,5
9712,WALM050,25-34,Prefer Not to Say,"Chicago, IL",Fashion accessories,67,4/9/23,Credit card,7
9713,WALM046,25-34,Female,"Honolulu, HI",Home and lifestyle,141,9/29/23,Cash,3
9714,WALM050,18-24,Non-Binary,"Birmingham, AL",Fashion accessories,52,8/4/23,Credit card,4
9715,WALM074,18-24,Prefer Not to Say,"Baltimore, MD",Home and lifestyle,19,2/5/20,Cash,5
9716,WALM065,18-24,Female,"Cheyenne, WY",Fashion accessories,63,7/21/22,Cash,6
9717,WALM089,35-44,Male,"Albuquerque, NM",Home and lifestyle,204,7/28/21,Cash,6
9718,WALM038,35-44,Prefer Not to Say,"Orlando, FL",Fashion accessories,136,6/27/23,Cash,7
9719,WALM029,55+,Non-Binary,"Philadelphia, PA",Home and lifestyle,96,1/3/19,Cash,7
9720,WALM099,35-44,Prefer Not to Say,"Burlington, VT",Fashion accessories,69,5/15/21,Cash,5
9721,WALM069,25-34,Male,"Fargo, ND",Home and lifestyle,84,10/28/23,Cash,4
9722,WALM056,35-44,Female,"Omaha, NE",Fashion accessories,68,8/7/21,Cash,6
9723,WALM025,25-34,Male,"Portland, OR",Home and lifestyle,38,7/29/19,Cash,6
9724,WALM082,35-44,Male,"Newark, NJ",Fashion accessories,111,4/1/19,Cash,5
9725,WALM086,45-54,Male,"Birmingham, AL",Home and lifestyle,158,9/21/21,Cash,4
9726,WALM075,35-44,Female,"Oklahoma City, OK",Fashion accessories,87,1/4/20,Cash,4
9727,WALM046,45-54,Prefer Not to Say,"Wilmington, DE",Home and lifestyle,183,2/17/19,Cash,5
9728,WALM058,18-24,Female,"Minneapolis, MN",Fashion accessories,98,10/26/20,Cash,7
9729,WALM025,25-34,Prefer Not to Say,"Milwaukee, WI",Home and lifestyle,53,1/27/20,Cash,4
9730,WALM025,45-54,Prefer Not to Say,"Des Moines, IA",Fashion accessories,120,8/16/23,Cash,3
9731,WALM025,55+,Male,"Portland, OR",Home and lifestyle,41,8/27/19,Cash,7
9732,WALM089,25-34,Prefer Not to Say,"Denver, CO",Fashion accessories,29,4/21/20,Cash,5
9733,WALM058,25-34,Prefer Not to Say,"Charlotte, NC",Home and lifestyle,186,2/24/21,Cash,4
9734,WALM099,55+,Non-Binary,"Des Moines, IA",Fashion accessories,92,7/5/22,Cash,5
9735,WALM084,18-24,Female,"Billings, MT",Home and lifestyle,55,4/3/20,Cash,5
9736,WALM009,25-34,Male,"Portland, OR",Fashion accessories,134,2/2/23,Cash,4
9737,WALM003,18-24,Prefer Not to Say,"Chicago, IL",Home and lifestyle,42,1/20/19,Cash,7
9738,WALM054,45-54,Female,"Louisville, KY",Fashion accessories,42,9/12/20,Cash,7
9739,WALM084,18-24,Female,"Detroit, MI",Home and lifestyle,63,2/22/23,Cash,7
9740,WALM069,25-34,Non-Binary,"Boise, ID",Fashion accessories,243,2/1/23,Cash,7
9741,WALM056,55+,Male,"Fargo, ND",Home and lifestyle,29,7/15/21,Cash,5
9742,WALM069,35-44,Male,"Portland, ME",Fashion accessories,225,7/26/23,Cash,3
9743,WALM069,55+,Male,"Billings, MT",Home and lifestyle,129,5/25/23,Cash,4
9744,WALM084,25-34,Female,"Omaha, NE",Fashion accessories,156,6/11/22,Cash,5
9745,WALM087,55+,Prefer Not to Say,"Atlanta, GA",Home and lifestyle,72,5/30/20,Cash,3
9746,WALM069,25-34,Female,"Providence, RI",Fashion accessories,72,1/26/23,Cash,5
9747,WALM050,18-24,Non-Binary,"Indianapolis, IN",Home and lifestyle,19,1/2/22,Credit card,4
9748,WALM055,25-34,Female,"Cheyenne, WY",Fashion accessories,100,10/12/23,Cash,5
9749,WALM087,35-44,Female,"Wilmington, DE",Home and lifestyle,26,6/19/23,Cash,6
9750,WALM089,18-24,Non-Binary,"Birmingham, AL",Fashion accessories,68,12/30/20,Cash,3
9751,WALM075,18-24,Prefer Not to Say,"Charleston, SC",Home and lifestyle,38,12/20/20,Cash,7
9752,WALM056,45-54,Prefer Not to Say,"Birmingham, AL",Fashion accessories,146,12/20/23,Cash,6
9753,WALM003,35-44,Female,"Hartford, CT",Home and lifestyle,48,5/5/23,Cash,5
9754,WALM054,18-24,Prefer Not to Say,"Honolulu, HI",Fashion accessories,99,7/14/23,Cash,6
9755,WALM056,55+,Non-Binary,"Wichita, KS",Home and lifestyle,36,5/14/21,Cash,5
9756,WALM074,55+,Female,"Boston, MA",Fashion accessories,70,2/21/21,Cash,3
9757,WALM084,45-54,Non-Binary,"Seattle, WA",Home and lifestyle,92,11/8/23,Cash,6
9758,WALM038,45-54,Male,"Boston, MA",Fashion accessories,156,12/24/22,Cash,6
9759,WALM089,45-54,Non-Binary,"Chicago, IL",Home and lifestyle,33,4/22/22,Cash,7
9760,WALM099,25-34,Female,"Seattle, WA",Fashion accessories,68,7/9/20,Cash,5
9761,WALM074,25-34,Female,"Columbus, OH",Home and lifestyle,78,2/8/22,Cash,4
9762,WALM058,18-24,Male,"Orlando, FL",Fashion accessories,66,7/26/21,Cash,6
9763,WALM009,18-24,Prefer Not to Say,"Denver, CO",Home and lifestyle,17,12/26/23,Cash,4
9764,WALM055,55+,Non-Binary,"Philadelphia, PA",Fashion accessories,96,12/31/23,Cash,6
9765,WALM084,25-34,Prefer Not to Say,"Orlando, FL",Home and lifestyle,102,11/12/22,Cash,3
9766,WALM054,45-54,Prefer Not to Say,"Virginia Beach, VA",Fashion accessories,92,10/31/22,Cash,4
9767,WALM009,45-54,Male,"Wilmington, DE",Home and lifestyle,216,6/29/22,Cash,7
9768,WALM075,18-24,Non-Binary,"Seattle, WA",Fashion accessories,80,3/20/21,Cash,3
9769,WALM087,45-54,Male,"Phoenix, AZ",Home and lifestyle,88,6/28/23,Cash,4
9770,WALM099,55+,Prefer Not to Say,"Detroit, MI",Fashion accessories,39,6/17/20,Cash,5
9771,WALM054,18-24,Non-Binary,"Little Rock, AR",Home and lifestyle,64,5/23/21,Cash,7
9772,WALM073,35-44,Male,"Providence, RI",Fashion accessories,246,4/28/23,Cash,6
9773,WALM029,45-54,Female,"Atlanta, GA",Home and lifestyle,183,9/17/21,Cash,6
9774,WALM089,35-44,Female,"Omaha, NE",Fashion accessories,204,4/27/19,Cash,5
9775,WALM029,25-34,Non-Binary,"Jackson, MS",Home and lifestyle,183,4/14/19,Cash,3
9776,WALM055,18-24,Prefer Not to Say,"Louisville, KY",Fashion accessories,58,11/14/21,Cash,4
9777,WALM035,35-44,Male,"Jackson, MS",Home and lifestyle,74,7/22/19,Cash,4
9778,WALM099,18-24,Prefer Not to Say,"Minneapolis, MN",Fashion accessories,57,11/17/19,Cash,5
9779,WALM069,55+,Male,"Virginia Beach, VA",Home and lifestyle,156,10/17/19,Cash,5
9780,WALM029,25-34,Male,"Detroit, MI",Fashion accessories,71,11/18/21,Cash,5
9781,WALM050,45-54,Male,"Denver, CO",Home and lifestyle,186,6/25/22,Credit card,5
9782,WALM056,25-34,Prefer Not to Say,"Orlando, FL",Fashion accessories,66,9/25/22,Cash,7
9783,WALM087,25-34,Female,"Manchester, NH",Home and lifestyle,75,12/8/23,Cash,7
9784,WALM029,35-44,Male,"Albuquerque, NM",Fashion accessories,16,10/7/22,Cash,6
9785,WALM065,18-24,Non-Binary,"Providence, RI",Home and lifestyle,231,9/14/23,Cash,4
9786,WALM050,25-34,Male,"Anchorage, AK",Fashion accessories,24,1/7/23,Credit card,4
9787,WALM086,18-24,Female,"Indianapolis, IN",Home and lifestyle,168,2/14/19,Cash,3
9788,WALM065,35-44,Non-Binary,"Sioux Falls, SD",Fashion accessories,156,9/13/21,Cash,4
9789,WALM087,25-34,Non-Binary,"Manchester, NH",Home and lifestyle,112,6/4/19,Cash,3
9790,WALM055,45-54,Male,"Seattle, WA",Fashion accessories,70,7/18/21,Cash,6
9791,WALM086,45-54,Male,"Atlanta, GA",Home and lifestyle,30,3/19/21,Cash,5
9792,WALM073,45-54,Male,"Denver, CO",Fashion accessories,144,11/18/23,Cash,5
9793,WALM035,18-24,Prefer Not to Say,"Salt Lake City, UT",Home and lifestyle,56,6/17/22,Cash,7
9794,WALM089,55+,Prefer Not to Say,"Philadelphia, PA",Fashion accessories,39,2/17/22,Cash,4
9795,WALM087,45-54,Male,"Virginia Beach, VA",Home and lifestyle,67,12/23/22,Cash,3
9796,WALM082,25-34,Prefer Not to Say,"Chicago, IL",Fashion accessories,76,7/21/23,Cash,7
9797,WALM003,45-54,Non-Binary,"Boston, MA",Home and lifestyle,255,12/1/22,Cash,5
9798,WALM073,55+,Prefer Not to Say,"Portland, OR",Fashion accessories,41,1/1/23,Cash,6
9799,WALM055,18-24,Male,"Charleston, SC",Home and lifestyle,228,10/1/20,Cash,5
9800,WALM084,18-24,Male,"Minneapolis, MN",Fashion accessories,63,12/27/22,Cash,6
9801,WALM055,18-24,Non-Binary,"Providence, RI",Home and lifestyle,48,12/30/19,Cash,3
9802,WALM074,45-54,Prefer Not to Say,"Burlington, VT",Fashion accessories,78,8/13/19,Cash,3
9803,WALM029,35-44,Non-Binary,"Milwaukee, WI",Home and lifestyle,34,2/18/22,Cash,4
9804,WALM025,45-54,Female,"Providence, RI",Fashion accessories,45,4/4/23,Cash,5
9805,WALM087,45-54,Non-Binary,"Albuquerque, NM",Home and lifestyle,93,8/31/19,Cash,6
9806,WALM025,45-54,Non-Binary,"Nashville, TN",Fashion accessories,52,2/10/22,Cash,6
9807,WALM056,55+,Prefer Not to Say,"Las Vegas, NV",Home and lifestyle,66,11/15/20,Cash,6
9808,WALM089,18-24,Non-Binary,"Oklahoma City, OK",Fashion accessories,94,3/8/20,Cash,4
9809,WALM069,18-24,Non-Binary,"Oklahoma City, OK",Home and lifestyle,68,12/3/19,Cash,3
9810,WALM074,18-24,Male,"Denver, CO",Fashion accessories,90,10/22/19,Cash,4
9811,WALM009,45-54,Prefer Not to Say,"Phoenix, AZ",Home and lifestyle,252,7/1/20,Cash,4
9812,WALM075,45-54,Prefer Not to Say,"Charleston, SC",Fashion accessories,78,9/20/19,Cash,7
9813,WALM035,35-44,Male,"Newark, NJ",Home and lifestyle,170,1/30/23,Cash,7
9814,WALM035,35-44,Male,"Nashville, TN",Fashion accessories,213,8/11/19,Cash,6
9815,WALM074,35-44,Non-Binary,"Boise, ID",Home and lifestyle,31,4/13/23,Cash,4
9816,WALM073,55+,Female,"Wichita, KS",Fashion accessories,34,1/2/23,Cash,5
9817,WALM069,25-34,Prefer Not to Say,"Los Angeles, CA",Home and lifestyle,54,3/17/21,Cash,6
9818,WALM055,35-44,Female,"Hartford, CT",Fashion accessories,234,3/9/22,Cash,3
9819,WALM089,55+,Male,"New Orleans, LA",Home and lifestyle,68,2/26/20,Cash,7
9820,WALM009,35-44,Non-Binary,"St. Louis, MO",Fashion accessories,22,5/23/22,Cash,6
9821,WALM069,18-24,Male,"Portland, OR",Home and lifestyle,78,8/24/23,Cash,3
9822,WALM075,18-24,Female,"Cheyenne, WY",Fashion accessories,108,3/18/19,Cash,5
9823,WALM032,55+,Female,"Portland, ME",Home and lifestyle,195,3/4/20,Cash,3
9824,WALM075,18-24,Male,"Las Vegas, NV",Fashion accessories,24,4/24/22,Cash,3
9825,WALM029,25-34,Female,"Boise, ID",Home and lifestyle,54,2/11/23,Cash,7
9826,WALM029,35-44,Female,"Houston, TX",Fashion accessories,174,1/12/20,Cash,5
9827,WALM055,45-54,Female,"Denver, CO",Home and lifestyle,112,2/28/21,Cash,5
9828,WALM086,18-24,Prefer Not to Say,"Boise, ID",Fashion accessories,108,11/21/21,Cash,4
9829,WALM055,45-54,Non-Binary,"Virginia Beach, VA",Home and lifestyle,83,10/10/21,Cash,7
9830,WALM046,25-34,Female,"Cheyenne, WY",Fashion accessories,70,11/24/23,Cash,4
9831,WALM086,45-54,Male,"Seattle, WA",Home and lifestyle,69,4/17/20,Cash,4
9832,WALM065,35-44,Male,"Milwaukee, WI",Fashion accessories,82,12/30/21,Cash,4
9833,WALM025,55+,Non-Binary,"Albuquerque, NM",Home and lifestyle,136,11/8/19,Cash,5
9834,WALM073,35-44,Female,"Orlando, FL",Fashion accessories,63,9/4/22,Cash,5
9835,WALM069,35-44,Prefer Not to Say,"Cheyenne, WY",Home and lifestyle,105,4/4/22,Cash,4
9836,WALM029,45-54,Male,"Honolulu, HI",Fashion accessories,54,9/1/22,Cash,5
9837,WALM058,25-34,Non-Binary,"Sioux Falls, SD",Home and lifestyle,80,1/14/23,Cash,7
9838,WALM035,35-44,Female,"Omaha, NE",Fashion accessories,59,8/9/21,Cash,5
9839,WALM054,25-34,Non-Binary,"Boise, ID",Home and lifestyle,135,7/4/20,Cash,3
9840,WALM030,25-34,Female,"Philadelphia, PA",Fashion accessories,207,5/22/23,Cash,3
9841,WALM082,18-24,Male,"Boston, MA",Home and lifestyle,234,11/11/21,Cash,6
9842,WALM075,25-34,Non-Binary,"Philadelphia, PA",Fashion accessories,148,12/13/23,Cash,7
9843,WALM056,18-24,Female,"Indianapolis, IN",Home and lifestyle,33,1/19/23,Cash,5
9844,WALM056,55+,Male,"Las Vegas, NV",Fashion accessories,68,3/21/21,Cash,7
9845,WALM050,18-24,Male,"Boise, ID",Home and lifestyle,180,1/3/21,Credit card,7
9846,WALM058,45-54,Non-Binary,"Anchorage, AK",Fashion accessories,48,11/30/22,Cash,4
9847,WALM065,35-44,Male,"Jackson, MS",Home and lifestyle,78,10/16/23,Cash,5
9848,WALM035,55+,Female,"Los Angeles, CA",Fashion accessories,33,8/17/19,Cash,4
9849,WALM065,55+,Prefer Not to Say,"Little Rock, AR",Home and lifestyle,114,6/29/20,Cash,5
9850,WALM038,25-34,Non-Binary,"Las Vegas, NV",Fashion accessories,162,2/10/21,Cash,5
9851,WALM009,25-34,Non-Binary,"Omaha, NE",Home and lifestyle,104,12/22/21,Cash,3
9852,WALM056,45-54,Non-Binary,"Virginia Beach, VA",Fashion accessories,75,7/2/19,Cash,5
9853,WALM058,35-44,Non-Binary,"Providence, RI",Home and lifestyle,44,7/17/20,Cash,7
9854,WALM038,45-54,Male,"Phoenix, AZ",Fashion accessories,70,7/17/21,Cash,6
9855,WALM046,35-44,Prefer Not to Say,"Portland, OR",Home and lifestyle,54,5/2/21,Cash,6
9856,WALM046,45-54,Prefer Not to Say,"Chicago, IL",Fashion accessories,81,2/21/20,Cash,5
9857,WALM074,45-54,Prefer Not to Say,"New Orleans, LA",Home and lifestyle,29,12/24/23,Cash,7
9858,WALM029,55+,Male,"New York City, NY",Fashion accessories,18,11/15/23,Cash,7
9859,WALM029,35-44,Female,"Billings, MT",Home and lifestyle,84,3/27/21,Cash,3
9860,WALM069,25-34,Non-Binary,"Sioux Falls, SD",Fashion accessories,219,5/6/20,Cash,4
9861,WALM073,25-34,Prefer Not to Say,"Newark, NJ",Home and lifestyle,93,8/22/22,Cash,4
9862,WALM073,55+,Female,"Denver, CO",Fashion accessories,166,9/7/21,Cash,7
9863,WALM038,25-34,Prefer Not to Say,"New Orleans, LA",Home and lifestyle,63,7/29/21,Cash,3
9864,WALM009,55+,Prefer Not to Say,"Portland, ME",Fashion accessories,75,1/23/20,Cash,5
9865,WALM029,18-24,Non-Binary,"Baltimore, MD",Home and lifestyle,23,9/8/22,Cash,3
9866,WALM074,35-44,Non-Binary,"Detroit, MI",Fashion accessories,216,8/24/23,Cash,3
9867,WALM046,35-44,Prefer Not to Say,"Milwaukee, WI",Home and lifestyle,93,9/19/22,Cash,6
9868,WALM055,18-24,Prefer Not to Say,"Baltimore, MD",Fashion accessories,36,5/20/21,Cash,7
9869,WALM073,25-34,Female,"Boise, ID",Home and lifestyle,57,8/11/21,Cash,7
9870,WALM089,25-34,Female,"Orlando, FL",Fashion accessories,32,2/9/20,Cash,4
9871,WALM025,55+,Non-Binary,"Boston, MA",Home and lifestyle,29,11/21/21,Cash,3
9872,WALM056,45-54,Female,"Houston, TX",Fashion accessories,94,2/5/20,Cash,3
9873,WALM029,25-34,Prefer Not to Say,"Detroit, MI",Home and lifestyle,86,5/23/22,Cash,6
9874,WALM075,45-54,Male,"Houston, TX",Fashion accessories,50,5/10/23,Cash,5
9875,WALM087,35-44,Male,"Honolulu, HI",Home and lifestyle,82,11/12/21,Cash,3
9876,WALM055,35-44,Female,"Baltimore, MD",Fashion accessories,96,10/6/19,Cash,3
9877,WALM025,18-24,Male,"Albuquerque, NM",Home and lifestyle,20,7/28/23,Cash,4
9878,WALM069,35-44,Non-Binary,"Albuquerque, NM",Fashion accessories,35,10/15/23,Cash,6
9879,WALM003,45-54,Non-Binary,"Columbus, OH",Home and lifestyle,29,3/10/23,Cash,4
9880,WALM086,35-44,Female,"Indianapolis, IN",Fashion accessories,56,2/27/21,Cash,5
9881,WALM099,45-54,Female,"Anchorage, AK",Home and lifestyle,90,9/20/19,Cash,4
9882,WALM082,35-44,Male,"Phoenix, AZ",Fashion accessories,73,7/27/19,Cash,5
9883,WALM069,35-44,Non-Binary,"Boise, ID",Home and lifestyle,162,1/1/19,Cash,5
9884,WALM084,35-44,Prefer Not to Say,"Anchorage, AK",Fashion accessories,112,3/19/19,Cash,6
9885,WALM065,35-44,Female,"Sioux Falls, SD",Home and lifestyle,15,5/1/23,Cash,7
9886,WALM025,25-34,Prefer Not to Say,"Orlando, FL",Fashion accessories,134,3/23/19,Cash,3
9887,WALM032,45-54,Non-Binary,"Houston, TX",Home and lifestyle,225,2/1/22,Cash,6
9888,WALM029,55+,Male,"Philadelphia, PA",Fashion accessories,29,4/29/21,Cash,5
9889,WALM065,45-54,Non-Binary,"Oklahoma City, OK",Home and lifestyle,84,5/17/20,Cash,5
9890,WALM038,55+,Prefer Not to Say,"Oklahoma City, OK",Fashion accessories,73,12/15/22,Cash,4
9891,WALM099,55+,Female,"Burlington, VT",Home and lifestyle,94,3/11/22,Cash,5
9892,WALM069,35-44,Prefer Not to Say,"Indianapolis, IN",Fashion accessories,47,1/5/20,Cash,3
9893,WALM029,25-34,Non-Binary,"Chicago, IL",Home and lifestyle,57,3/3/20,Cash,5
9894,WALM073,18-24,Male,"Charleston, WV",Fashion accessories,105,11/30/21,Cash,5
9895,WALM054,45-54,Male,"Portland, ME",Home and lifestyle,252,3/19/22,Cash,4
9896,WALM075,18-24,Female,"New Orleans, LA",Fashion accessories,66,5/17/19,Cash,3
9897,WALM025,18-24,Male,"Minneapolis, MN",Home and lifestyle,70,12/5/22,Cash,3
9898,WALM056,25-34,Prefer Not to Say,"Las Vegas, NV",Fashion accessories,158,9/16/19,Cash,6
9899,WALM032,45-54,Female,"Virginia Beach, VA",Home and lifestyle,124,10/10/22,Cash,4
9900,WALM074,45-54,Male,"Los Angeles, CA",Fashion accessories,78,6/21/21,Cash,6
9901,WALM069,35-44,Male,"Albuquerque, NM",Home and lifestyle,129,5/20/20,Cash,7
9902,WALM082,55+,Prefer Not to Say,"Houston, TX",Fashion accessories,88,6/20/21,Cash,5
9903,WALM030,55+,Male,"Boston, MA",Home and lifestyle,86,12/13/19,Cash,3
9904,WALM038,18-24,Female,"Oklahoma City, OK",Fashion accessories,213,8/7/19,Cash,5
9905,WALM032,18-24,Prefer Not to Say,"Albuquerque, NM",Home and lifestyle,105,8/1/20,Cash,6
9906,WALM035,35-44,Non-Binary,"Cheyenne, WY",Fashion accessories,146,12/15/20,Cash,7
9907,WALM089,25-34,Male,"New York City, NY",Home and lifestyle,189,2/5/21,Cash,3
9908,WALM038,55+,Non-Binary,"Denver, CO",Fashion accessories,78,2/14/19,Cash,4
9909,WALM099,55+,Male,"Birmingham, AL",Home and lifestyle,164,8/15/21,Cash,3
9910,WALM089,55+,Male,"Houston, TX",Fashion accessories,93,6/6/21,Cash,4
9911,WALM029,25-34,Male,"Salt Lake City, UT",Home and lifestyle,44,10/26/23,Cash,6
9912,WALM054,25-34,Prefer Not to Say,"Salt Lake City, UT",Fashion accessories,54,11/16/23,Cash,4
9913,WALM082,18-24,Male,"New York City, NY",Home and lifestyle,94,10/3/19,Cash,7
9914,WALM058,25-34,Non-Binary,"Los Angeles, CA",Fashion accessories,29,3/17/20,Cash,7
9915,WALM056,55+,Female,"Portland, ME",Home and lifestyle,156,1/2/20,Cash,6
9916,WALM035,25-34,Male,"Minneapolis, MN",Fashion accessories,56,7/4/21,Cash,3
9917,WALM009,55+,Male,"Atlanta, GA",Home and lifestyle,111,11/8/19,Cash,5
9918,WALM075,25-34,Female,"Cheyenne, WY",Fashion accessories,99,7/12/23,Cash,3
9919,WALM082,35-44,Female,"Charleston, WV",Home and lifestyle,75,3/2/20,Cash,7
9920,WALM089,55+,Female,"Charleston, WV",Fashion accessories,249,7/18/20,Cash,3
9921,WALM032,55+,Male,"Omaha, NE",Home and lifestyle,28,7/6/23,Cash,4
9922,WALM003,45-54,Male,"Anchorage, AK",Fashion accessories,53,7/28/23,Cash,5
9923,WALM065,18-24,Male,"Wichita, KS",Home and lifestyle,135,1/25/23,Cash,6
9924,WALM074,18-24,Female,"Hartford, CT",Fashion accessories,120,9/29/23,Cash,5
9925,WALM046,25-34,Female,"Indianapolis, IN",Home and lifestyle,17,12/30/22,Cash,4
9926,WALM087,55+,Male,"Louisville, KY",Fashion accessories,53,6/20/19,Cash,7
9927,WALM089,55+,Prefer Not to Say,"Seattle, WA",Home and lifestyle,50,3/23/23,Cash,7
9928,WALM025,45-54,Male,"Salt Lake City, UT",Fashion accessories,76,1/5/22,Cash,4
9929,WALM029,35-44,Male,"Newark, NJ",Home and lifestyle,102,4/6/20,Cash,6
9930,WALM046,25-34,Non-Binary,"Detroit, MI",Fashion accessories,148,10/2/19,Cash,7
9931,WALM032,25-34,Female,"Billings, MT",Home and lifestyle,87,8/5/19,Cash,3
9932,WALM030,55+,Female,"Columbus, OH",Fashion accessories,72,10/29/21,Cash,4
9933,WALM084,25-34,Male,"Sioux Falls, SD",Home and lifestyle,198,6/3/19,Cash,3
9934,WALM082,25-34,Male,"Providence, RI",Fashion accessories,140,5/16/22,Cash,3
9935,WALM069,25-34,Non-Binary,"Portland, ME",Home and lifestyle,46,9/19/23,Cash,7
9936,WALM073,45-54,Female,"Columbus, OH",Fashion accessories,51,5/12/23,Cash,7
9937,WALM074,18-24,Male,"Baltimore, MD",Home and lifestyle,150,8/25/21,Cash,4
9938,WALM086,55+,Non-Binary,"Fargo, ND",Fashion accessories,123,6/17/19,Cash,3
9939,WALM029,55+,Female,"Jackson, MS",Home and lifestyle,84,4/5/22,Cash,5
9940,WALM050,18-24,Non-Binary,"Boise, ID",Fashion accessories,22,7/19/23,Credit card,5
9941,WALM075,25-34,Male,"Charleston, WV",Home and lifestyle,57,6/14/21,Cash,7
9942,WALM009,35-44,Non-Binary,"Little Rock, AR",Fashion accessories,144,11/1/21,Cash,3
9943,WALM030,25-34,Male,"Anchorage, AK",Home and lifestyle,48,6/9/22,Cash,5
9944,WALM082,55+,Non-Binary,"Las Vegas, NV",Fashion accessories,134,10/15/19,Cash,3
9945,WALM009,45-54,Prefer Not to Say,"Columbus, OH",Home and lifestyle,102,4/18/23,Cash,3
9946,WALM075,35-44,Female,"Birmingham, AL",Fashion accessories,47,9/22/20,Cash,6
9947,WALM054,18-24,Prefer Not to Say,"Manchester, NH",Home and lifestyle,104,7/25/19,Cash,5
9948,WALM087,25-34,Male,"Los Angeles, CA",Fashion accessories,63,12/31/19,Cash,7
9949,WALM069,45-54,Male,"Charleston, SC",Home and lifestyle,74,7/4/20,Cash,6
9950,WALM038,25-34,Female,"Wichita, KS",Fashion accessories,17,9/3/21,Cash,3
9951,WALM082,25-34,Female,"Phoenix, AZ",Home and lifestyle,116,12/5/20,Cash,6
9952,WALM035,18-24,Female,"Boston, MA",Fashion accessories,228,11/28/23,Cash,6
9953,WALM084,45-54,Non-Binary,"Baltimore, MD",Home and lifestyle,204,1/11/19,Cash,5
9954,WALM046,35-44,Non-Binary,"Philadelphia, PA",Fashion accessories,40,5/8/21,Cash,6
9955,WALM054,45-54,Prefer Not to Say,"Los Angeles, CA",Home and lifestyle,183,10/16/19,Cash,3
9956,WALM003,18-24,Prefer Not to Say,"Omaha, NE",Fashion accessories,51,9/14/22,Cash,4
9957,WALM029,55+,Prefer Not to Say,"Little Rock, AR",Home and lifestyle,53,2/12/22,Cash,4
9958,WALM084,18-24,Female,"Sioux Falls, SD",Fashion accessories,70,3/7/23,Cash,7
9959,WALM065,45-54,Male,"Fargo, ND",Home and lifestyle,36,11/28/20,Cash,4
9960,WALM054,18-24,Non-Binary,"Burlington, VT",Fashion accessories,42,4/4/22,Cash,3
9961,WALM046,35-44,Male,"Seattle, WA",Home and lifestyle,210,6/6/19,Cash,3
9962,WALM035,25-34,Female,"Des Moines, IA",Fashion accessories,106,2/26/20,Cash,7
9963,WALM038,45-54,Female,"Burlington, VT",Home and lifestyle,140,3/13/20,Cash,6
9964,WALM025,45-54,Male,"Providence, RI",Fashion accessories,180,1/12/23,Cash,7
9965,WALM035,45-54,Female,"Baltimore, MD",Home and lifestyle,68,11/29/20,Cash,6
9966,WALM035,55+,Non-Binary,"Providence, RI",Fashion accessories,23,3/7/23,Cash,5
9967,WALM073,45-54,Prefer Not to Say,"Portland, ME",Home and lifestyle,152,11/19/23,Cash,3
9968,WALM025,18-24,Male,"New York City, NY",Fashion accessories,85,8/2/21,Cash,3
9969,WALM058,55+,Non-Binary,"Columbus, OH",Home and lifestyle,126,10/31/21,Cash,3
9970,WALM046,45-54,Prefer Not to Say,"Portland, OR",Fashion accessories,52,9/17/22,Cash,7
9971,WALM099,55+,Female,"Hartford, CT",Home and lifestyle,83,5/25/21,Cash,6
9972,WALM009,25-34,Female,"Portland, ME",Fashion accessories,24,9/18/19,Cash,7
9973,WALM065,25-34,Prefer Not to Say,"Cheyenne, WY",Home and lifestyle,159,11/7/19,Cash,6
9974,WALM065,55+,Male,"Sioux Falls, SD",Fashion accessories,52,3/10/21,Cash,7
9975,WALM074,45-54,Male,"Omaha, NE",Home and lifestyle,72,5/17/23,Cash,4
9976,WALM056,25-34,Prefer Not to Say,"Louisville, KY",Fashion accessories,71,8/14/19,Cash,7
9977,WALM029,55+,Female,"Boise, ID",Home and lifestyle,165,1/30/22,Cash,4
9978,WALM099,25-34,Prefer Not to Say,"Honolulu, HI",Fashion accessories,140,9/26/20,Cash,4
9979,WALM030,25-34,Non-Binary,"Sioux Falls, SD",Home and lifestyle,52,9/27/20,Cash,3
9980,WALM099,25-34,Prefer Not to Say,"Orlando, FL",Fashion accessories,92,4/20/21,Cash,5
9981,WALM055,18-24,Non-Binary,"Phoenix, AZ",Home and lifestyle,85,2/2/22,Cash,5
9982,WALM050,55+,Male,"Charleston, WV",Fashion accessories,41,3/19/21,Credit card,7
9983,WALM038,55+,Non-Binary,"Nashville, TN",Home and lifestyle,84,4/4/23,Cash,5
9984,WALM046,45-54,Prefer Not to Say,"Los Angeles, CA",Fashion accessories,162,11/2/22,Cash,4
9985,WALM065,18-24,Female,"Boston, MA",Home and lifestyle,118,7/10/19,Cash,6
9986,WALM050,18-24,Non-Binary,"Wichita, KS",Fashion accessories,88,1/28/19,Credit card,5
9987,WALM084,55+,Female,"Des Moines, IA",Home and lifestyle,54,11/4/21,Cash,7
9988,WALM056,18-24,Non-Binary,"Cheyenne, WY",Fashion accessories,46,8/19/23,Cash,4
9989,WALM056,35-44,Non-Binary,"Oklahoma City, OK",Home and lifestyle,83,9/26/22,Cash,3
9990,WALM086,35-44,Female,"Philadelphia, PA",Fashion accessories,112,10/29/19,Cash,3
9991,WALM074,25-34,Non-Binary,"Baltimore, MD",Home and lifestyle,105,4/2/22,Cash,5
9992,WALM087,45-54,Non-Binary,"Cheyenne, WY",Fashion accessories,144,3/23/20,Cash,6
9993,WALM073,18-24,Male,"Charlotte, NC",Home and lifestyle,62,10/18/23,Cash,5
9994,WALM055,18-24,Male,"Columbus, OH",Fashion accessories,34,12/9/23,Cash,6
9995,WALM030,35-44,Male,"Charleston, SC",Home and lifestyle,62,1/22/19,Cash,3
9996,WALM056,25-34,Non-Binary,"Houston, TX",Fashion accessories,111,9/27/22,Cash,3
9997,WALM030,35-44,Prefer Not to Say,"Omaha, NE",Home and lifestyle,116,2/27/20,Cash,7
9998,WALM050,45-54,Non-Binary,"Virginia Beach, VA",Fashion accessories,156,11/14/19,Credit card,4
9999,WALM032,45-54,Female,"New Orleans, LA",Home and lifestyle,158,10/15/21,Cash,7
10000,WALM069,55+,Male,"New York City, NY",Fashion accessories,186,3/25/19,Cash,3
9950,WALM038,45-54,Non-Binary,"St. Louis, MO",Fashion accessories,17,5/1/20,Cash,3
9951,WALM082,35-44,Non-Binary,"Louisville, KY",Home and lifestyle,116,8/14/19,Cash,6
9952,WALM035,35-44,Non-Binary,"New Orleans, LA",Fashion accessories,228,8/11/21,Cash,6
9953,WALM084,45-54,Male,"Burlington, VT",Home and lifestyle,204,12/14/22,Cash,5
9954,WALM046,25-34,Prefer Not to Say,"Birmingham, AL",Fashion accessories,40,5/2/21,Cash,6
9955,WALM054,25-34,Non-Binary,"Portland, OR",Home and lifestyle,183,8/18/19,Cash,3
9956,WALM003,45-54,Female,"Charlotte, NC",Fashion accessories,51,9/29/21,Cash,4
9957,WALM029,55+,Non-Binary,"Portland, ME",Home and lifestyle,53,7/18/22,Cash,4
9958,WALM084,35-44,Female,"Newark, NJ",Fashion accessories,70,11/4/22,Cash,7
9959,WALM065,55+,Prefer Not to Say,"Milwaukee, WI",Home and lifestyle,36,8/25/20,Cash,4
9960,WALM054,55+,Prefer Not to Say,"Wichita, KS",Fashion accessories,42,8/11/21,Cash,3
9961,WALM046,35-44,Non-Binary,"Portland, ME",Home and lifestyle,210,1/15/23,Cash,3
9962,WALM035,18-24,Prefer Not to Say,"Phoenix, AZ",Fashion accessories,106,8/3/21,Cash,7
9963,WALM038,35-44,Prefer Not to Say,"Manchester, NH",Home and lifestyle,140,9/8/22,Cash,6
9964,WALM025,25-34,Prefer Not to Say,"Charleston, SC",Fashion accessories,180,8/30/21,Cash,7
9965,WALM035,55+,Male,"Nashville, TN",Home and lifestyle,68,11/2/22,Cash,6
9966,WALM035,18-24,Female,"Manchester, NH",Fashion accessories,23,1/28/19,Cash,5
9967,WALM073,45-54,Male,"Indianapolis, IN",Home and lifestyle,152,7/12/20,Cash,3
9968,WALM025,45-54,Female,"Louisville, KY",Fashion accessories,85,10/18/22,Cash,3
9969,WALM058,55+,Prefer Not to Say,"Houston, TX",Home and lifestyle,126,7/15/21,Cash,3
9970,WALM046,25-34,Non-Binary,"Salt Lake City, UT",Fashion accessories,52,12/12/22,Cash,7
9971,WALM099,55+,Non-Binary,"Los Angeles, CA",Home and lifestyle,83,6/20/22,Cash,6
9972,WALM009,55+,Male,"Charleston, SC",Fashion accessories,24,10/11/19,Cash,7
9973,WALM065,18-24,Female,"Charleston, WV",Home and lifestyle,159,5/19/19,Cash,6
9974,WALM065,55+,Prefer Not to Say,"Salt Lake City, UT",Fashion accessories,52,5/11/23,Cash,7
9975,WALM074,18-24,Prefer Not to Say,"Minneapolis, MN",Home and lifestyle,72,1/27/21,Cash,4
9976,WALM056,25-34,Female,"Indianapolis, IN",Fashion accessories,71,11/1/21,Cash,7
9977,WALM029,18-24,Male,"Phoenix, AZ",Home and lifestyle,165,6/7/21,Cash,4
9978,WALM099,18-24,Female,"Philadelphia, PA",Fashion accessories,140,3/31/21,Cash,4
9979,WALM030,18-24,Prefer Not to Say,"Louisville, KY",Home and lifestyle,52,9/25/21,Cash,3
9980,WALM099,25-34,Non-Binary,"Newark, NJ",Fashion accessories,92,2/2/19,Cash,5
9981,WALM055,35-44,Non-Binary,"New York City, NY",Home and lifestyle,85,5/31/20,Cash,5
9982,WALM050,35-44,Male,"Wichita, KS",Fashion accessories,41,12/25/23,Credit card,7
9983,WALM038,18-24,Non-Binary,"Sioux Falls, SD",Home and lifestyle,84,9/10/19,Cash,5
9984,WALM046,25-34,Female,"Little Rock, AR",Fashion accessories,162,12/21/23,Cash,4
9985,WALM065,45-54,Prefer Not to Say,"Cheyenne, WY",Home and lifestyle,118,9/10/19,Cash,6
9986,WALM050,45-54,Non-Binary,"Newark, NJ",Fashion accessories,88,4/13/22,Credit card,5
9987,WALM084,25-34,Non-Binary,"Jackson, MS",Home and lifestyle,54,11/5/20,Cash,7
9988,WALM056,55+,Female,"Salt Lake City, UT",Fashion accessories,46,2/9/21,Cash,4
9989,WALM056,25-34,Female,"Cheyenne, WY",Home and lifestyle,83,8/19/23,Cash,3
9990,WALM086,35-44,Non-Binary,"Billings, MT",Fashion accessories,112,1/6/22,Cash,3
9991,WALM074,18-24,Female,"Honolulu, HI",Home and lifestyle,105,6/14/23,Cash,5
9992,WALM087,18-24,Male,"Charleston, WV",Fashion accessories,144,9/1/19,Cash,6
9993,WALM073,35-44,Non-Binary,"Jackson, MS",Home and lifestyle,62,6/22/23,Cash,5
9994,WALM055,55+,Prefer Not to Say,"Louisville, KY",Fashion accessories,34,9/5/20,Cash,6
9995,WALM030,25-34,Female,"Des Moines, IA",Home and lifestyle,62,9/20/19,Cash,3
9996,WALM056,35-44,Female,"Honolulu, HI",Fashion accessories,111,6/22/22,Cash,3
9997,WALM030,55+,Non-Binary,"Nashville, TN",Home and lifestyle,116,12/25/21,Cash,7
9998,WALM050,35-44,Non-Binary,"New York City, NY",Fashion accessories,156,9/29/19,Credit card,4
9999,WALM032,55+,Non-Binary,"Denver, CO",Home and lifestyle,158,4/5/22,Cash,7
10000,WALM069,25-34,Non-Binary,"New York City, NY",Fashion accessories,186,5/6/20,Cash,3